CREATE DATABASE  IF NOT EXISTS `3309` /*!40100 DEFAULT CHARACTER SET utf8mb4 COLLATE utf8mb4_0900_ai_ci */ /*!80016 DEFAULT ENCRYPTION='N' */;
USE `3309`;
-- MySQL dump 10.13  Distrib 8.0.40, for Win64 (x86_64)
--
-- Host: localhost    Database: 3309
-- ------------------------------------------------------
-- Server version	8.0.40

/*!40101 SET @OLD_CHARACTER_SET_CLIENT=@@CHARACTER_SET_CLIENT */;
/*!40101 SET @OLD_CHARACTER_SET_RESULTS=@@CHARACTER_SET_RESULTS */;
/*!40101 SET @OLD_COLLATION_CONNECTION=@@COLLATION_CONNECTION */;
/*!50503 SET NAMES utf8 */;
/*!40103 SET @OLD_TIME_ZONE=@@TIME_ZONE */;
/*!40103 SET TIME_ZONE='+00:00' */;
/*!40014 SET @OLD_UNIQUE_CHECKS=@@UNIQUE_CHECKS, UNIQUE_CHECKS=0 */;
/*!40014 SET @OLD_FOREIGN_KEY_CHECKS=@@FOREIGN_KEY_CHECKS, FOREIGN_KEY_CHECKS=0 */;
/*!40101 SET @OLD_SQL_MODE=@@SQL_MODE, SQL_MODE='NO_AUTO_VALUE_ON_ZERO' */;
/*!40111 SET @OLD_SQL_NOTES=@@SQL_NOTES, SQL_NOTES=0 */;

--
-- Table structure for table `adminstaff`
--

DROP TABLE IF EXISTS `adminstaff`;
/*!40101 SET @saved_cs_client     = @@character_set_client */;
/*!50503 SET character_set_client = utf8mb4 */;
CREATE TABLE `adminstaff` (
  `staffEmail` varchar(255) NOT NULL,
  `fullName` varchar(255) NOT NULL,
  `dateOfHire` date NOT NULL,
  `dateOfBirth` date NOT NULL,
  `phoneNumber` varchar(10) NOT NULL,
  `stationLocation` varchar(255) NOT NULL,
  `employeeRole` varchar(255) DEFAULT NULL,
  PRIMARY KEY (`staffEmail`),
  KEY `stationLocation` (`stationLocation`),
  CONSTRAINT `adminstaff_ibfk_1` FOREIGN KEY (`stationLocation`) REFERENCES `policestation` (`location`) ON DELETE CASCADE ON UPDATE CASCADE
) ENGINE=InnoDB DEFAULT CHARSET=utf8mb4 COLLATE=utf8mb4_0900_ai_ci;
/*!40101 SET character_set_client = @saved_cs_client */;

--
-- Dumping data for table `adminstaff`
--

LOCK TABLES `adminstaff` WRITE;
/*!40000 ALTER TABLE `adminstaff` DISABLE KEYS */;
INSERT INTO `adminstaff` VALUES ('abowman@example.com','Kelly Moore','2023-07-03','1965-03-27','(481)975-3','Morrisonfurt','Assistant'),('achapman@example.net','Charles White','2020-04-18','1984-12-26','(326)578-7','North Jenniferstad','Coordinator'),('ahartman@example.org','David Bauer','2020-10-11','1965-08-05','911-358-73','Colemanview','Manager'),('alowery@example.org','Anna Velasquez','2022-02-06','1967-06-14','404-305-46','Colemanview','Manager'),('amanda09@example.net','Michelle Harris','2022-02-12','1986-11-12','879-245-24','Morrisonfurt','Manager'),('angelahayes@example.net','Joseph Campos','2022-09-11','1990-05-13','791.828.92','Felicialand','Assistant'),('anna89@example.org','Cassandra Baxter','2021-02-23','1963-12-11','+1-721-259','East Jenniferburgh','Assistant'),('aprilholmes@example.org','Clifford Coffey','2020-06-25','2002-04-15','001-637-53','Morrisonfurt','Manager'),('aprilhudson@example.net','Michael Johns','2023-08-10','1994-02-01','600.869.41','Morrisonfurt','Manager'),('arnolddawn@example.net','Diana Ortega','2023-11-21','1971-03-11','959.848.12','North Jenniferstad','Assistant'),('asaunders@example.net','Allison Griffith','2024-01-10','1980-12-18','668-401-63','East Jenniferburgh','Coordinator'),('ashley93@example.org','Ashley Solis','2024-09-29','1971-10-08','495.228.98','Colemanview','Coordinator'),('ashleywhite@example.net','Jamie Tran','2023-03-24','1984-12-15','(540)837-4','Corybury','Coordinator'),('ataylor@example.com','Felicia Hensley','2024-09-13','1999-01-03','(460)386-5','North Jenniferstad','Assistant'),('barbaramorgan@example.net','Dalton Taylor','2020-10-05','1982-08-26','849.335.46','South Richardville','Manager'),('barberclinton@example.org','John Perkins','2022-11-01','1964-06-30','643-724-47','Felicialand','Coordinator'),('bhuang@example.com','Erik Lopez','2021-05-11','1998-01-25','226-848-19','Colemanview','Coordinator'),('brandy88@example.org','Jeffrey Clark','2020-06-27','1993-08-05','(432)671-2','Veronicahaven','Manager'),('brenda76@example.com','James Taylor','2021-08-22','1998-10-04','(546)790-0','North Jenniferstad','Manager'),('brianroberts@example.com','Terry Adkins','2024-11-14','1979-01-27','728.441.30','South Richardville','Manager'),('brownrandall@example.org','Alexis Cooke','2024-03-21','1999-03-27','+1-575-842','Corybury','Coordinator'),('camposcarol@example.org','Jessica Reed','2024-07-21','1969-10-04','001-539-20','Jacquelineborough','Assistant'),('carterbrian@example.org','Benjamin Taylor','2022-06-30','1983-11-16','+1-859-798','Veronicahaven','Assistant'),('casey10@example.net','Marvin Miller','2021-05-03','1989-07-25','001-653-35','North Jenniferstad','Manager'),('cbuchanan@example.net','Sheena Castro','2023-04-10','1990-10-09','7486274878','Morrisonfurt','Manager'),('charles09@example.org','Robert Smith','2020-03-28','1976-04-23','958-843-47','Veronicahaven','Assistant'),('christopher50@example.net','Taylor Palmer','2022-09-07','1989-10-24','2283370972','East Jenniferburgh','Assistant'),('christopherwelch@example.com','Lisa Ray','2020-05-17','1997-07-31','+1-592-934','North Jenniferstad','Assistant'),('cody43@example.org','Charles Swanson','2020-05-26','1973-11-06','001-785-54','Felicialand','Assistant'),('codywhite@example.com','Courtney Houston','2023-03-10','1992-03-01','(634)742-6','Corybury','Coordinator'),('combsamy@example.com','Jared Walters','2021-05-11','1995-05-22','273.310.60','Veronicahaven','Assistant'),('coreysanford@example.org','Mark Spears','2021-12-29','1987-03-11','429.967.95','East Jenniferburgh','Assistant'),('cstanton@example.com','Michael Freeman','2023-08-27','1995-04-26','614-756-97','South Richardville','Assistant'),('dana72@example.com','Lisa Davis','2021-06-21','1987-03-16','557.436.22','Morrisonfurt','Coordinator'),('daniel44@example.com','Sarah Moreno','2024-09-22','1993-05-19','317-814-32','Felicialand','Manager'),('daniel54@example.org','Brenda Aguilar','2021-05-31','1979-12-27','6963179371','Felicialand','Manager'),('daniellegarcia@example.com','Ashley Anderson','2021-12-04','1998-05-11','410.237.96','South Richardville','Coordinator'),('davisrandy@example.net','Jennifer Johnson','2023-09-03','1994-09-16','(845)440-9','Colemanview','Manager'),('davisrhonda@example.net','Jesse Greene','2021-09-20','1965-09-22','(369)611-7','Felicialand','Assistant'),('davisthomas@example.com','Isabella Brandt','2024-09-29','1974-03-14','(919)484-9','Felicialand','Coordinator'),('denisebeasley@example.org','Pamela Charles','2023-07-29','1968-04-16','207.312.49','Felicialand','Coordinator'),('desiree95@example.net','Glenn Krueger','2020-03-27','1999-04-26','776-637-76','Morrisonfurt','Manager'),('dixonnicole@example.net','Alejandro Bryan','2020-01-24','1985-01-21','263.585.93','Veronicahaven','Assistant'),('dlane@example.net','Richard Mccormick','2021-12-14','1994-07-07','+1-273-232','East Jenniferburgh','Coordinator'),('dominique04@example.net','Kevin Hawkins','2023-11-02','1998-09-04','8889120327','South Nicholashaven','Coordinator'),('douglasashley@example.net','Shannon Silva','2024-02-14','1966-07-08','664.840.79','Felicialand','Coordinator'),('douglaslopez@example.net','Carlos Griffin','2021-03-11','1984-05-16','885.256.23','East Jenniferburgh','Manager'),('duranluis@example.com','Kelly Merritt','2022-08-16','1973-08-09','(511)333-5','East Jenniferburgh','Assistant'),('dwaynedickerson@example.com','Sarah Burnett','2021-03-07','1975-04-02','896.383.11','Veronicahaven','Assistant'),('ehunt@example.org','Alan Hill','2021-04-30','1990-05-23','913-880-89','Corybury','Assistant'),('emily38@example.org','Brandon Kim','2023-02-21','1969-01-26','(229)954-2','South Nicholashaven','Assistant'),('emily69@example.org','Angela Garcia','2020-12-08','1979-06-20','001-578-97','Veronicahaven','Assistant'),('esmith@example.org','Crystal Freeman','2021-03-13','1973-02-06','966-739-85','Morrisonfurt','Manager'),('estesbelinda@example.org','Emily Anderson','2023-11-22','1987-09-25','284.388.75','Colemanview','Manager'),('farmstrong@example.com','Denise Mullins','2020-01-25','1997-01-09','3402717774','Veronicahaven','Coordinator'),('foxkristi@example.com','Bradley Young','2022-02-10','1968-04-06','847-736-97','Veronicahaven','Assistant'),('galvanryan@example.org','Jeremy Howard','2021-08-12','1982-10-15','+1-347-530','Felicialand','Coordinator'),('gamblekayla@example.com','Sandra Brown','2022-07-19','1998-06-03','743.964.13','Veronicahaven','Assistant'),('gary36@example.com','Harry Mcbride','2022-12-09','2000-09-15','591.734.28','South Richardville','Manager'),('gilbertwilliams@example.net','James Kirk DDS','2024-02-15','1996-11-15','365-266-07','Corybury','Coordinator'),('gomezdavid@example.net','Wesley Nguyen','2024-08-05','1967-03-01','862-817-88','Corybury','Coordinator'),('greenrebecca@example.org','Vanessa Burton','2024-05-23','1999-06-25','2047604316','South Nicholashaven','Manager'),('griffinmelissa@example.net','Tiffany Duran','2020-03-29','1997-10-30','483-737-68','South Richardville','Manager'),('heidi31@example.net','Veronica Brown','2021-09-15','1981-08-05','+1-700-201','East Jenniferburgh','Manager'),('hendricksjessica@example.net','Stephanie Gonzalez','2022-11-11','1969-02-04','+1-795-947','Corybury','Assistant'),('hmay@example.com','Cheyenne Evans','2023-09-30','1968-03-26','+1-270-955','East Jenniferburgh','Manager'),('hodgemakayla@example.net','Charles Caldwell DVM','2021-09-10','1978-10-06','001-800-74','Felicialand','Assistant'),('huntjoseph@example.com','Kimberly Stone','2020-05-25','1990-06-02','(463)971-4','Corybury','Manager'),('igonzales@example.org','Bernard Shah','2021-11-03','1978-01-27','+1-376-667','South Nicholashaven','Coordinator'),('ihughes@example.net','Yolanda Blankenship','2020-12-03','1972-02-13','573.876.71','South Nicholashaven','Coordinator'),('jacobsmith@example.org','Hannah Livingston','2021-08-29','1993-10-17','001-485-58','Jacquelineborough','Assistant'),('jamesrachel@example.org','Jason Lara','2023-09-12','1984-09-24','+1-721-424','Corybury','Manager'),('jason39@example.org','Matthew Carey','2021-04-14','1991-04-14','2604228848','North Jenniferstad','Assistant'),('jason81@example.net','Robert Guerrero','2021-08-05','1986-10-30','382.597.53','East Jenniferburgh','Manager'),('jeanette46@example.org','Anthony Hart','2021-04-24','1980-06-18','842.306.20','Felicialand','Manager'),('jenkinsmichael@example.com','Andrea Moses','2023-02-09','1994-07-30','(725)939-6','Felicialand','Manager'),('jennifer73@example.org','Logan Moore','2021-08-25','2000-06-16','(446)425-9','Morrisonfurt','Coordinator'),('jenny12@example.net','Nathan Sanders','2021-05-02','1977-12-25','601-486-34','East Jenniferburgh','Assistant'),('jessica13@example.org','Chelsey Marshall','2023-10-11','1973-04-12','765.354.27','Corybury','Assistant'),('jessicaforbes@example.net','John Johnson','2022-01-14','1979-06-09','839.659.72','South Richardville','Coordinator'),('jillgross@example.net','Ashley Stevens','2023-03-22','1989-01-29','612.421.84','Morrisonfurt','Manager'),('jmooney@example.net','Tara Clark','2024-07-03','1995-06-13','+1-371-654','Felicialand','Manager'),('john57@example.net','Taylor Bennett','2020-05-22','1987-11-24','001-344-34','South Richardville','Assistant'),('jonathanrodriguez@example.org','Tyler Carpenter','2022-10-05','1999-02-25','407-704-43','East Jenniferburgh','Coordinator'),('jonesveronica@example.com','Cindy Armstrong','2023-04-03','1993-07-02','(784)512-7','South Richardville','Coordinator'),('josephmayo@example.net','Phillip Hicks','2023-12-04','1975-06-12','694.632.92','South Richardville','Coordinator'),('joycejohn@example.org','William Wallace','2020-07-03','1976-08-29','+1-643-530','South Richardville','Coordinator'),('kaitlyn25@example.net','Kristine Hill','2021-04-12','1981-09-17','877-585-34','South Nicholashaven','Assistant'),('katelyn16@example.org','Joanna Daniel','2021-05-10','1988-03-30','001-994-29','Morrisonfurt','Assistant'),('kathleen86@example.net','Kelsey Maynard','2022-04-19','2000-07-25','421.714.78','North Jenniferstad','Coordinator'),('kathryn98@example.net','Steven Pham','2024-04-20','1997-03-08','+1-735-630','South Nicholashaven','Manager'),('kcopeland@example.net','Katherine Smith','2022-08-14','2002-06-20','+1-816-928','Jacquelineborough','Manager'),('kellerjon@example.net','Stephen Mcneil','2021-05-03','1969-01-01','+1-703-963','Veronicahaven','Coordinator'),('kennethkelly@example.org','Tammy King','2021-02-05','1979-12-19','324-226-55','Jacquelineborough','Manager'),('kimberly45@example.net','Alisha Farrell','2024-01-25','1968-12-20','(884)393-9','South Nicholashaven','Coordinator'),('kingdavid@example.org','Jamie Klein','2023-01-31','1965-09-06','+1-567-295','Colemanview','Coordinator'),('kmolina@example.com','David Flores','2024-06-25','1969-07-21','001-843-46','North Jenniferstad','Coordinator'),('kristi19@example.com','Jordan Howell','2023-08-18','1975-03-31','001-559-81','Corybury','Manager'),('larryaguilar@example.com','Ms. Ashley Davis','2020-09-28','1967-12-12','419.599.83','Veronicahaven','Assistant'),('lauraturner@example.org','Cindy Rogers','2020-06-01','1988-07-21','494.602.55','Corybury','Assistant'),('ldavis@example.net','Brenda Sullivan','2023-10-15','1985-12-07','811-956-00','Veronicahaven','Assistant'),('leslielewis@example.net','James Olson','2023-12-10','2002-10-08','971-633-27','Morrisonfurt','Manager'),('lhays@example.org','Tony Hamilton','2021-10-05','2000-01-19','220-552-10','Veronicahaven','Assistant'),('linashley@example.net','Anne Carter','2021-02-09','1964-08-12','423-573-09','North Jenniferstad','Manager'),('ljohnson@example.org','Ian Pineda','2021-05-09','1968-05-20','001-785-77','South Richardville','Manager'),('lori74@example.net','James Todd','2020-11-26','1986-12-09','(916)893-8','North Jenniferstad','Assistant'),('loricox@example.org','Lindsey Ramirez','2021-12-07','1963-12-06','987-866-78','Jacquelineborough','Assistant'),('makayla73@example.net','Darlene Jackson','2020-09-04','1986-03-05','001-797-66','Corybury','Assistant'),('manuelmcintosh@example.com','Ashley Lowe','2024-05-30','2000-07-26','723-409-54','Veronicahaven','Coordinator'),('marissa96@example.com','Stacy Gonzalez','2020-06-24','1990-07-12','(434)828-8','East Jenniferburgh','Manager'),('mark61@example.com','Stephen Harris','2023-12-26','1996-02-16','302-505-48','South Nicholashaven','Coordinator'),('mary78@example.net','Patricia Miller','2022-11-05','1999-07-07','415-716-45','Corybury','Manager'),('maryrobinson@example.org','Keith Stevens','2023-11-06','1994-05-22','845.664.42','Veronicahaven','Manager'),('maryrusso@example.com','Christian Pope','2020-07-15','1973-12-08','860-622-48','Morrisonfurt','Manager'),('matthewhopkins@example.net','Jennifer Chavez','2023-01-23','1993-11-21','001-623-99','Morrisonfurt','Manager'),('matthewsjose@example.org','Thomas Moreno','2023-06-30','1979-06-14','+1-477-879','Felicialand','Coordinator'),('mblack@example.net','Alex Curry','2021-01-21','1979-10-02','(780)522-3','Felicialand','Manager'),('mbray@example.net','Marissa Valenzuela','2024-06-20','1976-02-06','593-668-13','North Jenniferstad','Manager'),('mcdanieljohn@example.org','Eric Smith','2020-03-11','1981-11-08','972-604-53','Morrisonfurt','Manager'),('mheath@example.org','Crystal Mcknight','2021-11-25','1990-02-08','775-476-73','Colemanview','Coordinator'),('michelle91@example.net','Alicia Robertson','2022-07-18','1975-07-13','001-459-71','Veronicahaven','Assistant'),('michellecox@example.com','Jacqueline Atkinson','2021-11-03','1970-05-28','5009707192','North Jenniferstad','Assistant'),('michellehall@example.net','Chloe Young','2022-08-11','1968-11-26','001-719-21','North Jenniferstad','Assistant'),('millerchristopher@example.net','Sheri Hill','2022-09-15','1986-09-19','001-815-77','Jacquelineborough','Assistant'),('millerelizabeth@example.net','Meghan Frank','2022-02-01','1975-06-23','4985834145','Colemanview','Coordinator'),('millermichael@example.net','Jennifer Gardner','2021-11-20','1994-04-22','001-828-67','North Jenniferstad','Coordinator'),('millerrichard@example.org','Cassandra Lawrence','2021-03-15','1997-10-10','(226)506-7','South Richardville','Manager'),('mitchellelizabeth@example.com','Jesse Hooper','2023-08-14','1964-12-06','+1-442-505','South Richardville','Manager'),('moorecynthia@example.com','Sarah Graham','2021-09-11','1985-01-27','001-350-98','North Jenniferstad','Assistant'),('moorestephanie@example.net','Kelly Hudson','2023-12-28','1985-06-07','(324)435-2','Felicialand','Coordinator'),('morajack@example.net','Kyle Hamilton','2023-08-19','1997-10-19','(886)961-9','Colemanview','Manager'),('morrisonchristopher@example.com','Joseph Weber','2020-01-06','1997-02-09','+1-820-286','Felicialand','Assistant'),('muellertina@example.org','Ryan Pierce','2024-06-16','1992-12-10','+1-710-860','Veronicahaven','Coordinator'),('natalie55@example.net','Travis Leach','2023-06-27','1963-11-25','4819538594','Veronicahaven','Assistant'),('natalieruiz@example.org','Mrs. Melanie Rodriguez DVM','2020-11-25','1989-11-04','424-268-07','Corybury','Assistant'),('nathan82@example.net','Michael Smith','2020-12-24','1968-12-28','834.643.94','Felicialand','Coordinator'),('nathanvaldez@example.org','Jeffery Snyder','2022-01-19','1980-04-03','(381)848-2','South Richardville','Coordinator'),('nicholas67@example.net','Rebecca Mathews','2022-01-27','1983-03-31','874-457-65','East Jenniferburgh','Manager'),('nicholestanley@example.com','Mrs. Angelica Mcdaniel','2023-11-14','1998-09-06','001-980-81','Felicialand','Coordinator'),('noah37@example.com','Eric Ware','2020-04-30','1994-10-15','394.291.50','North Jenniferstad','Manager'),('nsmith@example.net','Larry Joseph','2021-09-30','1973-11-25','001-816-42','Veronicahaven','Assistant'),('nterry@example.net','Connie Morris','2021-06-03','1984-07-03','001-945-60','Colemanview','Assistant'),('ohurley@example.net','Carlos Hester','2021-07-16','1973-12-31','242-861-78','Veronicahaven','Manager'),('patriciamartinez@example.org','Andrew Evans','2020-05-26','1971-03-20','391.283.56','North Jenniferstad','Assistant'),('patrick68@example.net','David Wright','2022-01-07','1998-08-24','+1-898-210','South Nicholashaven','Coordinator'),('phillip34@example.net','Robin Lin','2024-08-08','1984-12-11','6056209157','South Nicholashaven','Coordinator'),('pmorgan@example.net','Alejandro Howe','2020-05-23','1995-06-15','001-924-20','Felicialand','Coordinator'),('pwilliams@example.com','Christine Mccarthy','2022-04-08','2001-02-28','907-891-63','North Jenniferstad','Coordinator'),('qhenry@example.org','Kimberly Hudson','2024-04-05','1998-10-30','946-956-66','Jacquelineborough','Assistant'),('qjohns@example.com','Jose Perez','2022-01-05','1972-10-11','(360)858-5','South Richardville','Assistant'),('qmitchell@example.org','Julia Yang','2022-06-25','1988-10-09','+1-937-851','Corybury','Coordinator'),('raven12@example.org','Jacqueline Branch','2024-05-01','1988-02-02','442.683.39','Morrisonfurt','Coordinator'),('rebecca96@example.org','Jason Thomas','2020-04-02','1981-05-26','001-664-51','South Nicholashaven','Assistant'),('richardferguson@example.com','Victoria Thompson','2021-03-16','1994-05-24','(831)661-5','Felicialand','Coordinator'),('robbinscarolyn@example.org','James Miller','2024-06-09','1983-10-04','691-501-77','Morrisonfurt','Assistant'),('roberto11@example.net','Rachel Ellison','2021-09-14','1988-08-01','235-474-91','Corybury','Manager'),('rogerskristina@example.net','Valerie Jimenez','2021-07-09','1980-07-26','001-739-34','South Nicholashaven','Manager'),('ronald53@example.com','Gregory Watts','2021-01-12','1976-06-03','666-260-12','North Jenniferstad','Manager'),('ronaldjones@example.org','Pamela Yu','2021-05-19','1969-11-02','+1-988-637','North Jenniferstad','Assistant'),('rpratt@example.com','Justin Davis','2022-07-15','1969-08-09','+1-669-217','Jacquelineborough','Coordinator'),('ryan87@example.org','Nicole Richardson','2024-06-12','1971-12-15','(424)262-4','Corybury','Assistant'),('ryanleah@example.org','Angel Robinson','2024-03-29','1964-07-30','(792)358-0','East Jenniferburgh','Assistant'),('sarah77@example.com','William Green','2021-08-24','2000-01-26','338-454-07','South Nicholashaven','Assistant'),('sarahgates@example.org','Yvette Curtis','2023-02-18','1991-12-27','448-943-40','South Richardville','Manager'),('sboyd@example.org','Tracey Williamson','2020-01-09','1970-08-10','+1-789-999','North Jenniferstad','Manager'),('schultzkenneth@example.org','Patricia Acevedo','2022-04-24','1970-03-27','974-809-20','North Jenniferstad','Manager'),('scottpage@example.org','Beth Mills','2023-01-09','1999-10-10','951.617.85','South Nicholashaven','Coordinator'),('shahdaniel@example.org','Alan Clark','2022-07-26','1990-07-07','+1-418-309','Felicialand','Assistant'),('sheilawilliams@example.org','Johnathan Cameron','2023-11-20','1978-06-03','421-569-90','North Jenniferstad','Coordinator'),('smithdana@example.com','Amanda Maxwell','2022-12-26','2000-06-05','(678)201-9','East Jenniferburgh','Manager'),('smithrandall@example.net','Tonya Lee','2024-08-25','1979-10-25','719.516.77','Felicialand','Assistant'),('stephen63@example.net','Mary Curry','2024-04-08','1973-09-15','278-987-71','Corybury','Manager'),('tcollins@example.com','Joshua Long','2020-12-20','1990-05-11','743-654-09','South Nicholashaven','Assistant'),('tdavis@example.com','Allen Cervantes','2023-11-23','1991-03-15','(959)881-8','Colemanview','Manager'),('terripayne@example.org','Jesse Johnson','2020-01-26','1971-03-18','(774)733-4','Corybury','Coordinator'),('tgarcia@example.com','Andrew Martinez','2023-11-20','1964-03-19','8334698944','East Jenniferburgh','Assistant'),('thamilton@example.com','Crystal Clark','2020-11-27','1994-10-23','990-812-35','East Jenniferburgh','Manager'),('todd66@example.org','Amber Black','2024-02-27','1990-02-12','+1-221-671','Morrisonfurt','Coordinator'),('townsendbradley@example.net','Joseph Anderson','2024-11-09','1969-09-28','001-513-94','Jacquelineborough','Assistant'),('trevinoearl@example.org','David Schultz','2022-12-11','2000-01-14','4889861872','East Jenniferburgh','Coordinator'),('tyler77@example.net','Denise Wright','2022-07-04','2001-02-02','(854)587-2','Corybury','Manager'),('victoria68@example.com','James Smith','2022-01-09','1978-12-12','(870)847-9','East Jenniferburgh','Manager'),('vmartin@example.net','Kendra Banks','2023-05-20','1991-06-17','910-633-87','Morrisonfurt','Manager'),('vpitts@example.org','Steven Fitzpatrick','2020-10-09','1970-06-25','353.526.38','North Jenniferstad','Manager'),('vsanchez@example.com','Allison Ross','2022-10-31','1995-03-14','321-551-96','East Jenniferburgh','Coordinator'),('vshaw@example.com','Meghan Miller','2023-07-13','1996-06-23','001-355-82','Veronicahaven','Coordinator'),('wademonica@example.net','Eric Gomez','2023-03-08','1975-03-28','(402)879-8','Colemanview','Coordinator'),('wcaldwell@example.net','Jack Barr','2022-04-22','1964-12-25','001-656-98','Jacquelineborough','Coordinator'),('williammendoza@example.com','Scott Buchanan','2022-05-19','1984-01-15','001-461-23','Morrisonfurt','Assistant'),('williamsdonna@example.net','Jean Thomas','2020-02-02','1977-12-11','(287)240-8','South Richardville','Manager'),('woodleslie@example.net','William Perez','2022-10-28','1977-06-29','643-855-35','Morrisonfurt','Coordinator'),('wrivera@example.net','Dorothy Fitzpatrick','2024-09-06','2002-10-11','+1-645-994','South Richardville','Coordinator'),('xfrancis@example.org','Michael Dean','2022-11-27','1995-09-29','001-678-66','Felicialand','Manager'),('xhayes@example.com','Matthew Juarez','2024-04-09','1974-05-27','+1-783-228','East Jenniferburgh','Manager'),('xrichardson@example.com','Ricardo Mullen','2021-09-28','1984-12-13','8989995435','Morrisonfurt','Assistant'),('yclements@example.org','Christine Shea','2023-08-18','1970-02-16','+1-384-534','Jacquelineborough','Assistant'),('yjohnson@example.org','Ashley Miller','2020-10-08','1998-06-20','253.552.72','Morrisonfurt','Coordinator'),('youngbrian@example.org','Morgan Fox','2023-03-07','1979-06-25','378-289-25','East Jenniferburgh','Coordinator'),('yshelton@example.net','James Rice','2020-04-27','1995-08-18','(426)489-2','South Nicholashaven','Assistant'),('zschultz@example.net','Jeremiah Munoz','2022-07-19','1969-07-07','001-529-88','Veronicahaven','Manager');
/*!40000 ALTER TABLE `adminstaff` ENABLE KEYS */;
UNLOCK TABLES;

--
-- Table structure for table `evidence`
--

DROP TABLE IF EXISTS `evidence`;
/*!40101 SET @saved_cs_client     = @@character_set_client */;
/*!50503 SET character_set_client = utf8mb4 */;
CREATE TABLE `evidence` (
  `evidenceID` int NOT NULL AUTO_INCREMENT,
  `evidenceDesc` varchar(255) NOT NULL,
  `collectionDate` date NOT NULL,
  `storedLocation` varchar(255) DEFAULT NULL,
  `incident` int NOT NULL,
  PRIMARY KEY (`evidenceID`),
  KEY `incident` (`incident`),
  CONSTRAINT `evidence_ibfk_1` FOREIGN KEY (`incident`) REFERENCES `incident` (`incidentNumber`) ON DELETE CASCADE ON UPDATE CASCADE
) ENGINE=InnoDB AUTO_INCREMENT=1001 DEFAULT CHARSET=utf8mb4 COLLATE=utf8mb4_0900_ai_ci;
/*!40101 SET character_set_client = @saved_cs_client */;

--
-- Dumping data for table `evidence`
--

LOCK TABLES `evidence` WRITE;
/*!40000 ALTER TABLE `evidence` DISABLE KEYS */;
INSERT INTO `evidence` VALUES (1,'List they us degree issue young light.','2022-08-25','Veronicafurt',363),(2,'See true deep so order.','2020-03-22','Alanstad',968),(3,'Kid describe build operation suffer.','2024-07-14','Jasonland',756),(4,'Send behind argue each.','2023-01-04','East Kimberly',743),(5,'Whole street do tax.','2024-07-16','Trevinoton',199),(6,'Direction yard current any.','2020-09-26','Justinton',532),(7,'Away mission professor take section keep various.','2023-12-20','Latoyaville',381),(8,'Material tend cost serve.','2024-05-24','North Crystalberg',724),(9,'Such both their site light.','2024-03-23','Baileyfort',297),(10,'Conference leader year small not.','2021-05-26','North Rachelland',207),(11,'However standard exactly goal play professional.','2022-05-22','Willisview',865),(12,'According enter no prove pattern.','2022-04-15','Port Amanda',447),(13,'House much government card.','2020-02-20','Walkerfort',747),(14,'Dinner writer seem research our author most fill.','2023-11-03','Moorebury',131),(15,'Soon customer enjoy upon officer today training.','2023-06-26','New Chase',429),(16,'Might eye him call parent mother positive.','2022-03-24','Youngfurt',373),(17,'Into Democrat believe price seat then newspaper.','2020-07-05','Johnfurt',744),(18,'Price this challenge explain.','2021-09-01','Brownhaven',170),(19,'Ever new research improve ok carry child.','2020-10-06','Jenkinsmouth',513),(20,'Have sell since learn.','2020-11-26','Port Teresafurt',708),(21,'Question leader wonder amount.','2023-12-15','Amyview',874),(22,'World hour employee throw.','2020-11-07','New Corymouth',54),(23,'Situation tax image woman cover.','2021-08-16','West Paula',196),(24,'Skill everyone company his.','2024-08-12','Pacefurt',517),(25,'Trip mind current.','2024-08-14','Randyville',335),(26,'Teach stay serve reflect worry.','2022-03-04','Mariaberg',311),(27,'Then learn under past best us drive.','2023-02-01','Port Sheriburgh',521),(28,'Shake responsibility soldier around.','2021-01-09','Wagnerburgh',163),(29,'Meeting else include paper.','2022-06-19','Scottchester',806),(30,'Movie civil realize career none should.','2022-06-06','Scottshire',243),(31,'Before we read wait rather forget participant husband.','2021-09-14','New Scottchester',380),(32,'Market yet firm.','2024-09-01','North Maria',543),(33,'Age star word happen trouble.','2022-04-23','Marciachester',318),(34,'Explain only foot by first while.','2022-03-24','Lake Justinchester',685),(35,'Democrat mention modern arrive third.','2023-07-12','Donnafurt',472),(36,'Wonder detail threat address Congress difficult.','2021-07-27','Port Brittany',435),(37,'Recent especially involve alone manager.','2022-04-24','Lake Davidchester',898),(38,'Full throw person message.','2022-04-29','North Alexisview',776),(39,'Hundred group type clearly drive coach.','2022-08-09','New Megan',665),(40,'Reason maybe above.','2021-08-21','North Christina',690),(41,'Budget might book could thus you clear leader.','2022-05-10','West Audreyville',677),(42,'Quite culture per get meeting case.','2022-11-20','Mollybury',922),(43,'Husband voice test late short focus raise room.','2022-02-14','Bowenland',33),(44,'Consumer why song here until.','2023-10-24','North Samuel',520),(45,'College family us sort.','2024-03-03','Williamsonside',89),(46,'Opportunity speak window south.','2024-07-30','Port Lindaview',254),(47,'Protect commercial true any will well including research.','2020-05-17','New Ginaton',381),(48,'Civil thank company chance news upon.','2021-10-05','Younghaven',630),(49,'Year edge customer author consider.','2020-02-11','Jacobmouth',552),(50,'Daughter if community Mrs pressure mouth.','2020-12-27','Taylorville',457),(51,'Theory act standard.','2020-12-27','East Jenniferland',104),(52,'Buy quite money her base.','2021-08-18','East Jennifer',854),(53,'Thought range successful movement statement car.','2021-03-26','Jenniferstad',895),(54,'War painting performance thank.','2020-07-11','Shermanville',366),(55,'Kind time wish current win.','2023-07-19','West James',716),(56,'Son this establish institution edge floor artist.','2020-02-14','Lake Emilymouth',749),(57,'Give goal recently company kid.','2023-02-03','Katherinechester',347),(58,'First war single go good method across.','2023-12-23','Joestad',603),(59,'Large yourself phone.','2023-06-05','Port Gregory',757),(60,'Defense may himself whom trade instead easy.','2022-07-27','Richardport',628),(61,'Involve opportunity though again situation light behind.','2021-03-13','Jonesshire',696),(62,'Outside easy child.','2023-01-29','Danielview',620),(63,'Take commercial raise few for affect weight glass.','2020-03-09','Leetown',458),(64,'Ever career director company too rise.','2024-08-01','Robertmouth',60),(65,'Nice vote job catch may letter.','2021-09-17','Lake Waynebury',925),(66,'College soldier training police customer series.','2020-11-06','South Nicole',947),(67,'Kid available seem member white.','2023-07-22','Kathleenside',693),(68,'Health involve whose policy learn.','2021-05-09','North Kaitlin',377),(69,'Carry present participant minute.','2021-02-27','Cherylshire',421),(70,'Mother edge sense short lot important bill.','2021-09-25','North Jenniferfort',431),(71,'Letter put general including dream six brother.','2024-11-20','Nathanielbury',742),(72,'Continue power rather.','2023-09-13','Crawfordton',311),(73,'Between affect each nature reveal.','2023-02-19','East Jennifer',463),(74,'More wind also mean.','2022-01-27','Florestown',871),(75,'Article maintain but house court.','2021-07-08','Port Kyle',991),(76,'Near standard kid benefit past run.','2020-04-22','Stephanieberg',283),(77,'Phone type more east stay culture at vote.','2024-03-17','East Dorothy',510),(78,'Left both exist guy.','2022-09-08','New Darren',800),(79,'When land laugh nature piece collection century.','2023-06-27','Morrisville',76),(80,'Still cell whom meet lose you although.','2021-05-12','Thomasside',917),(81,'My church leave letter teach.','2020-12-26','Port Ralph',312),(82,'Open test success party office.','2020-05-12','East Alexburgh',939),(83,'Development clear gun a along.','2022-04-07','Port Caleb',572),(84,'Two defense design defense.','2024-09-02','Lake Elizabeth',769),(85,'Maintain whole such pressure PM reveal.','2024-09-21','North Eric',937),(86,'Mrs this near benefit five direction.','2023-09-12','Simmonsville',951),(87,'Customer animal focus age too.','2024-07-24','Matthewmouth',234),(88,'Approach any middle trip.','2022-06-27','South Christopherside',167),(89,'Face should heart difficult mother summer develop.','2020-09-09','Port Deborahberg',507),(90,'Recent person American leave agent mind ever.','2022-05-22','Bryantstad',113),(91,'Fill crime black sister number.','2021-11-01','Barnesshire',845),(92,'Spend fire short nor across.','2024-10-06','West Dannyshire',400),(93,'Agent raise remember camera perform upon executive.','2022-12-30','East Andreaview',595),(94,'Character least including significant speak your door resource.','2021-07-28','Jennaberg',141),(95,'Single stuff serve section coach effect cover some.','2022-01-07','Krauseside',672),(96,'Door friend reflect poor rock century.','2024-07-26','Richardtown',64),(97,'Live thousand until measure.','2024-07-20','Port Amanda',379),(98,'Large both coach play answer.','2024-02-12','Port Derrick',603),(99,'Economic condition ever.','2023-11-18','Randallborough',936),(100,'Our business want.','2022-09-16','Holtshire',567),(101,'Song country which door author whose.','2022-07-03','Lake Ashleyberg',766),(102,'Center couple world.','2020-06-13','North Lanceborough',60),(103,'Republican information after price response.','2023-06-24','West Aaron',198),(104,'Dog industry size better beyond foreign information any.','2020-01-08','North Tasha',926),(105,'Popular majority race life hour.','2024-08-11','Maynardside',868),(106,'Allow office act among.','2021-08-24','East Lindsey',718),(107,'Project new magazine manager build power.','2020-07-02','Millerview',844),(108,'History middle possible guess continue.','2022-09-17','Port Gary',433),(109,'Apply two opportunity model image pick seat.','2024-08-29','Myerston',489),(110,'Industry partner kid similar contain pay.','2020-04-23','Lake Sharon',588),(111,'Sell another while lose other enjoy.','2020-11-22','Devonfurt',914),(112,'Carry always animal able.','2022-08-29','Lake Bethany',967),(113,'Consumer before decide quality watch.','2021-07-23','Freemanburgh',69),(114,'Behind often executive take should whether.','2022-12-09','Christensenbury',361),(115,'Deal treatment people determine their.','2022-06-26','Hancockton',832),(116,'Heavy collection figure ahead.','2022-04-28','Jamesview',37),(117,'Right son hold begin.','2020-12-30','Randychester',446),(118,'Gas picture least wind line lose national.','2022-08-26','South Jasonmouth',469),(119,'Address happy oil rather determine research.','2022-09-19','Holtfort',635),(120,'See choice sell woman.','2021-05-14','Manuelview',665),(121,'Store woman feel realize middle many like.','2020-10-24','Katherinefurt',85),(122,'Degree lot teacher take current baby.','2020-03-08','South Michelleshire',350),(123,'Mission strategy whom next design say now group.','2020-03-02','Michelleside',787),(124,'Nothing food responsibility her all down man difficult.','2024-07-30','Port Shannon',483),(125,'American candidate away same community.','2020-07-25','North Margaretfort',218),(126,'Trip role and pressure fish direction worry.','2024-03-04','New Krystaltown',527),(127,'Without eye field design series small.','2022-01-09','Thomasview',221),(128,'Buy pay position activity blood.','2023-08-07','West Jennifermouth',678),(129,'Than between ahead appear food.','2022-07-10','North Jacquelinestad',843),(130,'Dream set tree.','2020-08-16','Port Marissaland',774),(131,'Case as society born social national direction.','2023-03-22','Johnsonberg',455),(132,'Soldier run evening since defense size system.','2024-09-20','West Nicholasburgh',184),(133,'Language economic art growth training worry say.','2020-12-14','East Joseph',41),(134,'Expert history Mrs.','2024-05-12','Wallerville',396),(135,'Name team not serve meeting your.','2023-10-21','Claytonborough',703),(136,'South should economic relationship cause approach place ready.','2023-03-26','Port Jamietown',354),(137,'Indeed give point avoid bag leg run.','2024-10-16','Douglasmouth',234),(138,'Example bank smile simple magazine.','2021-11-16','Port Andreaborough',140),(139,'Bit specific figure need among defense.','2023-11-27','West Laurafort',904),(140,'Particularly dinner performance lose.','2021-10-30','New Josephmouth',199),(141,'Media deep available husband.','2023-07-22','West Victoria',449),(142,'American open family join.','2024-01-28','Pamelaborough',478),(143,'Matter occur loss particularly network process alone.','2021-10-03','Lake Richard',693),(144,'Thank safe image care sometimes only answer through.','2021-08-28','Lake Cameronhaven',276),(145,'Realize threat prevent.','2021-07-25','Geraldhaven',468),(146,'Very single among.','2021-08-17','Port Heather',233),(147,'Politics house participant rich tonight sell as.','2022-04-19','Elliotthaven',542),(148,'Recently enter still simply nothing live.','2022-05-10','Port Sarahton',232),(149,'Road physical respond can.','2023-01-19','Freemanton',1),(150,'Throw administration least seem artist far test.','2020-08-21','Jayburgh',39),(151,'Cover serious people value him leader.','2021-07-19','Lake Joshuamouth',347),(152,'Significant around take body leader strong.','2024-05-21','Escobartown',238),(153,'Fight responsibility onto road step.','2024-06-25','New Raymond',145),(154,'Education thus some necessary politics partner measure.','2021-12-20','Port Melissa',664),(155,'Newspaper certain language there.','2021-02-07','South Josephstad',503),(156,'On everyone push north wall couple place.','2020-10-11','Cohenhaven',451),(157,'Reason herself situation size late.','2023-11-27','New Melissashire',854),(158,'Real water foreign.','2022-10-18','East Erin',835),(159,'Address these suffer nice.','2023-07-15','Ashleymouth',206),(160,'Play black election hear officer ball great.','2024-07-06','Lake Jacobborough',314),(161,'Decision mention major.','2022-04-18','West Miranda',250),(162,'Think tell throw difference environmental.','2024-05-28','Carolynville',993),(163,'Because develop nearly account cultural dog home.','2021-02-23','Port Mary',334),(164,'Bank look check evening science may.','2023-11-23','West Sandra',433),(165,'Both decision successful.','2023-07-01','Summersstad',563),(166,'Property speech under interview director involve term.','2021-12-05','Richardtown',125),(167,'Prove game medical three.','2020-05-10','West Amberchester',816),(168,'Position put our stop item fact.','2022-03-26','Matthewtown',597),(169,'Always foreign measure right position so.','2021-03-22','Lake Kyleville',760),(170,'Rock student finally its.','2021-03-06','Ortizstad',896),(171,'Point house must political because catch.','2024-08-05','Tonyborough',177),(172,'Number budget star trade hot new.','2022-05-01','Port Eugene',74),(173,'Help spend fear bag.','2020-10-23','New Jamesside',686),(174,'Decision claim yet discover style risk.','2021-04-08','Sherryview',949),(175,'Moment impact million.','2022-04-17','Johnsonfort',859),(176,'Remain too grow sometimes.','2023-06-13','Anthonyburgh',62),(177,'Down know effect house tax successful lay create.','2021-03-09','Lake Theresa',936),(178,'Only again book human ago somebody.','2021-10-04','Andersonshire',863),(179,'Describe control large thousand senior indicate.','2022-03-14','Jacksonton',895),(180,'Eat dog situation speech rule list test.','2024-11-06','Woodschester',29),(181,'Foreign friend Republican past.','2024-01-30','Gutierrezfort',682),(182,'Present computer drive view charge clearly.','2020-01-27','Leonardmouth',920),(183,'Idea suddenly arm huge value civil program.','2020-05-21','Jonesside',402),(184,'Defense chair pattern billion tell.','2020-12-01','Port Daniel',997),(185,'Popular travel central box recognize reflect agent.','2022-07-16','South Diane',973),(186,'Building just lose fast speech she scene call.','2023-09-05','Clementsborough',497),(187,'Oil wear politics authority necessary.','2020-01-26','Chelseaside',606),(188,'General strong reality realize tend defense rock.','2020-07-02','Ricebury',156),(189,'Evening model she everyone modern her.','2022-11-23','Gordonside',721),(190,'Create agent relate yes guess ten.','2024-08-03','East Rebecca',927),(191,'Develop discover quite land.','2020-06-27','Port Timothychester',245),(192,'Account single design keep maintain trial baby.','2024-07-11','North Sheila',736),(193,'Yard condition four paper.','2022-10-09','Roachburgh',698),(194,'Yourself mission example out artist.','2020-02-06','Kyleburgh',296),(195,'Community lose deal when.','2022-01-14','Berryton',296),(196,'Task Republican different stand watch two.','2021-03-13','West Charles',482),(197,'Exactly measure account more tax should stage former.','2021-04-15','Port Devinborough',920),(198,'Member state his international same.','2024-01-04','Andersonside',749),(199,'Speak eight worker same.','2023-10-17','Nortonland',98),(200,'Green leader however test stock.','2024-02-12','South Brian',901),(201,'Campaign exactly face huge note growth line oil.','2022-04-29','Martinchester',677),(202,'Out radio air woman item.','2020-01-06','South Michael',723),(203,'National black attorney fight.','2021-07-09','East Autumn',710),(204,'Should true indicate resource often week.','2022-07-08','West Josephland',386),(205,'Part no dark describe hold ten right.','2022-02-16','North Shawn',577),(206,'Listen often information.','2020-08-01','Whiteton',299),(207,'Him could top mean affect.','2024-04-30','Paulstad',188),(208,'Hour you most ready.','2020-08-07','East Jacob',368),(209,'Raise everybody education current ok enter.','2022-11-24','Cindyview',829),(210,'Measure occur protect security.','2024-02-23','Oscarmouth',381),(211,'Create air prove.','2024-02-22','Port Jasonview',420),(212,'Economic ever strategy heavy.','2020-08-11','North Davidbury',235),(213,'Make safe experience play.','2021-07-02','East Derekborough',469),(214,'Matter family recognize score our issue.','2020-12-08','Laurachester',119),(215,'Student begin hot produce total here.','2023-01-28','South Charles',546),(216,'Drug line agent evening thing make democratic.','2022-03-14','Port Brianfurt',474),(217,'Man interview quality morning day.','2021-04-04','Port Alyssa',165),(218,'Action of agree approach that month.','2021-05-22','New Haydenburgh',784),(219,'Enough avoid challenge leader alone mean partner.','2024-04-19','Lake Raymond',861),(220,'Class hit and usually ground much.','2022-02-26','Davisstad',129),(221,'Address statement hear whom inside.','2024-08-15','North Susan',458),(222,'Treatment too consider cause always week.','2024-06-19','Alvarezhaven',211),(223,'Onto evening without indeed.','2021-06-13','Mathisfort',180),(224,'Win hold call any serve sell start.','2023-01-15','Mullenborough',29),(225,'Two vote blue than consumer nor method.','2024-02-10','East Amandaville',474),(226,'Again collection expert mother.','2020-05-20','South Paul',732),(227,'Opportunity then four develop.','2023-05-17','Hudsonberg',765),(228,'Good gun design letter.','2021-07-17','Samanthaville',225),(229,'Kind shoulder every piece.','2022-10-07','South Anna',43),(230,'Since college hit generation worry board food.','2021-06-09','Daltonmouth',846),(231,'Along product compare conference question.','2022-02-03','Jenkinsbury',966),(232,'Perhaps couple age.','2021-05-02','Ballardshire',106),(233,'Involve service remember small factor occur into.','2024-07-09','Amytown',555),(234,'Understand poor you situation.','2020-10-01','Port Carolynview',648),(235,'Term statement determine enter forget.','2023-08-16','North Vanessa',579),(236,'Push account visit cold even certainly.','2020-08-26','Austinton',816),(237,'Debate important interview choice cause.','2022-01-01','Wardtown',376),(238,'Character drive seek.','2024-01-02','South Andreaton',958),(239,'Score talk wear should thousand.','2021-11-01','West Pamela',890),(240,'Conference southern cell.','2020-06-15','North Carlmouth',568),(241,'Attorney remember huge side.','2022-07-30','Lake Derekbury',530),(242,'Mouth maybe food shake.','2022-09-29','North Rebeccaland',488),(243,'News hear cold many family.','2023-06-06','North Allen',324),(244,'Company that hand.','2020-12-13','East Katie',119),(245,'Person night past medical outside several.','2024-04-23','New Ryanville',476),(246,'Society forget hot training off today together president.','2020-09-10','Wallerville',686),(247,'Night option economy song eat together chance television.','2020-07-01','Brittanymouth',917),(248,'Number provide institution tend.','2020-04-21','Bridgesville',640),(249,'Environment world wish along.','2020-07-15','South Franciscoton',540),(250,'Area center property power.','2023-09-19','Mayoberg',342),(251,'Itself TV human nothing our economic.','2021-12-30','Port Jeffrey',552),(252,'Energy sound particularly capital.','2023-12-02','Bakerton',379),(253,'Nature couple that action.','2021-03-19','Kimberlyport',386),(254,'Last exactly return safe start.','2020-07-17','Lake Kathy',277),(255,'Language glass collection city yourself wonder.','2024-07-05','Lake Connor',227),(256,'Support something building instead country assume manage central.','2023-10-23','South Nicholas',157),(257,'Try successful room development walk eat plan.','2023-05-07','West Joannberg',591),(258,'Remain choose once hand.','2023-06-17','South Meredith',318),(259,'Clear commercial north kitchen open smile nation.','2024-01-14','West Jesse',135),(260,'Staff local market.','2021-06-12','Samuelbury',567),(261,'Student stage only course friend.','2020-11-12','Hallside',629),(262,'Amount enough plant cup as reduce.','2020-11-10','New Julie',131),(263,'Central prevent their.','2023-02-04','Lake Jamesshire',543),(264,'Under care build appear off really cost.','2020-06-10','Michelleberg',456),(265,'Scene raise budget possible letter.','2023-04-10','North Joshua',680),(266,'Visit decision couple perform present serious.','2022-10-21','Allisonport',473),(267,'What general describe million.','2023-09-14','Patriciaside',781),(268,'Direction idea type.','2023-11-05','Mckaymouth',438),(269,'Government until truth thus degree.','2024-06-20','Davidberg',270),(270,'Rule address sure big southern hospital store remember.','2020-09-21','Taraside',184),(271,'Six marriage put tough reason method.','2022-06-21','Laraberg',13),(272,'Discussion music table paper card sit.','2020-08-02','Lake Rebecca',922),(273,'Make top type which wrong mention able.','2023-03-24','Glasschester',863),(274,'Between available against capital become stuff.','2024-11-17','Harrisonfurt',932),(275,'Push officer agree seat new about full.','2024-08-08','South Robert',704),(276,'Traditional explain majority soon party believe.','2022-09-20','Lake Marcus',136),(277,'Look game career wide someone ask.','2023-08-21','Lake Gabrielleton',284),(278,'Develop suggest Congress Republican.','2024-07-14','Lindabury',932),(279,'Hundred financial through drop worker deal thus.','2022-09-02','Lake Melindaview',441),(280,'Section set media cover art like this.','2022-03-07','Tracymouth',128),(281,'Chance question front anything yeah want.','2023-04-01','Randallport',20),(282,'Left rest should suffer step out agency.','2022-07-04','South Alexander',553),(283,'Mission alone from here have.','2024-01-16','New Jamestown',509),(284,'Service reality analysis avoid trial.','2023-11-25','Davidshire',25),(285,'Possible treatment research yet focus.','2024-07-03','East Mary',439),(286,'Everyone so result through wrong reflect really.','2022-07-27','East Dorothyview',332),(287,'Sometimes son serve door.','2023-08-25','North Lawrence',634),(288,'Arrive common interest billion feel action network.','2022-07-11','Harringtonshire',13),(289,'Lawyer world true fund firm account.','2022-12-06','West Meganview',168),(290,'Where laugh production leave soldier east.','2021-03-25','Katieport',200),(291,'Benefit husband federal rich.','2020-05-25','Terriberg',335),(292,'All way kind its sign trip international.','2022-04-09','West Tony',750),(293,'Rock cost produce never cost son job father.','2024-07-07','Larryhaven',201),(294,'Friend surface election next threat responsibility full.','2022-12-25','Jessicaside',202),(295,'Boy tend various three debate.','2023-10-04','Walkerborough',467),(296,'Paper unit whatever soon professional put international can.','2020-07-12','Garciafurt',886),(297,'Since article both radio then car word training.','2021-04-13','Stevenshaven',22),(298,'Cover morning value no great arm.','2023-07-16','South Anna',763),(299,'Both white yet particularly daughter true exactly.','2020-08-04','Michelebury',683),(300,'Keep receive no suddenly.','2024-04-24','Fisherton',771),(301,'Somebody visit hold boy figure.','2022-05-18','Lake Seanview',654),(302,'Live senior research his.','2024-01-27','South Michaelton',48),(303,'Southern but thing though resource few trouble.','2023-07-10','Brianhaven',639),(304,'How peace car back small during author.','2022-12-03','New Isabelside',597),(305,'Hard return mother manage fear computer friend.','2021-09-12','Port Charlesmouth',873),(306,'Baby news third worker.','2020-02-05','South Monica',115),(307,'Upon season especially game any bar may.','2024-10-16','Taylorshire',565),(308,'Star read this too defense relate across.','2020-08-19','East Meganhaven',332),(309,'Save less mother manager size left some.','2024-01-19','Elizabethmouth',195),(310,'Summer sport whom dark poor present.','2020-03-17','Boydstad',302),(311,'Party charge together assume.','2020-04-25','East Maria',241),(312,'Authority allow goal culture game certain.','2020-01-25','Christophertown',355),(313,'Can by production course though themselves.','2024-10-22','Freemantown',9),(314,'Of record wonder put fire on possible.','2023-06-30','New Lisa',189),(315,'Street mission character after.','2021-10-05','Graceton',575),(316,'Environment likely write different as start like organization.','2023-05-02','Andersonside',726),(317,'Key land sure social hit race charge.','2022-11-22','Perrytown',462),(318,'Single skin last upon least center.','2021-05-21','Port Alexandra',205),(319,'Medical accept college change management two employee treat.','2023-09-28','Angelport',255),(320,'Western fill power task particular special.','2021-02-23','Lake Jason',692),(321,'Clearly former door shoulder employee three.','2022-10-07','New David',407),(322,'Nothing plan personal line improve store.','2021-10-12','East Kellyland',488),(323,'Site affect value receive by also attack.','2020-07-23','Harperton',211),(324,'Glass fill director plan argue.','2020-02-13','Morganfort',105),(325,'Star conference put event hotel.','2020-05-26','Port Markhaven',550),(326,'Low people cup give mention feeling.','2020-12-31','New Samanthaborough',162),(327,'Seven and in whom amount.','2020-02-08','West Robert',414),(328,'Safe activity ground deal even hundred.','2023-12-07','Port Amystad',531),(329,'College skin even his upon shoulder.','2020-05-23','Singletonchester',258),(330,'Baby standard Democrat already research.','2023-05-22','New Debratown',833),(331,'Live little remain century.','2022-11-13','East Jamiebury',136),(332,'Card performance foot hit can.','2020-08-08','North Anthony',147),(333,'Professional season building Congress section recent account.','2020-12-10','New Waltertown',394),(334,'Once prove decide baby for foreign.','2021-09-21','Lake Kathy',202),(335,'Prove law will.','2023-10-11','Martinezport',684),(336,'Federal child indicate it firm beat.','2021-05-02','Port Jason',141),(337,'Material resource tree present.','2023-11-20','Port Aprilport',99),(338,'Model near sell not everything begin check.','2024-02-25','Port Albert',237),(339,'Sure former top thought yes capital.','2024-10-01','Port Devonburgh',676),(340,'Arm fight particularly hundred question.','2021-06-22','New Sarahland',541),(341,'Center light close leg article Congress large.','2021-04-25','Lake Jonathan',929),(342,'Best scene able in one class.','2020-02-28','East Teresaside',338),(343,'Body eat city pretty cut.','2023-05-28','West Alan',166),(344,'Physical drop sure evening recognize.','2022-01-21','New Tabitha',142),(345,'General peace inside already beautiful up mission.','2021-08-23','Brendafort',550),(346,'Soldier third idea them development remember.','2022-04-14','Port Jennifertown',703),(347,'Decade animal defense wonder.','2021-09-16','Williamhaven',507),(348,'Source fine card huge under focus determine.','2021-04-13','Roberthaven',76),(349,'Behavior positive town pass guy call perform.','2023-06-25','Ramseyberg',24),(350,'Once strong heart pressure north.','2022-06-06','Port Hannahtown',240),(351,'Wrong this note.','2022-04-25','South Melissamouth',647),(352,'Early health choose lawyer never late.','2021-06-09','Brianafurt',328),(353,'Service rule true decide.','2020-05-28','Vickiberg',934),(354,'Decision later gas stock sound form say.','2020-02-13','Philipmouth',902),(355,'Suffer listen thousand.','2023-10-27','Port Sandrafort',174),(356,'Base speak us environmental value.','2020-06-16','Port Stephenview',659),(357,'Year appear assume trouble tell present read.','2020-09-06','East Justinburgh',931),(358,'Never worry item.','2022-11-24','Port Peterfort',836),(359,'Building ahead thus consumer girl.','2024-10-05','Lake Keith',300),(360,'Quickly possible author.','2021-02-21','Leeburgh',710),(361,'Ready between whether deal.','2022-07-24','Wilsonbury',889),(362,'Father word meet stuff movement.','2020-01-18','Andrewport',427),(363,'Color democratic sure fast life raise professional.','2023-08-17','Danielstad',566),(364,'Administration best point second value not.','2023-10-27','North Richardmouth',331),(365,'Maybe lay her senior American fear accept push.','2020-01-15','Bartonville',801),(366,'Great when else pick computer loss.','2022-02-21','Carlychester',465),(367,'Always nice price else today business walk partner.','2020-06-16','Riverashire',199),(368,'Alone region scientist of very.','2020-11-18','East Nathanland',242),(369,'Ago really develop project.','2024-04-10','West Nicole',577),(370,'Top provide build.','2024-11-10','South Yvonnefort',862),(371,'Involve six research purpose eat idea newspaper.','2024-01-31','Janefurt',723),(372,'On true door know theory risk election.','2023-12-27','Jermaineside',358),(373,'Law station moment language middle agent.','2023-12-17','North Justinburgh',894),(374,'Special common compare week.','2021-12-09','Port Debra',968),(375,'Tough moment wish also though.','2021-08-06','Nelsonhaven',492),(376,'Hear institution technology face goal house.','2022-06-04','West Anne',278),(377,'Consider various dark.','2022-05-25','Port Elizabethside',694),(378,'Item something heart land.','2022-02-06','Diazbury',49),(379,'Nothing office whom body.','2023-05-27','Hallberg',409),(380,'Artist if figure particular easy determine.','2020-07-28','South Teresaview',819),(381,'Oil discover not.','2020-04-19','Michaelfort',504),(382,'Develop voice heart window.','2021-11-03','West Emilymouth',34),(383,'Computer approach turn value eat onto strong.','2024-11-03','Garrettville',47),(384,'Sound interest food when traditional.','2024-09-17','East Seanville',366),(385,'As war buy audience.','2022-09-23','Port Richard',701),(386,'Either whom poor step save much.','2020-12-03','West Ericburgh',837),(387,'Long wrong peace.','2021-10-20','South Diana',374),(388,'Later might appear that agent relationship.','2023-01-27','Heatherland',284),(389,'Kid summer kitchen message go billion will.','2021-06-05','New Marcfort',792),(390,'Student ever choose small.','2023-06-15','Fletcherton',296),(391,'Become wonder include technology gas general though.','2024-11-10','North Jamesborough',217),(392,'Go research various world study opportunity.','2024-04-30','Dalebury',854),(393,'Scientist usually top.','2022-02-04','North Robertland',632),(394,'Report build without cultural.','2021-08-31','Sotoberg',365),(395,'Great wide seek decide prepare member look.','2024-03-17','Lake Bryan',273),(396,'Someone economic tax office almost often beat accept.','2021-06-18','Davisville',265),(397,'By next take reflect born cut.','2024-05-01','Port Robert',327),(398,'Chance help day condition room.','2022-04-15','East Dana',444),(399,'Tv great hundred.','2021-11-29','Patrickbury',273),(400,'Cause him happen maintain.','2024-06-03','Port Fernando',413),(401,'World tend management rather think force bar.','2022-08-08','East Grace',208),(402,'Party eight second western line which.','2021-02-03','Gilbertchester',593),(403,'Positive phone total state huge.','2020-03-30','South Jonathanton',726),(404,'Republican begin night marriage check dinner research.','2022-07-03','Gregorystad',978),(405,'Society increase personal though lawyer second knowledge sell.','2022-12-13','Port Michael',625),(406,'Culture forget have economic center.','2021-06-15','Harveyberg',112),(407,'Everybody night support social difference.','2022-03-17','North Vincent',964),(408,'No black training.','2020-09-30','Burkefurt',276),(409,'Yes series hour mention write.','2022-10-01','Ryanburgh',430),(410,'Concern this senior choice those.','2024-10-10','New Ianberg',786),(411,'Look knowledge public rise laugh education.','2020-11-19','West Elijah',3),(412,'Keep base receive put economy.','2023-07-26','Annabury',283),(413,'Attention institution build theory environmental.','2020-09-10','Lake Philip',79),(414,'Use crime itself total voice similar point.','2024-02-13','Lake Eric',704),(415,'Debate mission top scientist prove.','2024-06-24','North Carolmouth',860),(416,'Southern level spend discuss.','2022-12-28','Dawsonmouth',479),(417,'Focus stay research while.','2024-05-20','Lake Stacey',802),(418,'Responsibility rather decision into cut top note.','2021-07-30','Coltonfort',63),(419,'Process old image.','2022-05-13','East Victorton',445),(420,'Phone speech environmental chair blue usually.','2020-01-26','New Gregory',219),(421,'Own charge short song.','2023-07-09','South Laurahaven',591),(422,'Hope you always car style leader both.','2022-06-06','Romanland',866),(423,'Tax what rock should serve.','2020-12-04','New Williamberg',233),(424,'Citizen smile statement operation son.','2023-01-27','North Christopher',635),(425,'Give ask write TV scientist.','2024-04-26','Port Cynthia',242),(426,'Former camera will view white again.','2024-11-03','Benjaminburgh',870),(427,'Study possible participant sit first.','2022-10-22','Michaelmouth',801),(428,'Spring sort degree ready eye six network until.','2020-04-11','West Renee',139),(429,'He responsibility health safe policy each industry.','2023-04-03','New Lesliechester',157),(430,'Act stuff order real.','2024-01-12','Josephchester',823),(431,'Short table today Mr suffer.','2024-06-30','South Sarastad',44),(432,'Simply fill realize recognize.','2024-02-28','New Kaylaview',495),(433,'Scientist behavior everything.','2020-07-20','Youngstad',979),(434,'Least through order such.','2023-11-29','Mccarthymouth',75),(435,'Near Mrs for write oil.','2023-02-01','Williamston',591),(436,'Democrat increase court have visit.','2020-01-14','Bateston',822),(437,'Radio especially never look.','2022-03-11','Harrisonside',366),(438,'Wall find help bag.','2020-08-26','Burtonshire',481),(439,'Our run in truth single organization.','2024-02-01','Nicolemouth',794),(440,'Draw father type traditional reason various.','2023-05-31','West Kellyhaven',759),(441,'They more possible turn image three suggest.','2023-02-17','Lake Troy',907),(442,'Kind suffer Congress themselves understand sit.','2024-06-21','Ramseybury',876),(443,'Describe outside factor maybe major along believe.','2022-06-30','Williamhaven',492),(444,'Season your program enough.','2021-01-02','Shermanburgh',398),(445,'Generation discussion TV.','2021-04-27','Josephshire',836),(446,'Challenge stop him often two cause bag.','2021-05-26','Jacktown',972),(447,'Respond and five figure line conference trial try.','2020-07-23','East Julie',113),(448,'Shake two religious others simple find want.','2023-11-13','New Jillian',61),(449,'Force member daughter.','2024-07-11','East Jessicaborough',130),(450,'Radio show fly security on yeah hear.','2024-07-22','Port Tanya',2),(451,'Radio stage the individual.','2023-12-31','South Michelle',898),(452,'News son well worry.','2023-06-27','East Christopher',593),(453,'Western say point machine natural policy case improve.','2020-09-27','Allisonshire',509),(454,'Still chance record grow air mind today.','2024-06-30','Gloriamouth',320),(455,'Benefit live tax born score that several.','2022-07-30','Baldwinton',305),(456,'Write think mouth area should TV black same.','2020-04-09','Meganfurt',61),(457,'Sister scene throw foreign loss evening see.','2024-05-15','Timburgh',271),(458,'Order mouth value student door.','2021-08-02','New Robert',746),(459,'Hair page town anything.','2024-08-23','Tylerfort',251),(460,'Unit seven believe nothing.','2021-02-12','New Alexa',334),(461,'Project factor throughout near.','2022-04-16','Port Dennis',183),(462,'Agree Republican buy technology early.','2024-06-25','North Veronica',712),(463,'Institution southern lawyer surface century say collection wall.','2020-11-18','Devinview',565),(464,'Game campaign friend hour.','2020-05-06','New Brianstad',612),(465,'Drug party PM already.','2020-12-14','Cuevasville',65),(466,'Guy day moment time pull marriage.','2024-07-25','Liton',380),(467,'Senior image walk.','2024-02-17','West Marcus',841),(468,'She hotel low action process begin result.','2022-08-18','Nelsonville',849),(469,'Cultural yourself worry stay yet.','2021-05-28','Kellitown',852),(470,'Purpose simple into law fact.','2021-03-05','Lake Jenniferborough',873),(471,'Fight language fish main.','2020-11-16','New Annastad',77),(472,'Name foreign would.','2022-05-27','West Josephmouth',314),(473,'Much information use north if focus.','2022-08-08','East Daniel',381),(474,'Respond city leader road save must.','2024-06-17','North Timothyberg',410),(475,'Court anything staff beautiful.','2023-10-04','Richardstad',53),(476,'Stuff change lose fine care keep.','2024-01-09','North Kevinbury',235),(477,'Admit thank conference reason shake.','2022-11-29','West Rachel',298),(478,'American main will person two three executive leader.','2021-05-17','Stephanieside',661),(479,'Dinner truth within never front spring worry.','2021-08-15','Gardnershire',8),(480,'Rich protect party true compare sure believe.','2024-03-08','New Davidburgh',747),(481,'Get start far listen while pay.','2023-08-14','Evelynchester',130),(482,'Reach imagine production drop space garden than born.','2023-05-09','Starkbury',317),(483,'Early fund source house girl air strong on.','2023-03-09','Lake Jenniferburgh',782),(484,'Director feeling even discussion base upon toward.','2020-06-21','West Lisaburgh',580),(485,'Since increase young much.','2020-06-14','Angelaberg',57),(486,'Community far both bed long possible she.','2021-01-20','North Adam',246),(487,'Meeting today employee camera each now plan.','2020-12-01','Wheelerstad',547),(488,'You outside wonder model create color beautiful.','2022-12-01','South Gabriella',315),(489,'Seat shake letter probably.','2022-06-15','Taylorland',289),(490,'Effect now about debate down.','2023-08-11','Port Franklin',767),(491,'Now main we wind lay.','2021-04-11','Natashamouth',663),(492,'Month analysis something stuff so worker impact.','2023-12-31','Kellyhaven',632),(493,'Claim claim car truth.','2022-05-07','Jessicaside',772),(494,'Hope able old federal explain get walk police.','2024-02-16','New Nicole',88),(495,'Culture short foreign seem.','2024-06-03','New Christopher',405),(496,'Assume difference may describe dream central.','2022-11-24','Olivermouth',830),(497,'Purpose base political mission.','2021-06-04','East Crystalside',404),(498,'Game reflect indicate identify hot.','2023-06-06','West Scott',869),(499,'Decision amount service family store spring.','2022-07-27','West Anthonyton',288),(500,'Share significant reduce pull.','2020-04-06','South Blake',349),(501,'Offer area couple themselves national my significant.','2023-08-17','Jaymouth',244),(502,'Seem information oil night president change establish minute.','2022-02-17','Lake Joshua',543),(503,'Finally ask strong six measure anything.','2021-04-27','Port Amy',971),(504,'Voice road three.','2020-02-10','Justinmouth',20),(505,'Soldier job since here smile him line.','2022-01-13','Meganburgh',431),(506,'All guess others main safe experience.','2024-03-12','Brownville',330),(507,'Little write figure tonight keep never age.','2020-01-23','Davidmouth',967),(508,'Large people lead play hotel save choose.','2020-07-31','Bethburgh',392),(509,'Best story computer song.','2022-09-07','New Sarah',889),(510,'Election service population stay.','2023-09-16','New Barbara',726),(511,'Character rich with sort television.','2023-07-18','Lake Anna',555),(512,'Management responsibility clear property sit tree fast.','2021-07-06','Lake Douglasburgh',705),(513,'Left interesting whom song.','2024-02-22','Lake Melissaport',966),(514,'Yet fight north summer trial.','2024-06-16','Port Scottville',81),(515,'Still particular deep sometimes gas them training sell.','2023-08-03','Millerchester',725),(516,'Better phone professional employee understand left.','2020-10-15','Pittsfort',97),(517,'Red author himself main hand.','2021-09-20','South Valerie',595),(518,'Foot staff eight small talk listen oil.','2024-04-11','Kylefurt',453),(519,'Continue none important event.','2024-05-13','Heberttown',892),(520,'Finally simple respond cell dog.','2023-06-25','Francesburgh',960),(521,'Deal season new stage movement hard while appear.','2024-01-20','Tabithaville',207),(522,'Able order agree continue.','2020-01-29','North Rhondabury',251),(523,'Suddenly easy evidence Democrat.','2022-06-11','Lake Heatherfort',35),(524,'Sea somebody second already campaign.','2020-05-15','Mejiamouth',536),(525,'Camera raise interest family adult here rise.','2021-08-05','New Sarahfurt',234),(526,'Help among good try rate him.','2021-05-04','West Joel',946),(527,'Month left forward.','2022-01-04','Michaelport',62),(528,'Study occur hear.','2023-04-02','East Donna',695),(529,'Return stuff north among.','2024-08-03','Shellystad',227),(530,'Long ok hair agency western test hard goal.','2024-02-24','Mccarthyfort',852),(531,'Yes subject television TV.','2022-03-18','Reidside',519),(532,'Language science few rate standard resource.','2024-01-08','Paulville',289),(533,'Successful nation myself adult his though.','2021-01-02','Brownborough',285),(534,'Heart policy put.','2022-08-23','New Douglas',778),(535,'Traditional cell threat only.','2022-03-20','North Lauraborough',133),(536,'Often eight meeting outside fill here place.','2022-09-04','Seanton',828),(537,'Movement religious everything middle special upon set speak.','2022-01-17','Port Kevin',573),(538,'Later miss low free.','2024-02-05','Garyview',325),(539,'Water course production.','2023-12-11','Dawnshire',950),(540,'Official challenge way.','2020-04-30','Gonzalezside',270),(541,'Amount hotel technology benefit.','2021-07-30','Thomasfort',997),(542,'Model call plan campaign some chair.','2021-05-10','Rodriguezville',178),(543,'World thank everybody try.','2021-01-09','Port Ronald',960),(544,'Whom claim interview.','2020-04-27','Logantown',446),(545,'Style billion half natural.','2021-07-21','West Heather',15),(546,'Usually memory commercial expert.','2021-07-19','South Becky',651),(547,'Song church why she that now.','2020-11-04','South Edwardmouth',570),(548,'Order show seven prevent.','2021-12-18','Port Joseph',533),(549,'Range guy me peace style child.','2021-01-31','Michaelmouth',414),(550,'Four yourself trip both whether.','2022-01-06','East Nicholasmouth',877),(551,'Itself father order contain evening traditional.','2022-04-20','Sandrastad',740),(552,'Group water piece course evening hard per.','2022-05-01','South William',159),(553,'Buy security throw exist beyond.','2020-12-11','East Cindy',881),(554,'Position answer network can else long take.','2021-06-24','Barnesport',203),(555,'Animal skin very final beyond support city.','2023-05-10','Paynemouth',744),(556,'Ago run goal beat worker.','2021-10-12','North Jose',604),(557,'After each federal future field then technology.','2022-12-16','Rebeccachester',952),(558,'Three serve black cost lose out.','2024-09-22','South Michaelburgh',306),(559,'Use leave get gun present method.','2024-06-10','New Codyborough',584),(560,'Not compare growth probably.','2021-12-25','Gonzalesmouth',441),(561,'Middle generation since feeling soldier class cover.','2020-06-26','South Craigbury',244),(562,'Out couple finally beautiful heavy agree because.','2023-03-15','South Chrisbury',775),(563,'In stop stage arm thank.','2020-02-21','Glassmouth',783),(564,'Budget design suddenly determine your pretty.','2022-11-15','Laurashire',11),(565,'Task truth attack far.','2024-03-30','Christinachester',161),(566,'Within federal campaign outside blood indeed.','2024-01-02','Hoffmanbury',513),(567,'Line strong likely tonight network.','2022-01-05','Crawfordtown',913),(568,'Bank wife oil whose.','2021-04-08','South Laurachester',422),(569,'Late close religious night area.','2020-08-19','Port Keithbury',129),(570,'Enough next talk cultural address amount majority.','2021-12-12','Port Josephburgh',16),(571,'Song year forget matter light.','2020-01-09','Marymouth',276),(572,'Baby push democratic analysis.','2022-05-18','Mitchellshire',562),(573,'Ground animal training single fund term modern.','2023-11-09','New Amy',79),(574,'Rather state over prove fly.','2020-01-24','Sarashire',820),(575,'Ok teach grow together management.','2022-09-11','North Jodi',668),(576,'Republican cut choice result authority new.','2022-12-08','Port Travisside',726),(577,'Huge concern ever eye.','2023-03-03','Port Justin',492),(578,'Glass suffer same son pass church.','2021-08-04','South Jessicaborough',223),(579,'Long recently bank.','2022-11-18','Karenhaven',982),(580,'Several fine reason improve American thank.','2021-10-27','Harringtonfort',782),(581,'Middle heavy history film everyone purpose energy.','2023-08-18','Port Thomaschester',761),(582,'Smile its after.','2020-03-29','Gloverchester',507),(583,'Crime direction environment like.','2021-06-05','North Marie',241),(584,'Rate break decide would quite member staff.','2023-05-31','West Roberthaven',558),(585,'Value know must society allow election.','2020-01-21','Jacquelinehaven',653),(586,'Really of control leg.','2021-02-10','Hamiltonmouth',393),(587,'Get cup ok Mrs.','2020-04-21','Port Connor',914),(588,'Yourself million here west suffer close leave.','2022-12-27','North Margaret',714),(589,'Detail image seat firm according remember actually save.','2022-11-14','Zimmermanport',587),(590,'Collection prevent yes relate clear shoulder.','2020-10-14','Garcialand',363),(591,'Process population those some language health.','2024-04-26','North Clayton',302),(592,'Produce body agreement of lead bag hope.','2023-08-04','Phamberg',826),(593,'Finally level over right clear team.','2021-02-12','South Aaron',31),(594,'Production lose wind finish debate under plant.','2024-06-03','New Sergio',184),(595,'Education experience argue least together seat news.','2022-01-10','Khanbury',421),(596,'Piece country whole ahead ground near develop.','2024-11-01','Williamshaven',318),(597,'Involve long southern upon explain newspaper budget.','2023-08-12','Crystalborough',70),(598,'Perhaps well court field moment both career resource.','2023-08-07','Garyhaven',692),(599,'On stand collection.','2020-03-19','Coletown',573),(600,'Drug cover outside least.','2024-02-11','North Jessica',702),(601,'Expert small common week appear card.','2021-01-27','Alexanderview',929),(602,'Room community voice across guess.','2023-03-11','West Allison',16),(603,'Fire style leader big.','2024-04-27','Lake Davidchester',119),(604,'Change cost until better range believe control marriage.','2023-12-12','Lake Mariabury',296),(605,'Perform detail husband road focus break.','2021-03-10','New Patrick',778),(606,'Range beautiful think effect.','2022-04-14','Andersonport',666),(607,'Run she manager option property.','2024-09-13','Rileyview',755),(608,'Spend social store difference poor expert.','2024-08-20','New Claire',919),(609,'Month hope usually nature head serve short.','2022-09-02','Lake Desireetown',177),(610,'Offer threat true water the unit.','2020-04-13','North Roberttown',419),(611,'Better edge central party of modern.','2024-05-01','New Donna',197),(612,'Prove kitchen southern threat glass various success fast.','2023-02-15','Alexanderton',895),(613,'Production continue dog eye.','2024-01-07','Bellbury',326),(614,'We I girl same industry recently party radio.','2024-09-29','South Charles',662),(615,'Industry will agency reveal feel career economy.','2023-06-25','New Michael',272),(616,'Room method material out dinner.','2022-07-16','West Jessica',862),(617,'Production break total newspaper simple deal trade.','2020-05-04','Jacobston',367),(618,'Else son foreign adult those wear in social.','2023-02-06','West Beckyburgh',746),(619,'Our than miss trial language whom among.','2024-01-01','West Carolynside',727),(620,'Middle that next other old these.','2020-12-06','Kellyburgh',940),(621,'Language outside they change.','2023-07-18','New Cole',316),(622,'Ground whose break ability large.','2022-06-12','Samuelland',751),(623,'Phone ready economy commercial yourself himself hand.','2022-02-20','Jeffreybury',923),(624,'College matter direction simply discover little cost.','2023-03-18','Washingtonfort',419),(625,'Its would property whose.','2022-09-21','West Andrewstad',532),(626,'Beat key us claim before.','2021-07-13','Clarkfurt',142),(627,'Begin education identify likely help choose past.','2023-02-11','Kennedyview',847),(628,'Later it else capital ability dog.','2023-03-22','East Sarah',357),(629,'Action necessary provide any beautiful join see.','2022-12-16','Roweburgh',502),(630,'New relate goal enter purpose thousand instead.','2020-07-23','West Sharon',797),(631,'Person forget and enough.','2020-11-12','West Jillbury',412),(632,'Street develop figure cup couple.','2020-05-04','Lake Kylehaven',67),(633,'Movement yourself evidence involve some race word.','2024-03-04','West Douglasmouth',727),(634,'Story change still street.','2023-10-06','Sarahland',496),(635,'Choice push approach economic.','2021-10-06','West Amy',578),(636,'Help central various upon.','2024-02-02','Vasquezville',800),(637,'Save whether blood voice civil identify.','2023-10-03','New Timothyfurt',562),(638,'Receive season mean until matter wind.','2021-12-24','Martinezshire',306),(639,'Wonder only also protect court parent.','2024-11-08','West Evelynport',740),(640,'Scientist chair whose personal turn.','2024-06-29','Courtneyville',441),(641,'Skill relationship including return bank.','2023-02-09','South Michael',895),(642,'Performance level improve window let indeed light.','2021-03-23','South Robertburgh',23),(643,'Level early spend moment bring reflect seem.','2023-06-14','Paigeland',715),(644,'Top very different series if life.','2023-12-08','Marcoborough',541),(645,'Technology third born industry back director light.','2021-01-07','East Dawnstad',716),(646,'Street beat him story.','2023-11-06','New Ricardo',53),(647,'Baby dog good interesting respond capital.','2020-08-17','Johnsonchester',978),(648,'Civil arm realize reduce week hear issue.','2023-10-23','West Crystalshire',59),(649,'Mean artist lawyer room trade determine country.','2020-02-19','North William',437),(650,'Man a politics respond grow various.','2024-06-03','New Darrell',321),(651,'Goal increase spend turn yes deal necessary.','2023-09-09','Michaelville',855),(652,'Difference however but newspaper baby fire go.','2022-10-23','Port Brucetown',89),(653,'Lay control ask computer board.','2023-11-10','New Jordanstad',188),(654,'Often interest act fast hot let.','2020-01-27','Torresburgh',963),(655,'However mean share wish analysis.','2021-10-21','Cookburgh',104),(656,'Require discuss black bad pattern population leg.','2021-08-23','Port Cheyenneland',182),(657,'Spring kid animal wonder.','2024-07-22','Hartview',586),(658,'Fish show as during address.','2020-08-27','Ryanville',6),(659,'Magazine form international plan throughout society allow everybody.','2020-07-22','North Sethland',350),(660,'Hospital center site thing reality.','2020-07-02','Banksfurt',756),(661,'Structure camera with fish.','2023-02-22','Leahland',474),(662,'Old know whether follow within sense.','2020-10-31','East Robertstad',850),(663,'Provide season team each.','2020-12-27','Ericstad',664),(664,'Manager stuff few history again attention type.','2024-03-20','West Brookeburgh',935),(665,'Difference structure they you.','2020-12-18','Flynnstad',270),(666,'Analysis together however participant Mrs page choose stand.','2020-07-12','South Kimville',629),(667,'Include meet company region.','2020-07-20','Torresmouth',545),(668,'Use environment floor himself.','2024-04-08','East John',118),(669,'Evening the word pretty.','2022-07-29','New Gregory',201),(670,'Contain follow cold explain.','2024-03-05','Port William',51),(671,'Visit answer prove southern even then science mouth.','2020-04-22','Millerview',577),(672,'As network painting everybody option would.','2022-03-26','Michelleside',136),(673,'Hit civil material.','2024-08-24','Angelamouth',456),(674,'Under apply model soldier member total.','2020-06-02','East Williamberg',120),(675,'Law prove despite course.','2024-01-14','Maysmouth',515),(676,'Buy cut real budget identify cell.','2023-06-04','East Michael',193),(677,'Use nothing political avoid discover.','2023-04-11','East Dylanmouth',614),(678,'Now bring exactly concern.','2023-03-07','Webbfurt',98),(679,'No approach road PM.','2020-06-03','North Anthony',110),(680,'Take through star success.','2023-08-03','New Michaelville',25),(681,'Authority by guy bad ok other rise.','2023-09-24','North Brianmouth',531),(682,'Though him machine grow.','2021-08-05','Laurenmouth',246),(683,'Student office spring indicate religious sort.','2023-10-19','North Jacob',956),(684,'Social defense letter behavior.','2021-03-08','Brianbury',548),(685,'Seem face whom hot.','2021-01-21','Camposberg',88),(686,'Trouble tough share.','2024-08-21','South Jacobborough',679),(687,'Tonight talk table staff green card baby.','2024-04-19','Susanfurt',702),(688,'Ahead western station truth detail join.','2020-08-13','Mackenziemouth',507),(689,'Mrs move eight mission.','2023-09-18','New Angeltown',43),(690,'Decade together property experience.','2022-04-20','Lake Courtney',169),(691,'Together land provide deal marriage call.','2020-09-26','Danielview',33),(692,'Billion case field score near.','2024-02-21','Oliviamouth',189),(693,'Card how off.','2020-10-15','Arnoldton',438),(694,'Skill audience question doctor although company.','2021-12-27','Knightbury',834),(695,'Moment game black.','2022-08-01','New Tiffany',394),(696,'Wish public state reach machine action.','2021-11-10','Andersonside',223),(697,'Whom machine trial change.','2020-02-05','West Colleen',710),(698,'Board five whether else easy arrive such.','2021-07-01','Jonstad',100),(699,'Military put knowledge summer night market others have.','2020-10-03','Jillianberg',961),(700,'Personal deal save involve.','2020-03-14','Brittanytown',25),(701,'Indeed pick nor affect.','2020-12-30','New James',827),(702,'Should memory clearly.','2020-10-31','North Walterview',265),(703,'Democrat before rise pass early relate everybody.','2021-07-14','Timothyberg',926),(704,'Eight space you drop spend party.','2023-04-07','Scotthaven',403),(705,'Buy sound product.','2021-11-11','Karenview',493),(706,'Better already picture weight style.','2020-01-02','Hortonborough',786),(707,'Central lot plan authority right when.','2024-04-20','West Antonio',77),(708,'Realize Congress wall executive situation provide.','2024-06-26','Audreyhaven',843),(709,'Beyond choose star available.','2024-04-16','East Robert',57),(710,'Half accept break station.','2020-08-16','Brookston',243),(711,'Current benefit firm.','2022-07-06','Matthewfurt',796),(712,'Market different left wife minute difficult almost region.','2024-04-15','West Isaac',744),(713,'Artist job type stay.','2020-02-19','Tiffanyview',455),(714,'Customer lawyer choose.','2023-07-19','New Walterton',83),(715,'Win safe figure until.','2021-11-12','Rogerston',269),(716,'Mind whole social yeah bit accept camera.','2020-01-15','Christophershire',573),(717,'International visit shoulder beautiful perform.','2020-09-08','Sergiohaven',146),(718,'Financial instead operation huge.','2022-06-18','East Jessica',432),(719,'Across clearly key answer fish.','2021-12-14','Mendozachester',355),(720,'Style speak wait entire usually.','2024-07-03','Port Valerie',753),(721,'Poor whether help.','2023-05-24','Charleschester',946),(722,'Many open small practice keep the party.','2024-08-12','Bryantshire',537),(723,'College scientist leave.','2024-08-15','Toddbury',152),(724,'Child we trouble involve read say.','2024-05-12','East Jasonton',304),(725,'Else social stock.','2021-10-17','New Nicolestad',673),(726,'Agree size decide fire.','2023-08-29','Estradafort',892),(727,'North anything include foreign.','2024-01-20','Lake Jonathan',502),(728,'Service writer forward ten not.','2020-08-30','Port Janiceshire',717),(729,'Also live free protect usually industry buy ground.','2024-07-19','Wilsonport',656),(730,'Pay even garden former number real including.','2023-07-29','Elizabethhaven',264),(731,'Leader especially Democrat learn.','2020-03-06','South Eriktown',938),(732,'Wife wind year finally court police.','2024-06-11','Josephland',147),(733,'Nearly expert hundred anything most son party through.','2024-01-20','Lyonsfort',666),(734,'Attack prepare happy store mind.','2023-01-07','South Nicholas',337),(735,'Police be training road thought month issue.','2023-03-06','Randallbury',953),(736,'Along foot carry much eat anyone fine.','2021-06-12','East Christine',580),(737,'Remain Congress start officer.','2020-11-08','Garyport',889),(738,'Born strategy her thank.','2022-11-16','Jeanville',949),(739,'Back trouble alone chair something.','2022-07-16','Carolville',178),(740,'Our phone space sell rather.','2022-03-19','Lake Johnberg',827),(741,'Lot human seat plan develop.','2024-09-04','West William',234),(742,'Parent someone cell person writer report image.','2020-08-12','Port Dalechester',305),(743,'Stage trip push us bring join general.','2022-10-03','Port Melissaside',802),(744,'Note well attention indeed spring third surface.','2024-06-30','Lake Sean',328),(745,'Might lead sport should sea.','2021-05-28','Silvastad',479),(746,'Difficult everybody future require sell.','2021-09-06','Jacobview',645),(747,'Best study shake skill top also phone big.','2020-08-10','Jamesburgh',337),(748,'Safe smile organization professional hospital.','2020-07-29','East Brenda',758),(749,'Us best service seven wind today according.','2021-02-05','Port Brenda',369),(750,'Become single indicate.','2022-02-10','Lake William',282),(751,'Southern hope home hot fall work whether.','2024-07-20','Adamsmouth',426),(752,'Family visit spend open.','2024-09-27','Jeffreytown',201),(753,'Push interest deep eye well process hot.','2021-03-25','Lake Jessica',107),(754,'List these interest catch total.','2022-11-26','Shermanmouth',543),(755,'Strong gas apply reality east reach unit color.','2024-06-02','South Brendaborough',629),(756,'Fish give fall.','2024-02-26','Clinemouth',73),(757,'Evening process like Mrs compare likely.','2022-10-04','North Miguelbury',471),(758,'Structure onto rock democratic administration.','2023-10-19','Rachelshire',29),(759,'Partner political man level hold school.','2020-04-27','Martinezburgh',911),(760,'Decide production newspaper issue.','2021-06-21','East Christopher',834),(761,'Accept face recent garden.','2022-02-03','Port Jason',530),(762,'Tough several improve author.','2023-10-04','West Bradleyside',650),(763,'She than career before source likely this.','2020-10-23','Katherinebury',676),(764,'Ask sing effort.','2022-12-21','East Barryfort',295),(765,'Join son check will road thing trade.','2021-09-20','Vincentton',274),(766,'My need amount.','2020-10-30','Josephmouth',882),(767,'Suddenly development usually detail defense commercial.','2024-07-11','Sandersstad',479),(768,'Family generation appear activity avoid large money.','2024-01-20','West Michael',437),(769,'Join avoid state meeting.','2024-09-06','Port Jennifermouth',148),(770,'Final article industry.','2024-04-24','Port Donaldland',783),(771,'Usually three they room.','2023-05-04','Steventon',481),(772,'Current glass story property lose.','2020-01-21','Lake Marcstad',145),(773,'Above raise century between thus article job.','2024-04-10','Mollyfurt',975),(774,'With wear range stage country student budget model.','2020-07-02','Clarkmouth',642),(775,'Prevent large view model thus.','2024-10-19','Port Yvonneport',76),(776,'Teach star most seek cold available senior.','2024-10-18','Gonzalezton',379),(777,'New often community.','2020-03-20','Thompsonville',532),(778,'Return brother item.','2020-12-26','Martinview',999),(779,'My bed win art.','2023-10-27','Lake Lanceside',245),(780,'Risk situation evidence base skill Congress machine.','2022-11-03','Yoderborough',322),(781,'List century share although everything able consumer.','2024-01-27','Kirkfurt',781),(782,'Blood long group various sing.','2022-06-03','Olsonmouth',106),(783,'Financial method deal major.','2022-03-22','Ericatown',445),(784,'Here agency after case at able star.','2021-09-08','Michaelland',458),(785,'Share then blue drug like along store.','2020-09-29','Fordburgh',13),(786,'Throughout network traditional red once.','2020-02-08','Silvaton',903),(787,'Believe foreign now own end figure.','2021-08-17','Port Richard',140),(788,'Space whom body expect thing interesting.','2021-01-12','West Christopher',642),(789,'Make read catch available tend that term.','2024-04-03','North Ashleyborough',318),(790,'Yet education receive suffer speech word operation.','2023-12-10','North Latasha',952),(791,'Away later require act.','2023-01-25','East Joyfort',932),(792,'Other executive hair official industry.','2024-08-06','East Valerie',273),(793,'While produce know example station.','2021-09-25','North Jacquelinemouth',80),(794,'Attorney full opportunity.','2022-06-06','Shafferstad',621),(795,'Lay together real her week.','2023-03-13','Nicoleside',265),(796,'Thing pretty law visit current them.','2020-06-21','Brookemouth',110),(797,'Onto it official imagine around.','2024-03-15','Townsendside',794),(798,'Dark run sea court surface old cover effect.','2021-08-14','Piercebury',500),(799,'Treat song company serve.','2022-10-04','South Whitneyburgh',672),(800,'Blue they church Democrat success along.','2021-11-05','Port Robert',573),(801,'Everyone size TV line.','2020-02-06','Lake Larryview',258),(802,'Series data million list before kitchen successful.','2020-02-12','Lopezberg',97),(803,'In opportunity girl small.','2020-05-11','East Heidi',283),(804,'Able foot television.','2024-07-31','Morganbury',20),(805,'Cultural sign though hold security election.','2024-04-11','Bethanyfort',788),(806,'Industry character idea staff civil.','2021-06-04','East Kimberly',346),(807,'Shoulder leave these least various east.','2020-02-15','Kennedyfurt',336),(808,'Charge somebody assume.','2022-11-04','West Sarah',1),(809,'Participant plant consider then according.','2020-02-01','West Amandachester',542),(810,'Any meeting top.','2023-05-13','North Phillip',891),(811,'Wait arrive statement themselves piece fact.','2024-04-29','Port Danielshire',765),(812,'Wonder join sing candidate serious space.','2020-11-22','North Andrewside',664),(813,'According able everyone over.','2022-04-13','Larryville',568),(814,'Recent pattern according throw receive after certainly several.','2024-07-13','West Richard',275),(815,'In special resource social field beat human herself.','2023-03-06','Port Ryanbury',257),(816,'Base fund send full development.','2021-12-10','Rogersshire',292),(817,'Take onto better adult able.','2022-05-01','Taylorstad',398),(818,'East building them.','2022-10-15','Markstad',728),(819,'Have give majority play carry.','2023-12-19','Jenniferberg',328),(820,'Short spend true certain.','2022-08-06','West James',166),(821,'Into southern source inside take.','2020-09-08','Port Theresabury',201),(822,'Story newspaper become protect walk.','2023-08-02','New Carol',831),(823,'Tv road test certainly answer focus blood.','2022-06-01','South Stevenside',699),(824,'Once remain station rest pay enough bag.','2024-06-24','Jeffreyview',25),(825,'Box throughout bit seek Republican.','2022-06-27','East Edward',928),(826,'Build health soldier price there.','2021-10-04','North Jeffrey',840),(827,'Page three world work act who study.','2020-04-27','Lake Richardmouth',57),(828,'Series contain travel forget.','2021-10-29','North Phyllisport',103),(829,'Agency respond certainly prove nature five truth reach.','2024-10-02','East Brian',914),(830,'Form none themselves.','2024-10-10','Port Brianfort',484),(831,'Hard full stop evening low article according center.','2024-02-24','West Jayborough',8),(832,'Head brother step what.','2021-04-18','Lake Megan',292),(833,'Thus major attorney herself cause almost.','2020-04-07','Higginsbury',951),(834,'Weight more sing own debate long.','2021-09-27','Torresland',327),(835,'On across matter.','2020-06-16','Lake Frederick',737),(836,'Lead what game seven.','2020-02-07','North Kirsten',896),(837,'Dog must story successful.','2021-08-11','Lake Matthew',110),(838,'Four event training him sense truth rise.','2022-05-21','North Christopherhaven',326),(839,'Lose southern involve light produce partner morning.','2023-06-06','West Shaneport',972),(840,'Doctor care although yet action.','2023-07-13','Christianstad',827),(841,'Others they boy official.','2023-08-15','Davidport',300),(842,'Two center sound edge about clear.','2021-01-07','Kurtbury',609),(843,'Hand night north city Mrs.','2021-09-27','Ianshire',751),(844,'Fast prevent prove range hear.','2021-06-14','North Carla',822),(845,'Debate billion thousand happen capital affect from.','2023-07-05','South Maureenport',532),(846,'Anything today season green eat.','2023-08-18','West Emilyside',606),(847,'Reason stop college Congress adult husband break.','2021-03-05','North April',66),(848,'Fact student factor group.','2022-01-02','Josephbury',999),(849,'Smile manager region daughter seat local.','2023-01-16','Port Olivia',602),(850,'Truth hotel special.','2021-01-08','Wattsville',622),(851,'Check could why carry create.','2022-09-13','Robertside',762),(852,'Receive decade each suggest agree threat dog soldier.','2024-10-16','Joseburgh',199),(853,'News institution however responsibility price purpose system.','2024-07-25','Michaelburgh',437),(854,'Traditional still become evening physical.','2020-04-26','Port Nicoleberg',842),(855,'Impact there indeed shake arrive our.','2022-02-10','New Justin',596),(856,'Near and exactly concern.','2022-05-27','Devinborough',896),(857,'Strong animal study a individual.','2023-03-18','South Shawnfurt',58),(858,'That area born note prove write more.','2021-03-19','Lake Ashley',604),(859,'Personal something know tree.','2022-02-12','Caitlinhaven',704),(860,'Assume who new military social and return.','2020-10-31','South Angelaview',619),(861,'Fact stay artist important town attention.','2023-01-11','Lake Denise',910),(862,'Speech hospital benefit evidence.','2022-12-22','Robertsport',463),(863,'Apply maintain protect ability impact want.','2020-08-16','Port Jennifer',897),(864,'National relate me someone.','2020-11-13','Lake Joshuabury',532),(865,'Born seek strong rich.','2023-08-14','West Christopher',177),(866,'Determine appear argue easy century forget young.','2023-10-01','Leonton',637),(867,'Lay argue together.','2020-03-19','South Marcusfurt',75),(868,'Buy condition cost exist participant become across.','2021-06-25','Melissastad',595),(869,'Store should whole protect agree.','2024-02-25','Torresville',296),(870,'Sometimes leave term billion room.','2020-01-29','Nicoleville',707),(871,'Miss dog left as.','2020-10-01','West Brenda',991),(872,'Ask road what several course pass west.','2024-03-17','South Amandabury',633),(873,'Education movie case forget chance should pick.','2023-04-19','Davisbury',697),(874,'Current stuff account.','2021-06-23','Port Laurieburgh',387),(875,'Seek or forget could three brother perhaps.','2023-11-05','Port Leslieview',586),(876,'More accept wear office.','2024-08-29','East Jamieland',739),(877,'Grow church only TV morning music late task.','2021-08-14','Jacobtown',290),(878,'Available look manager.','2021-12-04','Richardfort',828),(879,'Season board kind represent nation.','2023-06-14','North Garyfurt',748),(880,'Throw social two.','2024-02-22','East Marcfurt',556),(881,'Strong seven on rock exactly thousand certainly mention.','2020-10-11','Michaelland',312),(882,'Glass wall ready around.','2020-01-24','Benjaminside',55),(883,'Water north sing view school trouble cover truth.','2021-04-04','Simonbury',742),(884,'Billion response test.','2024-02-03','Hillmouth',255),(885,'Training alone little sign sense scene month.','2021-09-26','East Rickytown',632),(886,'Individual why anyone say here any.','2023-12-10','South Jessestad',112),(887,'Able pull room young.','2020-10-17','Richardburgh',239),(888,'Tax water interview claim.','2021-07-18','Lake Wendy',308),(889,'Concern nothing pick together serve clearly industry.','2024-03-07','West Brian',693),(890,'Himself these news fill security.','2022-05-05','New Jennifer',870),(891,'Plan view expert happen suddenly.','2024-05-07','South Lisafurt',732),(892,'Page most organization view expect fight.','2020-04-12','North Conniestad',727),(893,'Upon perhaps some training standard interesting left performance.','2021-07-21','West Diamond',791),(894,'Away conference part attention listen human camera.','2023-07-02','Port Carolinefort',139),(895,'Prove design down part learn between thus set.','2021-08-23','Karenchester',860),(896,'Walk hard risk.','2024-06-16','Dorischester',881),(897,'Level camera mention hand really guess.','2022-03-16','Lloydton',691),(898,'Many else fear also stay my skill.','2021-08-23','Cassandrafurt',193),(899,'Even if professional reduce.','2024-03-11','Thomasbury',83),(900,'Design deep threat send sound establish.','2022-07-29','Carolton',667),(901,'Society evening bit become sense.','2021-12-01','Vincenttown',436),(902,'Ok drop energy fund if myself measure.','2021-05-05','Port Gregory',507),(903,'Sure such brother customer opportunity baby voice.','2020-04-17','Lake Davidport',789),(904,'Kitchen part economy only probably I.','2020-03-03','Lake Carmen',436),(905,'Realize property economic pattern cover with each clearly.','2024-06-13','Terrencehaven',44),(906,'Project seat measure allow total international last memory.','2021-12-06','Lake Scott',2),(907,'Pattern or sign.','2020-08-09','North Christianville',910),(908,'Sport pull arrive.','2023-11-09','Lake Sharon',217),(909,'Country add short three area skill test.','2024-04-12','West Jasonborough',943),(910,'Unit interest message house turn.','2023-02-15','New Kenneth',119),(911,'Action able mind bag building foreign voice.','2022-11-24','North Aaronville',611),(912,'Teacher show bit remain recognize.','2021-09-09','Danielville',927),(913,'Strategy population team measure.','2023-04-10','West Jonathanview',643),(914,'Economy draw west statement.','2023-03-05','West Teresaberg',813),(915,'Realize that significant lose.','2020-02-02','East Justin',618),(916,'Mention easy religious mention prevent certainly.','2021-06-18','West Carrie',806),(917,'Ability paper her.','2024-06-30','Lake Colinville',566),(918,'Tv easy film past thing ok result.','2020-11-03','South Joseph',786),(919,'Tree new just leader become film kid little.','2021-06-18','Lake Leahberg',925),(920,'Agree manage inside age.','2023-07-22','Marieborough',626),(921,'Home decide soon loss step word buy.','2022-06-06','South Mary',960),(922,'Service recently too three sport individual.','2024-01-10','Port Mark',170),(923,'Bad director society water however edge west trade.','2021-02-16','Adamhaven',772),(924,'Condition care than.','2024-07-24','Nguyenhaven',453),(925,'Personal back would ahead huge cultural.','2021-02-10','Denisetown',490),(926,'Sing summer live civil happen.','2022-12-29','New Jon',645),(927,'Religious over concern social.','2021-01-14','Brockchester',862),(928,'Three piece game maintain board.','2021-06-14','Veronicaborough',968),(929,'Tonight foreign theory actually agreement TV certain.','2023-07-01','Robinsontown',453),(930,'Board good speak what interview deal as notice.','2020-09-18','North Kimberly',944),(931,'When available green firm back improve.','2020-12-23','Kristieside',337),(932,'Address much true they.','2022-05-07','Thomashaven',984),(933,'I behavior nothing low.','2021-05-22','North Kristinamouth',141),(934,'Represent moment central author grow camera foreign.','2022-06-27','South Michael',646),(935,'Senior movement page TV move pick interest.','2021-01-22','Ryantown',487),(936,'Her drop reduce.','2024-03-29','Davidhaven',230),(937,'Wide seem large experience service throughout.','2021-05-30','Williamchester',799),(938,'But human plant already think parent also.','2020-11-03','Schmidthaven',478),(939,'Nothing cultural away reason.','2022-01-20','Amyfurt',938),(940,'Society painting if central we rather mean finally.','2023-12-16','West Sharontown',835),(941,'Man agreement bar whatever recent former.','2020-07-27','Port Zachary',599),(942,'Million pick sort.','2021-05-05','South Jamie',124),(943,'Reveal experience war.','2023-09-08','East Jimchester',921),(944,'Staff attention performance.','2022-12-01','Jeffreyview',262),(945,'Image kid itself report represent.','2024-03-02','North Christopher',19),(946,'Machine green bring high prove certain.','2023-10-16','Tiffanyville',920),(947,'Say actually view public remain short example.','2022-05-21','Lindatown',7),(948,'It must guess something present.','2021-01-25','Scottside',752),(949,'Fast win fast magazine message.','2023-06-11','Port Jamesburgh',201),(950,'Other nor nature.','2020-12-20','Janicechester',156),(951,'Prepare onto almost history into baby.','2021-06-08','Mathischester',926),(952,'Management financial ability discussion.','2024-08-05','New Johnland',484),(953,'Enjoy maintain fish.','2021-09-02','Lake Robertchester',163),(954,'Mention first foreign government truth old carry occur.','2020-07-01','Jenniferborough',750),(955,'Network executive feel accept amount live.','2023-12-30','West Ricardo',111),(956,'Close notice new station.','2023-12-11','South Michelle',739),(957,'Spend several large notice according move so.','2020-07-10','New Eric',432),(958,'Get role service.','2020-04-20','North Lonnietown',847),(959,'Evidence old more natural anyone often rich.','2022-11-17','Port Joshua',648),(960,'At music section only eat.','2021-06-08','East Jonathanside',215),(961,'Size now cost free.','2022-08-26','Justinfurt',578),(962,'Cause black explain along keep manager understand.','2020-06-20','Peterburgh',963),(963,'Form I occur exist send such.','2024-02-09','Dunnborough',463),(964,'Green team down ever agency.','2020-07-17','Melissabury',26),(965,'After sort every outside cell federal.','2021-03-12','Nelsonview',312),(966,'Program your those party light summer.','2024-06-13','Angelamouth',488),(967,'Avoid particularly western five national five some.','2024-08-08','Meganburgh',236),(968,'Against our everyone key.','2023-02-19','West Josefort',957),(969,'Might choice speak fear threat reduce.','2022-05-03','East Mariaville',168),(970,'Exactly decide want moment interest never.','2020-10-24','Pruittmouth',129),(971,'Build even wall among open under loss everything.','2020-01-13','South Bonnieside',852),(972,'Main writer huge many over person.','2021-08-19','Port Whitney',656),(973,'Here later speak modern anything truth write season.','2021-04-15','South Sydneystad',399),(974,'Organization town skill day.','2021-03-24','Beltranshire',78),(975,'Soldier partner require.','2024-02-01','Port Chad',330),(976,'Across police walk pattern year million.','2022-07-29','Alexanderville',839),(977,'Stay indicate long simply read consumer book have.','2023-08-07','Lewisburgh',216),(978,'Life dog clearly.','2021-08-30','Vaughanmouth',773),(979,'Official action large treat again return happen.','2022-12-26','Lake Bruce',155),(980,'Wonder general claim whether time production.','2020-02-12','North Juanmouth',357),(981,'Painting edge read receive writer health.','2024-08-01','South Andrewland',292),(982,'Girl pattern wide design.','2022-11-17','Port Jenniferberg',68),(983,'Green action relationship open likely democratic two.','2020-12-15','South Eric',809),(984,'Into central international young away floor.','2023-08-20','Smithton',89),(985,'Analysis sell certainly star win become light.','2024-07-26','Rileyland',203),(986,'Particular understand physical employee score.','2023-12-10','East Shelly',654),(987,'Easy car picture kitchen sure month risk.','2020-06-10','Markfort',804),(988,'Focus down responsibility.','2024-05-14','Port Shane',897),(989,'Raise wish three someone newspaper here.','2024-07-15','East Timothyshire',621),(990,'Think loss can night also.','2022-04-28','Lake Angela',996),(991,'Matter number white hour majority political.','2021-12-10','Gregorychester',32),(992,'Continue vote prevent will simple woman box.','2024-02-20','North Mistyborough',661),(993,'Before provide factor mean speak truth sound stay.','2021-11-14','North Heidiville',121),(994,'Wait option manage away.','2020-03-09','East Samuel',339),(995,'According than sense simple score enter student.','2020-09-11','North Anthonyburgh',961),(996,'Stock remain become test suddenly mouth indeed.','2023-01-18','Lake Zachary',947),(997,'Job lawyer hotel sell begin message life none.','2023-04-21','North Robertchester',471),(998,'Live attack technology economy.','2021-07-20','West Sheena',466),(999,'Environmental small study quite.','2020-08-11','Anthonyhaven',474),(1000,'Stop site east matter reduce number young.','2020-03-25','East Joshua',360);
/*!40000 ALTER TABLE `evidence` ENABLE KEYS */;
UNLOCK TABLES;

--
-- Table structure for table `incident`
--

DROP TABLE IF EXISTS `incident`;
/*!40101 SET @saved_cs_client     = @@character_set_client */;
/*!50503 SET character_set_client = utf8mb4 */;
CREATE TABLE `incident` (
  `incidentNumber` int NOT NULL AUTO_INCREMENT,
  `incidentType` varchar(255) NOT NULL,
  `incidentDate` date NOT NULL,
  `location` varchar(255) NOT NULL,
  `incidentStatus` varchar(255) NOT NULL,
  `incidentDesc` varchar(255) NOT NULL,
  PRIMARY KEY (`incidentNumber`)
) ENGINE=InnoDB AUTO_INCREMENT=1001 DEFAULT CHARSET=utf8mb4 COLLATE=utf8mb4_0900_ai_ci;
/*!40101 SET character_set_client = @saved_cs_client */;

--
-- Dumping data for table `incident`
--

LOCK TABLES `incident` WRITE;
/*!40000 ALTER TABLE `incident` DISABLE KEYS */;
INSERT INTO `incident` VALUES (1,'individual','2024-02-07','East Anthony','Closed','Maybe quickly this perform author indeed.'),(2,'natural','2023-03-15','East Josehaven','Open','Factor phone throughout.'),(3,'reality','2024-08-03','East Morgan','Closed','Morning forget speech join economy woman fear animal.'),(4,'bring','2023-02-09','West Tinaside','Open','Answer sound but car trip kitchen you.'),(5,'now','2020-09-24','West Danielhaven','Closed','Suffer pay result cultural.'),(6,'peace','2024-02-08','Vasquezville','Pending','He way far surface he gun.'),(7,'him','2023-12-31','Velazquezhaven','Open','Mr seem up yeah.'),(8,'whatever','2023-03-22','West Timothymouth','Open','Or court occur natural street arm.'),(9,'grow','2023-09-29','South Amy','Closed','Seek artist husband avoid every.'),(10,'just','2022-06-12','Boltonville','Open','Off laugh the very pattern environmental.'),(11,'believe','2023-04-02','East Jessica','Pending','Beyond represent us decide sense way.'),(12,'his','2024-03-05','Stevenchester','Pending','At travel get talk if.'),(13,'box','2024-11-17','Manninghaven','Open','Fact interview while care those whom magazine.'),(14,'address','2021-08-10','Annehaven','Open','Myself catch look drop will get leg.'),(15,'seat','2023-03-17','Brownfurt','Pending','Type skill property recently write few cover.'),(16,'break','2020-11-14','South Charlesside','Closed','Than suggest base husband up build soldier.'),(17,'respond','2022-11-30','North Lesliefort','Closed','Floor week election hold source nature bad.'),(18,'floor','2024-10-13','Millerfort','Closed','Stay it friend responsibility public man simply quality.'),(19,'mind','2023-12-29','North Julieberg','Closed','Some somebody community exactly anything magazine.'),(20,'travel','2020-12-06','Brianside','Pending','Whether health build worry nor develop travel career.'),(21,'manage','2024-11-11','North Richard','Open','Let development than director.'),(22,'hundred','2024-06-18','Donaldburgh','Open','Moment visit carry activity down career.'),(23,'computer','2021-12-01','Alexisland','Closed','Factor research himself.'),(24,'air','2023-11-09','Lake Brookeport','Pending','Strategy city receive help.'),(25,'wall','2023-09-19','North Kevinfurt','Closed','All push door health federal.'),(26,'reflect','2020-02-14','Port Donnaton','Closed','Adult bad nothing seven require author edge.'),(27,'million','2022-12-07','Collinsbury','Closed','Increase me film court political turn.'),(28,'me','2021-01-17','Brianville','Open','End research choose seven.'),(29,'population','2023-06-17','New Jade','Open','View partner leg these Mrs with.'),(30,'street','2023-09-09','Amandamouth','Open','School maybe then exactly financial writer store.'),(31,'many','2024-10-07','South Ashlee','Closed','Ever into account operation section.'),(32,'own','2023-06-15','Donnamouth','Closed','Best say pass exist million design court.'),(33,'none','2021-11-07','Parkerview','Open','Husband ever fast good.'),(34,'available','2022-03-14','Rodriguezshire','Closed','Common civil skin first.'),(35,'capital','2020-05-15','Jamestown','Open','Create sort off girl know.'),(36,'American','2024-05-10','Victorview','Open','Administration send agree well teach building.'),(37,'morning','2023-01-12','Tamarahaven','Closed','Heavy rich radio institution.'),(38,'represent','2023-03-27','Wesleyborough','Open','Whom plant him American.'),(39,'resource','2023-10-31','Lake Daniel','Closed','Vote yes current current sell turn.'),(40,'measure','2021-06-05','South William','Open','Ball almost behind goal audience ball.'),(41,'contain','2020-12-13','Duranshire','Pending','Can above training.'),(42,'yeah','2022-03-31','New Anneborough','Pending','Page arrive if collection.'),(43,'movement','2020-10-10','North Russell','Pending','Stock PM current through.'),(44,'process','2021-06-20','Stevenburgh','Pending','Environment visit dark message.'),(45,'keep','2023-01-23','North Williamfurt','Pending','Plan than surface necessary something want.'),(46,'trial','2020-12-26','Port Alyssa','Pending','Sing street power add scene.'),(47,'Congress','2021-01-14','South Jonathonland','Open','Sing leader environment plant something institution.'),(48,'ago','2023-08-10','Rossbury','Closed','Physical think student home get energy science add.'),(49,'foreign','2020-06-09','Port Tracyhaven','Pending','Public behavior partner provide price order.'),(50,'think','2023-05-25','Holmesmouth','Pending','Pretty friend item some.'),(51,'soldier','2022-05-01','North Jason','Open','Late TV experience decision create.'),(52,'focus','2023-01-13','West Laurenchester','Pending','Community speech increase rise boy relate age speech.'),(53,'option','2021-05-14','Moranville','Open','Structure certain financial arrive.'),(54,'his','2024-09-10','North Connie','Pending','Experience system line part.'),(55,'drug','2023-09-07','Jamesfurt','Pending','Forget same course very young road free above.'),(56,'brother','2021-10-12','Patriciaport','Open','Form leader ok herself season prove special.'),(57,'network','2024-11-20','West Nicole','Closed','Artist adult capital.'),(58,'institution','2024-06-02','South Frankport','Pending','Follow pay only community.'),(59,'also','2023-06-21','Danielfort','Pending','Hope wind challenge agree per significant.'),(60,'recent','2021-12-04','South Michaelstad','Closed','Guess perform exactly per total.'),(61,'policy','2024-06-25','East Lauraland','Open','Military word region want describe church film season.'),(62,'term','2022-07-25','Lake Rebecca','Open','Quite television year popular.'),(63,'deal','2024-05-09','Harrisshire','Open','Customer long will fish general understand join more.'),(64,'record','2020-09-19','Port Kelly','Closed','Maybe tree mouth sure.'),(65,'girl','2020-06-07','Phillipsburgh','Pending','Author friend shake turn.'),(66,'decide','2024-04-11','Greerberg','Closed','For as skill plant.'),(67,'science','2020-08-28','North Sabrinaton','Closed','Baby easy drive nearly how.'),(68,'more','2020-10-16','Lisashire','Pending','Reveal few term name.'),(69,'magazine','2021-05-11','Port Collinshire','Closed','Knowledge travel military always friend both off.'),(70,'assume','2024-03-15','Sullivanview','Closed','Trip understand ball year color toward think.'),(71,'shoulder','2023-10-01','Tiffanyfurt','Closed','Someone away prove purpose.'),(72,'accept','2022-03-24','New Douglas','Open','Law her different last form space class.'),(73,'push','2020-09-18','Georgechester','Pending','Hundred remember together night expect floor set.'),(74,'artist','2024-03-24','South Robertfort','Closed','Thought doctor adult eye station cold include.'),(75,'contain','2023-02-08','East Andrea','Open','Window as individual cover especially chance identify man.'),(76,'project','2023-11-10','East Sheri','Closed','Mr last probably customer professor letter.'),(77,'senior','2024-05-16','South Markview','Closed','Evening oil production.'),(78,'business','2022-09-28','Jonathanmouth','Open','Around yeah reach itself enjoy kind.'),(79,'company','2024-05-13','Cindychester','Pending','Study action rich medical environmental sort despite.'),(80,'program','2023-07-04','Gonzalezmouth','Closed','Lose less age something.'),(81,'write','2022-01-27','Pricemouth','Open','Pull degree news near card share argue.'),(82,'including','2024-01-10','Melissastad','Open','Girl me learn pretty hand each all alone.'),(83,'describe','2021-03-11','Mcguirefurt','Open','Message believe join glass.'),(84,'always','2023-09-17','Shannontown','Open','Which radio program difference.'),(85,'off','2020-01-03','Kyleport','Open','Great reflect leave left job box.'),(86,'well','2021-04-03','Jeffreytown','Pending','But organization significant control marriage experience defense strategy.'),(87,'against','2023-08-06','Tracyview','Open','Fund instead send.'),(88,'religious','2021-12-03','West Michael','Pending','Strategy form including situation necessary but instead.'),(89,'television','2022-05-03','Fergusonview','Pending','Fill training really buy.'),(90,'off','2021-04-22','Marshallberg','Open','Build thus those whole project leg compare.'),(91,'during','2023-11-13','Haysshire','Pending','Fight strong score voice today tend bit.'),(92,'long','2020-10-07','Meyermouth','Closed','Message cold factor clearly name.'),(93,'democratic','2021-05-21','Brownhaven','Closed','Eight push his chance feeling.'),(94,'large','2023-03-11','Port Ryanfurt','Pending','Different natural and somebody newspaper.'),(95,'prepare','2023-12-13','Ashleyside','Closed','Group charge begin find foot sense note.'),(96,'there','2023-06-19','Campbellmouth','Closed','Because appear truth give trouble political wonder.'),(97,'price','2023-08-06','Tranland','Open','Look hot task sit task miss section.'),(98,'item','2023-11-28','Valerietown','Open','Close entire summer mind without heart.'),(99,'hour','2023-11-07','West Kimberly','Open','Which material write modern allow follow factor.'),(100,'trip','2021-07-16','North Larry','Pending','Will though discover contain boy society agreement whatever.'),(101,'note','2024-04-02','West Michelle','Open','Area pass center role section push work.'),(102,'whole','2024-05-15','East Jose','Open','Safe future more worker thus decade civil.'),(103,'father','2020-05-07','North Aaron','Closed','Set require option manage toward commercial source.'),(104,'establish','2022-01-27','Colleenview','Pending','Wall economy rule class.'),(105,'appear','2022-07-24','North Lauraside','Open','Term prepare office carry religious president.'),(106,'customer','2021-05-12','East Donna','Open','Return born she any nature sign center.'),(107,'book','2024-04-29','Wilsonside','Pending','Drive treatment the research professional.'),(108,'practice','2021-12-11','New Monique','Pending','Drive set politics particularly later employee scientist deal.'),(109,'pattern','2021-03-14','New Brett','Open','Response conference few kitchen.'),(110,'during','2021-05-06','Howardborough','Open','Study head set professional.'),(111,'direction','2020-05-02','Emilymouth','Open','Green because off talk color cause if.'),(112,'finally','2020-03-18','East Alan','Open','Vote than do receive put.'),(113,'back','2021-04-15','West Sydney','Pending','Like road up or why.'),(114,'leg','2021-04-26','Lake Justin','Open','To front get job similar.'),(115,'lead','2024-07-03','South Robyn','Closed','Over conference leg better theory interview among.'),(116,'public','2023-07-21','South David','Closed','Realize arrive one world begin evening.'),(117,'oil','2020-06-03','Port Melanie','Closed','Politics although often discover station story.'),(118,'TV','2021-10-24','Littleview','Pending','Rise surface name usually young until.'),(119,'daughter','2023-11-22','New Kimberly','Open','Military we north school ok its subject.'),(120,'main','2022-05-03','Ryanmouth','Pending','Foreign like thank risk road.'),(121,'chair','2024-01-04','North Cynthiatown','Pending','Difference mention avoid teach quality.'),(122,'father','2023-03-07','Aaronport','Closed','See commercial suddenly once.'),(123,'present','2022-10-14','New Ericaton','Open','Door common him office baby expect.'),(124,'method','2021-08-19','Ramirezfurt','Closed','Hit station none expert model recently.'),(125,'perform','2021-11-25','Tanyaport','Pending','Education help sell Democrat beautiful way national sing.'),(126,'everyone','2021-04-16','Perezburgh','Closed','Put me industry community north truth model.'),(127,'officer','2023-01-04','Rileytown','Open','Determine toward far be agreement ago cup behavior.'),(128,'eye','2021-07-23','North Brianborough','Pending','Strong type camera decide whom especially none.'),(129,'perhaps','2023-05-10','Carolshire','Closed','Source understand subject method major very pretty.'),(130,'young','2024-09-03','Barnesside','Open','Identify play fast in sport medical tonight.'),(131,'me','2024-01-23','West Ashley','Closed','Gas matter within early sure million single tree.'),(132,'science','2023-02-25','South Christopher','Open','Beautiful she memory too beat put until.'),(133,'account','2020-09-04','New Edward','Closed','Huge Republican point trade single run.'),(134,'use','2020-05-13','Thompsonton','Closed','Cell get keep.'),(135,'campaign','2020-10-17','Sanchezview','Closed','Your anything ability between only free be let.'),(136,'traditional','2022-11-13','Jessicastad','Open','Research already believe plan.'),(137,'century','2021-10-09','Troystad','Pending','National building ever college until huge.'),(138,'rich','2020-03-20','Port Rodney','Pending','Total little bank us probably.'),(139,'mention','2021-04-17','Lake Amytown','Pending','Discover floor father dinner doctor travel beautiful.'),(140,'city','2021-11-21','Blankenshiptown','Pending','Almost blood voice store movement tell range community.'),(141,'option','2020-07-23','Lake James','Pending','Try current other wrong value send mind.'),(142,'lay','2023-06-17','West Melindaside','Open','In choose most arrive book.'),(143,'people','2020-09-07','Pattonbury','Open','Financial during final receive poor consider seem.'),(144,'site','2020-10-13','Pittmanside','Open','Behind prove according.'),(145,'question','2024-02-28','Christopherfort','Closed','Property customer within push loss walk everybody.'),(146,'understand','2024-10-07','Port Amber','Pending','Bed lead six how son.'),(147,'nation','2022-08-08','Lake Amystad','Closed','Investment specific machine minute election final know.'),(148,'day','2021-05-31','New Samantha','Pending','Worker worry once there anyone.'),(149,'these','2022-07-17','Rosalesshire','Pending','Nearly require become expect.'),(150,'again','2024-07-14','South Tristanside','Pending','Reveal news inside course worker particularly actually bank.'),(151,'itself','2021-09-02','West Williambury','Pending','Trade begin alone film think toward without.'),(152,'site','2020-07-03','Jeanettetown','Pending','Analysis mind break early financial price.'),(153,'myself','2020-06-11','Melissaview','Open','Girl year cold draw.'),(154,'officer','2023-07-13','New Michaelmouth','Closed','Scene hour significant simple thought take.'),(155,'interest','2020-08-21','Port Michaelville','Open','Rest note skill meeting.'),(156,'food','2022-10-11','Bakerland','Pending','Population news increase party public international body.'),(157,'today','2020-06-02','West Ann','Open','Network pattern red represent.'),(158,'audience','2021-08-29','East Robertburgh','Pending','Book enjoy authority turn him send.'),(159,'inside','2022-09-07','Rogerstown','Closed','Word save former security admit single what.'),(160,'career','2024-10-04','East Christopher','Open','Her kitchen determine person trip really within.'),(161,'page','2024-03-02','Gillland','Pending','Contain listen room.'),(162,'line','2020-12-08','New Kim','Closed','Trial student rather city occur seven.'),(163,'left','2021-06-03','Port Breanna','Pending','Receive note also among cold reflect vote.'),(164,'style','2020-11-02','New Cody','Closed','Radio long by board.'),(165,'affect','2020-04-27','East Craig','Pending','Like according need.'),(166,'degree','2020-03-09','Cindyborough','Open','Medical anything physical usually teacher chance cold.'),(167,'garden','2024-10-05','Fuentesstad','Pending','Place citizen religious actually out million people budget.'),(168,'think','2023-05-11','East Jonathanhaven','Closed','Eye who miss say benefit.'),(169,'work','2023-02-24','Loweryberg','Pending','Hundred me ground land control land.'),(170,'whose','2023-04-05','Coreyshire','Closed','Opportunity close fact.'),(171,'course','2023-08-08','Port Michelle','Pending','Old clear avoid data forward.'),(172,'almost','2024-10-04','Jamesland','Pending','Magazine bank development late.'),(173,'each','2022-08-18','New Kathleen','Open','Visit sell likely activity.'),(174,'become','2020-03-01','Jayburgh','Closed','Raise song full thought against international sometimes.'),(175,'go','2023-11-27','Port Christinamouth','Closed','Yet mention understand maintain.'),(176,'career','2021-07-08','Castilloport','Closed','According rest soldier sea growth serve.'),(177,'responsibility','2020-01-31','Garciaside','Closed','Moment religious stuff everyone.'),(178,'value','2020-06-14','Lisafurt','Closed','Expert sit know month cell.'),(179,'write','2022-12-28','North Sarahaven','Closed','Stock civil former effort.'),(180,'east','2023-09-19','North Davidtown','Open','Party down third along respond quickly conference.'),(181,'need','2023-07-21','Lopezhaven','Closed','Phone low recently which current pick.'),(182,'oil','2022-05-09','Wilsonville','Open','Court reason nor standard.'),(183,'note','2023-05-22','Lisafurt','Open','Finish heavy join.'),(184,'item','2023-06-11','Lake Alyssa','Closed','Land he road owner finish different among.'),(185,'before','2022-08-31','North Elizabethshire','Open','One central break arm employee administration thought.'),(186,'late','2020-10-12','Port Sethport','Closed','Thus threat a behind foot deal kind.'),(187,'part','2020-08-20','Port Scott','Pending','Century agree easy activity personal.'),(188,'ball','2022-10-16','Lake Michaeltown','Pending','Few out perhaps wait this.'),(189,'nation','2021-07-23','Estesmouth','Closed','See produce maintain respond north.'),(190,'because','2023-07-15','North Timothytown','Open','Condition near wife executive phone win only.'),(191,'military','2021-10-08','South Derrickshire','Closed','Feel those it interview.'),(192,'far','2021-10-17','North Josephshire','Pending','Responsibility say leg piece.'),(193,'until','2022-04-27','New Jessica','Pending','Sell amount recent compare reason charge truth whether.'),(194,'bring','2022-12-03','Brownfort','Open','Born outside black.'),(195,'need','2022-03-30','Kennethville','Open','Laugh past model some no care continue.'),(196,'full','2024-10-04','South Wendymouth','Open','Loss sure since reveal information agency leave.'),(197,'generation','2023-12-22','Garzashire','Open','Boy fight prove suggest determine small low game.'),(198,'save','2023-01-12','Danielletown','Open','Store far education.'),(199,'soldier','2020-06-17','Millsfort','Open','Early fire size.'),(200,'many','2023-10-22','Yolandaborough','Pending','East send what statement successful give knowledge.'),(201,'provide','2021-09-15','North Johnport','Pending','Ahead realize right else.'),(202,'teach','2021-12-06','Port Michael','Closed','Yet might that evidence discover what.'),(203,'industry','2022-05-20','Penaville','Pending','Car tough easy low house article.'),(204,'administration','2020-04-28','Ronaldview','Open','Girl none early music claim run town.'),(205,'knowledge','2022-03-03','Caroltown','Open','Seem hospital PM build suddenly put out.'),(206,'meeting','2022-10-09','Port Marissa','Open','Whether in want claim together against throw.'),(207,'own','2024-01-07','North Andrewview','Pending','Deep forget worker gas past suffer anyone.'),(208,'really','2021-06-23','Julieland','Pending','Determine blue note just.'),(209,'fall','2020-01-16','North Christopher','Pending','Indicate fire daughter goal.'),(210,'others','2022-06-24','Josephhaven','Open','Eye if though window artist wrong imagine break.'),(211,'view','2020-04-01','Hughesville','Closed','Fire speak law send guy bit reflect nearly.'),(212,'so','2024-02-29','Perkinsland','Pending','Service tend purpose line management process.'),(213,'night','2024-01-18','Charlesberg','Pending','Understand better later shoulder today recognize.'),(214,'son','2024-08-10','Acevedomouth','Pending','Help grow enter window card.'),(215,'song','2020-11-23','Port Susan','Pending','Month law apply officer begin under.'),(216,'play','2023-02-18','Lake Lindsey','Closed','True attorney city amount dinner matter.'),(217,'since','2022-04-04','South Kimberly','Closed','Figure forget full.'),(218,'imagine','2020-09-06','West Jeffrey','Pending','History right great lay three.'),(219,'middle','2020-09-18','Jameshaven','Closed','Than itself improve certain national board.'),(220,'team','2022-04-11','South Benjaminton','Pending','Job citizen until make ball long.'),(221,'card','2023-01-26','Wilsonland','Open','Describe develop hour believe daughter.'),(222,'respond','2020-03-29','North Katelyn','Closed','Too opportunity notice full this.'),(223,'material','2021-08-10','Watsonfort','Pending','Space spend even.'),(224,'read','2023-07-12','South Jose','Open','Their often true mean.'),(225,'member','2021-01-19','East Jessicatown','Closed','Adult professional purpose create list.'),(226,'official','2020-01-29','Jamieburgh','Open','Never agent rise discuss rather.'),(227,'truth','2020-08-18','Callahanbury','Open','Event use industry.'),(228,'style','2020-06-11','Craigfort','Open','Recent might kitchen across within relationship.'),(229,'shake','2022-04-16','Matthewville','Pending','Between social outside bar young finally.'),(230,'feel','2023-03-08','Lake Christopher','Closed','Art short either rise we on different their.'),(231,'must','2022-05-07','West Jon','Open','Anyone plan price.'),(232,'news','2023-07-13','East Keith','Closed','Stop itself onto Democrat box start pay ok.'),(233,'us','2023-11-17','Holmesview','Open','Miss language pull several show majority see.'),(234,'between','2023-04-25','Collinsshire','Pending','Free rather report service participant maybe.'),(235,'nice','2020-12-03','West Jesus','Open','Choose office why power however free field inside.'),(236,'too','2022-10-01','Joeland','Closed','Walk win already leave daughter politics.'),(237,'any','2021-08-15','Johntown','Pending','Dinner human want want.'),(238,'strategy','2024-07-16','Michaelview','Closed','Themselves sister unit half TV.'),(239,'fast','2023-03-15','South Linda','Open','These approach fire mission billion.'),(240,'each','2023-12-02','South Gabrielle','Closed','Here send least ball identify case.'),(241,'ready','2020-06-22','South Brittany','Open','Nearly maintain traditional listen energy.'),(242,'air','2020-08-07','West Angelachester','Pending','My decide walk technology east much church.'),(243,'attack','2022-09-02','Denisefort','Closed','Wait economic method.'),(244,'short','2021-11-04','North Karen','Closed','That me structure college computer not hope role.'),(245,'reality','2024-07-16','Lake Brenda','Closed','Buy establish three reality quickly around.'),(246,'short','2021-01-30','Martintown','Open','Heavy a front yourself.'),(247,'size','2023-10-29','Ryanmouth','Pending','Sure imagine deep physical author under well.'),(248,'born','2020-01-18','Michellechester','Closed','Heavy benefit operation hotel amount.'),(249,'garden','2020-09-20','East Stephanie','Open','Food finally paper thank step bank shoulder.'),(250,'herself','2021-12-19','Dariustown','Closed','Avoid big doctor ground beat safe.'),(251,'theory','2021-09-05','Tateberg','Closed','Serve threat speak later whatever step that.'),(252,'each','2021-08-17','Kathleenview','Closed','Language agent at hear include about.'),(253,'still','2020-03-06','Natalieborough','Open','National tree debate person simple.'),(254,'seat','2020-06-19','New Jamesborough','Closed','Matter certainly certain job firm.'),(255,'service','2021-10-08','South Aprilside','Closed','Purpose administration push perhaps add do player.'),(256,'drug','2022-10-26','Lisabury','Pending','Expect attorney reality yard size use west.'),(257,'its','2023-05-27','South Rebeccamouth','Closed','Level bed vote whole body raise.'),(258,'why','2020-01-07','North Angelica','Open','Image church that.'),(259,'again','2023-10-16','Sueside','Pending','Industry over spend involve five including yard.'),(260,'member','2020-10-17','Lake Tiffany','Closed','Prevent great already deep arm.'),(261,'until','2024-05-17','Paulfurt','Closed','Wall expect trade whether mean identify.'),(262,'I','2021-03-31','Angieville','Closed','Page his around poor.'),(263,'best','2021-11-08','South Richard','Open','Final we church candidate.'),(264,'plant','2021-02-07','New Jake','Open','Sport them painting coach go.'),(265,'address','2023-12-18','New Amberstad','Pending','Feeling maintain listen watch tell.'),(266,'heavy','2021-12-20','Meganton','Pending','Final wall out door morning late.'),(267,'whatever','2023-04-18','Paulberg','Pending','Me black yeah study fact he air.'),(268,'message','2023-01-25','Ashleymouth','Pending','Hand cup teacher course east.'),(269,'week','2023-11-25','West Howard','Pending','Task degree short operation interview.'),(270,'explain','2021-05-16','Mariaton','Closed','Occur amount new drop show.'),(271,'pull','2024-06-13','New Brendaville','Closed','Deal evidence language no hot fight nation.'),(272,'social','2021-02-25','Jayberg','Closed','Religious over maintain head.'),(273,'a','2020-07-28','East Brandonshire','Pending','A word structure clearly institution bit change threat.'),(274,'vote','2021-08-12','New Jamestown','Closed','Election speech mouth test notice case specific.'),(275,'trade','2022-06-19','Lynchside','Pending','According specific far television which billion collection blood.'),(276,'today','2024-10-05','Ginastad','Open','Production music appear go also building war.'),(277,'either','2023-09-09','New Steven','Pending','They piece cost foot word arm throughout.'),(278,'fall','2020-03-06','New Yvonne','Closed','More surface manager in.'),(279,'listen','2022-08-04','North James','Closed','Since condition large benefit occur standard practice deal.'),(280,'ground','2023-03-30','East Tina','Pending','Enjoy from technology TV determine traditional someone.'),(281,'environmental','2023-09-14','Anthonyview','Open','Republican media nothing chance agency to training window.'),(282,'light','2024-02-23','Julieshire','Open','Away cost least billion.'),(283,'threat','2024-08-15','North Suzanne','Closed','First measure process them across.'),(284,'whatever','2021-10-30','Rangelshire','Pending','Tough authority do half attack prove wear.'),(285,'performance','2020-01-09','Lake Jessica','Pending','Different while media pick ten.'),(286,'visit','2020-08-02','East Elijah','Pending','Option investment office late attorney someone discuss happen.'),(287,'heavy','2021-10-22','Perryberg','Pending','Result beautiful bed sea material agreement but.'),(288,'simply','2022-10-17','Hernandezmouth','Pending','Including unit always what western analysis company.'),(289,'cut','2023-09-24','New Jefferyton','Pending','Again human lot meet he.'),(290,'young','2024-10-19','East Benjamin','Open','Happen despite reach environment.'),(291,'social','2024-05-21','Port Daniel','Pending','Adult house no pressure reduce office chance.'),(292,'reduce','2023-10-17','South Heather','Closed','Discover officer with up end concern.'),(293,'gas','2020-11-29','Bethtown','Pending','Friend rest career camera firm.'),(294,'great','2022-08-23','Annport','Closed','High stop nice rest stuff health.'),(295,'southern','2024-07-20','Lake Thomasborough','Open','Television people ask side home price far.'),(296,'style','2021-04-02','Hansonstad','Open','Board others house international lawyer example.'),(297,'difference','2023-09-08','Theresachester','Open','Board focus health.'),(298,'western','2020-03-01','New Thomas','Closed','Make medical whole building already nice.'),(299,'decision','2023-09-25','Valeriehaven','Open','Culture work site maybe material and.'),(300,'personal','2021-05-03','Lake Ginaview','Open','Dinner end drive success when early.'),(301,'modern','2022-01-10','Lauraburgh','Closed','Determine road wide know oil writer game parent.'),(302,'energy','2023-09-13','Port Markfort','Pending','Note glass rise.'),(303,'occur','2021-11-14','South Charlesland','Pending','Recently rather data three base task there.'),(304,'church','2024-06-22','Blakefort','Closed','Chance join half challenge grow.'),(305,'boy','2020-01-06','Roachhaven','Open','Three Mr risk feeling.'),(306,'name','2022-10-24','Cindyport','Open','Particularly practice mother agree growth last.'),(307,'success','2024-11-17','Lisaburgh','Closed','President important program form.'),(308,'town','2021-11-19','Lake Ryanview','Open','East officer down teacher sure never consumer.'),(309,'less','2020-04-02','Stephensonberg','Open','Perhaps close boy so beyond southern national.'),(310,'institution','2024-10-15','Lake Drew','Closed','Possible adult level amount style.'),(311,'Mr','2021-09-24','Larrybury','Pending','Simple southern state possible enjoy conference do approach.'),(312,'series','2024-06-24','North Albertville','Closed','Black prove second.'),(313,'should','2021-10-13','Port Valerieville','Open','Magazine under training need her cost.'),(314,'about','2020-10-09','Port Lisaberg','Closed','Suffer expert factor enter second.'),(315,'top','2022-12-03','North Thomas','Pending','Tough event end make first manage summer.'),(316,'assume','2020-11-17','Toniberg','Open','Arm people friend us.'),(317,'start','2021-09-24','Heathermouth','Closed','Still strong result morning hot religious return money.'),(318,'during','2020-02-09','Mariaville','Pending','Kid north any blue.'),(319,'method','2024-07-11','New Paulport','Closed','Suddenly else act no pull art.'),(320,'must','2021-08-31','West John','Open','Pm then inside life thing project military.'),(321,'control','2023-12-12','Port Kaylafort','Closed','So head without commercial industry.'),(322,'response','2024-09-23','South Craig','Open','Central she sit parent itself.'),(323,'speech','2021-10-13','North Kristine','Open','City happen even leg area day forward activity.'),(324,'garden','2022-05-23','Amandaville','Closed','Machine produce society you yard record.'),(325,'plan','2021-04-25','Sylviahaven','Closed','Let west listen.'),(326,'kitchen','2020-09-22','Bensonview','Open','By behavior herself ability no laugh.'),(327,'anything','2023-09-17','Lake Anthonyside','Pending','Three increase chance until.'),(328,'pretty','2023-01-27','South Debra','Pending','Thus respond mother card region.'),(329,'allow','2021-01-14','North Jennifershire','Closed','Woman company report deep add suggest worry parent.'),(330,'value','2021-04-18','Port Shanefurt','Pending','Strategy law hair sing his north opportunity.'),(331,'point','2023-10-24','North Teresa','Open','Series six view most bag beat alone.'),(332,'area','2020-05-19','New Ginashire','Closed','Red piece among body street.'),(333,'industry','2021-05-24','Lake Richardport','Pending','Inside serious black where instead.'),(334,'civil','2023-07-24','Obrientown','Closed','Issue positive out single charge open.'),(335,'establish','2020-12-01','Port Paul','Open','Morning today his.'),(336,'any','2020-10-13','North Susan','Closed','Bit west one well.'),(337,'herself','2022-12-22','Cherylbury','Closed','Wrong popular reason control.'),(338,'everybody','2022-06-23','Brianville','Closed','Information moment sure song economic prepare shoulder.'),(339,'enjoy','2024-02-18','Greenchester','Pending','Boy style open ten Congress.'),(340,'during','2022-09-07','Jeffport','Pending','Standard push piece idea.'),(341,'military','2024-11-01','Port Christopher','Closed','Bed data assume story say.'),(342,'car','2022-01-27','East Chelsea','Open','Anyone politics into put policy threat beyond.'),(343,'certainly','2020-10-06','Marksborough','Closed','Worry tough main indeed during.'),(344,'pressure','2020-05-28','Lake Jack','Closed','Number leave serious save.'),(345,'thus','2021-01-19','New Catherineville','Open','Popular story participant part national attention contain.'),(346,'director','2020-12-02','East Brittanyhaven','Pending','Different how court yet either cost.'),(347,'ever','2021-01-30','Montgomeryshire','Pending','More summer report inside so general somebody letter.'),(348,'exactly','2024-09-25','New Tammyside','Closed','Attorney where probably enough soon still your.'),(349,'end','2022-12-21','Lindseyfort','Closed','Bring state community hope experience body discussion.'),(350,'recognize','2024-08-27','Jonesstad','Pending','Behavior role idea practice.'),(351,'decade','2020-03-10','East Meghan','Closed','Mrs whole father.'),(352,'treatment','2024-10-28','Lake Kristine','Open','Become more wide office make trial.'),(353,'include','2023-12-12','Owensstad','Closed','President nor leader month in like.'),(354,'evidence','2023-02-17','Smithfurt','Closed','Heart three allow sign.'),(355,'employee','2024-03-19','Rachelland','Pending','Until member film debate particularly.'),(356,'artist','2023-04-06','North Tammyview','Pending','Interest common weight energy Republican sense.'),(357,'father','2024-11-08','Ashleyberg','Pending','Specific bank purpose develop.'),(358,'campaign','2023-10-27','North Lindaview','Closed','Turn even gun view.'),(359,'in','2021-04-24','Garciaville','Pending','We bill item character door.'),(360,'modern','2022-07-10','Lake Keithside','Pending','Feel standard provide mind.'),(361,'issue','2020-06-08','New William','Closed','Organization way performance girl for loss.'),(362,'west','2020-02-24','New Denise','Open','Source yourself game tree.'),(363,'baby','2023-10-24','Katherinebury','Pending','Line activity country rise ok option behavior.'),(364,'strategy','2023-08-12','West Robertberg','Pending','Under such listen prove wind.'),(365,'structure','2022-11-18','Greenmouth','Closed','Production statement may yard remember interview.'),(366,'decade','2020-07-18','Tranmouth','Closed','None them fine.'),(367,'us','2022-11-11','Hardyview','Open','Between add every.'),(368,'spring','2020-05-12','West Roberttown','Pending','Next kitchen certain his risk already organization.'),(369,'garden','2020-09-15','South Rhondamouth','Open','Certain pay arm able.'),(370,'section','2023-05-06','Javiermouth','Pending','Mean best seat side.'),(371,'two','2023-12-23','North Alicehaven','Open','Official this million side.'),(372,'yet','2021-11-29','Joshuabury','Closed','Realize off spring.'),(373,'school','2022-12-24','West Kathleenfurt','Pending','Authority everyone improve woman drop each before.'),(374,'choose','2020-02-09','Josephstad','Pending','Source usually fight four seem interesting.'),(375,'wide','2020-05-06','Kirstenfort','Open','Certainly leave matter language economic near garden.'),(376,'particular','2020-05-01','Port Yolandashire','Open','Write ground yeah fine upon to pay assume.'),(377,'station','2021-05-21','East Cynthia','Closed','Whose above space child medical edge enough.'),(378,'civil','2020-05-16','Gregoryside','Open','Foot middle either yourself study establish choose east.'),(379,'mission','2022-12-11','South Stanley','Closed','Success much actually daughter most there.'),(380,'main','2021-02-02','Warrentown','Pending','Usually and notice.'),(381,'office','2022-03-01','Mcgeeport','Open','Attention reflect writer appear really.'),(382,'section','2023-07-06','Port Marcusville','Closed','Threat him ago quite.'),(383,'avoid','2023-10-24','Port Rhonda','Pending','Born artist two personal.'),(384,'organization','2020-05-11','Smithland','Closed','Mention room remain during sit.'),(385,'have','2024-08-04','Perezfurt','Closed','Hold grow young threat.'),(386,'six','2020-11-10','Jamesburgh','Pending','Church military former leader try tree then.'),(387,'shoulder','2020-09-02','New Samantha','Open','Yeah trial admit easy raise make truth.'),(388,'never','2021-07-10','Matthewfort','Open','Size own into let woman hot growth.'),(389,'watch','2022-12-22','New Jerry','Pending','Near next adult full little.'),(390,'middle','2023-10-29','South Christopher','Open','Few out pull officer herself local.'),(391,'toward','2022-06-13','South Kurtport','Pending','Bank food it next person.'),(392,'PM','2023-05-07','Alexismouth','Open','East sea analysis data produce.'),(393,'spend','2023-06-10','Lake Whitneyside','Open','Sure represent for often wide woman.'),(394,'which','2022-09-14','Gabrielleview','Closed','They level produce.'),(395,'on','2020-08-14','Powersfurt','Pending','Democrat sort country result.'),(396,'possible','2020-01-16','Solomonhaven','Pending','Field small deal explain successful.'),(397,'billion','2022-08-08','Masonbury','Open','Treatment food any control arrive.'),(398,'discover','2023-01-27','Cindyport','Pending','Amount trouble less other factor maybe.'),(399,'whose','2023-11-05','West Michaelville','Pending','Minute history alone western.'),(400,'career','2022-04-16','East Amandaview','Closed','Author address career three form development.'),(401,'improve','2021-02-07','Johnside','Open','Possible at receive theory coach ask.'),(402,'board','2021-12-31','South Jennifer','Closed','Answer cell tell go.'),(403,'world','2020-08-29','Ryanburgh','Open','Light available wife family of federal.'),(404,'energy','2020-03-23','Alexandershire','Pending','Win clearly themselves none court sort project.'),(405,'add','2022-02-19','Shawmouth','Open','Name commercial politics none show billion your.'),(406,'capital','2021-07-23','Evansville','Open','Simply she per clear through evidence.'),(407,'not','2024-03-04','Susanton','Closed','Happen among loss better speak lot.'),(408,'that','2020-02-11','North Connie','Closed','Approach when produce responsibility hot.'),(409,'member','2024-08-23','Duranberg','Open','Article city sell everybody.'),(410,'although','2024-04-08','Mooremouth','Open','Main available spend magazine I study just.'),(411,'speech','2023-08-22','Melanieton','Closed','Change hope condition production issue.'),(412,'blood','2020-06-29','Blackside','Pending','Real after also support.'),(413,'yard','2022-08-06','Lake Johnfurt','Open','Seek learn myself pull where material manage building.'),(414,'east','2020-09-24','Michaelside','Closed','Religious present surface.'),(415,'age','2023-03-01','New Jessicahaven','Closed','Return police machine.'),(416,'surface','2021-07-19','Jenningsmouth','Pending','Feel bar box green task.'),(417,'hold','2022-08-03','Port Alan','Open','Sort international meeting war health.'),(418,'life','2020-06-29','New Monica','Pending','Nice tax weight word.'),(419,'anything','2020-03-09','South Greg','Closed','Task court real believe approach would.'),(420,'ability','2020-11-17','Johnsonhaven','Open','Key walk raise role former wrong particularly.'),(421,'report','2021-11-23','North Cindy','Closed','Task who political detail no level.'),(422,'short','2020-03-28','Cassandrahaven','Pending','Test standard full miss fly.'),(423,'if','2021-10-01','Schmidtton','Open','Medical ever part among seven point.'),(424,'economy','2020-07-17','Meganmouth','Closed','Piece stand west onto you data character.'),(425,'finish','2020-01-17','Greenfurt','Open','Message deal newspaper spend traditional as.'),(426,'first','2023-02-16','Huffville','Closed','Pick suffer several explain.'),(427,'management','2024-02-24','West Adamfort','Pending','Decision politics hot white.'),(428,'marriage','2023-02-14','Melendezchester','Open','Use air statement still.'),(429,'strategy','2024-02-17','Stephenside','Open','Line yet believe activity.'),(430,'seem','2021-06-05','Charlestown','Closed','Measure clearly including young image growth.'),(431,'area','2020-05-26','North Michelle','Closed','Card save compare against.'),(432,'realize','2024-08-02','Atkinsonberg','Closed','Help purpose town.'),(433,'find','2021-09-20','Smithfurt','Pending','Thank moment citizen avoid top born.'),(434,'age','2024-05-04','Karichester','Closed','Art job firm because.'),(435,'tree','2020-09-01','South Jenniferview','Open','Never wrong pressure section feeling against scene.'),(436,'grow','2022-07-31','Lake Geoffrey','Closed','Town billion fast so.'),(437,'team','2022-01-01','Lake Ericborough','Open','Share always number commercial certainly.'),(438,'serious','2023-02-16','Brownburgh','Pending','Who protect tend plant.'),(439,'seat','2021-09-17','Lake Mindyview','Closed','Why pull serious back test defense.'),(440,'public','2023-08-31','Sotoview','Closed','Fine happy you stand half main morning.'),(441,'around','2020-05-18','Brownport','Open','Card main somebody.'),(442,'surface','2023-08-13','Danielfort','Open','Break board room speak best growth.'),(443,'direction','2024-08-20','Cunninghamberg','Pending','Beyond wife too billion.'),(444,'fight','2023-08-21','Chungside','Open','Yeah choice ball important onto modern care.'),(445,'friend','2021-09-14','North Wendy','Open','No example staff.'),(446,'mind','2023-05-15','Leeburgh','Open','Already bit both health specific measure.'),(447,'relate','2020-03-11','Travisfort','Pending','Owner worry range spend alone ask subject.'),(448,'size','2023-03-04','Monicatown','Closed','Mind building mean forget enough side.'),(449,'simple','2021-05-13','Westland','Pending','Man research sister contain.'),(450,'great','2022-12-30','Lake Christine','Closed','Far those blue report pull listen approach administration.'),(451,'think','2020-06-08','Andersonstad','Pending','Congress however stay try.'),(452,'school','2022-09-04','Lake Anthonyfort','Open','Agreement cell appear author artist choice sing.'),(453,'form','2024-08-28','Michaelport','Pending','Model instead sing remain.'),(454,'medical','2024-08-02','Ellisonfort','Pending','Send join adult need site painting daughter.'),(455,'option','2020-08-03','West Eric','Open','Final lot one line leg.'),(456,'history','2021-07-24','Bowmanmouth','Open','Let eat plant well six message rate wrong.'),(457,'age','2020-10-22','New Debbie','Closed','Break people difficult beyond sense week too while.'),(458,'person','2024-06-09','East Eric','Open','Billion return behind conference begin.'),(459,'when','2020-10-23','Petersontown','Open','Sister much perform several.'),(460,'no','2024-04-04','Lake Karen','Pending','Minute enjoy everybody society what such use.'),(461,'side','2020-10-29','East Jamie','Open','Nor various film then.'),(462,'involve','2024-08-07','West Jeffrey','Pending','Myself safe over its.'),(463,'small','2022-01-02','Adamton','Open','Bar none new base clearly sometimes wait key.'),(464,'focus','2021-02-03','Lake Marthaberg','Open','Teach anything leader consider number.'),(465,'next','2024-01-24','New Victoria','Pending','Could sing security song population.'),(466,'term','2023-06-28','West Amy','Closed','Shoulder Republican national could attack.'),(467,'feel','2024-01-03','Angelaburgh','Pending','Personal military carry choose.'),(468,'relate','2020-03-14','Lopezfurt','Closed','Role few artist health.'),(469,'result','2023-11-03','Port Steven','Open','Attention nor certain machine lose civil.'),(470,'economy','2022-01-18','East Samantha','Open','Capital law large scientist education be.'),(471,'shake','2020-04-18','Campbellchester','Open','Bar music standard human scene.'),(472,'woman','2022-09-18','East Olivia','Closed','Allow mission speech.'),(473,'finally','2021-08-08','Johnport','Closed','Remember organization challenge will new growth outside.'),(474,'individual','2023-12-23','Kimfurt','Closed','Professional statement lose decision guy material.'),(475,'station','2021-03-30','New Patricia','Open','Power list front work.'),(476,'respond','2023-09-30','Ingramchester','Pending','Should remember too task ability without.'),(477,'why','2023-02-01','North Michelle','Pending','Guess the anyone activity science benefit site parent.'),(478,'need','2021-05-22','Lake Kaitlinburgh','Open','Imagine society total.'),(479,'town','2021-01-10','Lake Deanna','Closed','Suddenly challenge last.'),(480,'area','2021-06-04','Rogersmouth','Pending','Economy maintain us test particular show accept.'),(481,'right','2020-04-27','South Derekport','Pending','Available treat population thought foreign reduce.'),(482,'various','2020-05-16','Jenniferfort','Closed','Recent author none receive.'),(483,'without','2022-10-07','West James','Open','Itself subject accept stage especially.'),(484,'enter','2023-04-08','Port Derekton','Closed','Item more treat reduce discuss sing three.'),(485,'ten','2023-11-14','Chasetown','Pending','Speech great my our collection game.'),(486,'set','2021-05-28','South Erikahaven','Closed','Understand economic here eat.'),(487,'director','2021-03-20','Hernandezhaven','Pending','Since one eat better.'),(488,'believe','2022-03-23','Port Adrianport','Pending','Easy western because travel bank suddenly left.'),(489,'class','2020-04-30','South Chadland','Open','Wrong former figure offer baby.'),(490,'environment','2020-09-29','Lake Matthew','Closed','Say business play stuff green major.'),(491,'nice','2022-12-17','East Shannonville','Closed','Must degree which hundred.'),(492,'real','2024-11-20','East Sandra','Pending','Growth federal miss.'),(493,'summer','2022-03-07','East Briannaport','Closed','Bag individual relationship cup.'),(494,'add','2021-09-14','South Dan','Open','Station four forget.'),(495,'beat','2022-08-01','New Bradleymouth','Open','Kid lay never anyone pull have.'),(496,'program','2021-05-22','Port David','Closed','Song star statement story imagine.'),(497,'could','2024-06-18','Paulamouth','Closed','Together but situation bad smile.'),(498,'even','2024-03-03','Sarahmouth','Closed','Radio half product describe office different.'),(499,'budget','2021-01-06','South Samantha','Closed','Base always realize site.'),(500,'of','2021-07-01','Brucebury','Open','Increase cold dinner article exist north house.'),(501,'likely','2023-06-17','North Anne','Pending','Sell cut law must draw garden check rule.'),(502,'house','2023-01-08','Port Rachel','Closed','Bad minute mouth space population throughout national your.'),(503,'Mrs','2023-07-02','Port Paul','Pending','Blue I boy people.'),(504,'list','2024-09-06','West Ariana','Open','Treatment fly certain civil central.'),(505,'feel','2024-08-02','Blakeburgh','Pending','Later fight trouble hot space maintain information.'),(506,'within','2021-10-13','Bradleyville','Closed','All agency student sense ahead mind member.'),(507,'base','2023-10-07','Millsview','Closed','His bank lot our best sell meeting.'),(508,'hair','2024-08-13','New Janetville','Open','Difficult success final standard society defense.'),(509,'rise','2021-07-11','New Michael','Closed','Expect pattern number campaign statement however.'),(510,'teacher','2021-12-26','Amyshire','Pending','Population administration those international.'),(511,'brother','2021-09-30','New Heather','Closed','Apply choose thousand authority learn instead any pattern.'),(512,'lose','2024-07-25','Garciaville','Closed','Network call form yeah movement.'),(513,'everything','2023-04-03','Katherineton','Pending','Reduce security maintain on party.'),(514,'soldier','2022-12-14','North Nataliestad','Closed','Responsibility task other.'),(515,'wide','2021-10-06','Elizabethside','Pending','State two response coach run.'),(516,'recognize','2021-12-02','Cherrychester','Open','Catch short usually rule career truth.'),(517,'family','2021-05-14','Zamorachester','Closed','Dinner raise dinner couple project else early politics.'),(518,'go','2022-04-08','Tiffanyborough','Pending','Follow thank toward beyond argue organization not.'),(519,'know','2020-02-19','Michaelmouth','Open','Worker ever rule pull data official.'),(520,'debate','2020-06-12','Tammiemouth','Closed','Many your science fill loss.'),(521,'five','2024-03-20','Hendrixmouth','Closed','Check mother turn red do.'),(522,'coach','2021-11-20','Susanchester','Pending','Throughout heart debate night.'),(523,'different','2022-05-29','Johnbury','Closed','Speak energy value speech.'),(524,'article','2022-05-14','West James','Pending','Reality operation media gas.'),(525,'you','2021-05-25','East Natalie','Closed','Product we foreign couple ten sure explain.'),(526,'kitchen','2021-04-02','East Erin','Pending','Player trouble charge season major between protect.'),(527,'couple','2024-10-14','Eduardoborough','Closed','Really never still radio paper star.'),(528,'international','2020-02-16','Brittanyburgh','Open','Week boy anyone they among which ask like.'),(529,'without','2021-03-06','South Stephen','Open','Field success young television nor explain.'),(530,'very','2023-08-15','Frostmouth','Closed','Wrong claim future.'),(531,'style','2023-07-07','Andersonburgh','Closed','Nice door than decide sing.'),(532,'could','2022-10-21','North Michael','Open','Bring decade movement sea into.'),(533,'task','2020-10-11','North David','Open','Southern return home these ten both expect.'),(534,'city','2022-10-10','Gabrielhaven','Open','Policy guess deep science view several expert.'),(535,'appear','2022-08-21','East Judith','Closed','Spring until space hard.'),(536,'during','2020-05-11','Port Richardtown','Open','People get in garden whole.'),(537,'issue','2020-12-27','Moonmouth','Pending','Health market large cover public no.'),(538,'each','2024-01-22','Lake Conniebury','Closed','Set growth thing institution sort air war.'),(539,'for','2024-06-05','New Christopher','Closed','Right partner worker example image listen.'),(540,'executive','2023-03-14','North Jose','Closed','Clear meeting necessary several cause politics I.'),(541,'south','2024-01-23','New Linda','Closed','Measure myself account hand lot last our.'),(542,'box','2021-11-13','East Michellehaven','Closed','Cultural miss pay forward size seek training.'),(543,'detail','2020-09-11','Nicoleburgh','Closed','Book hour reason.'),(544,'person','2020-04-03','Brentfurt','Closed','Southern project trial identify buy hospital although.'),(545,'model','2020-11-10','South Melanie','Open','According manager eight total in energy seat whole.'),(546,'night','2024-06-10','Perezport','Closed','Quite artist woman grow network.'),(547,'effect','2024-05-01','Derekview','Open','Challenge thought break article quickly operation lot.'),(548,'soldier','2022-02-28','New Anthony','Closed','World all American value try most thing.'),(549,'job','2022-01-11','West Katelyn','Pending','Teacher organization back memory affect social drop road.'),(550,'occur','2020-06-18','Joshuaberg','Closed','Probably around democratic leader.'),(551,'onto','2022-11-20','New Jennifer','Pending','Shake each prepare win person however would.'),(552,'begin','2020-12-14','Hillhaven','Closed','Property yes board garden garden which.'),(553,'management','2022-07-01','South Ashleyport','Pending','Reach according relate impact.'),(554,'many','2024-02-27','Lake Devinstad','Pending','Carry common scene wish I range leader consumer.'),(555,'fine','2021-06-10','Lake Karen','Pending','Husband hair vote thought stand everybody standard recently.'),(556,'protect','2021-09-27','New Rebeccahaven','Closed','Approach movement PM hotel answer throw morning.'),(557,'beat','2020-12-10','Frankfurt','Pending','Full front with cup.'),(558,'group','2023-10-04','Tamaratown','Pending','Draw today eight knowledge amount cold stuff.'),(559,'imagine','2022-10-21','Lake Sheila','Open','Performance budget expert town.'),(560,'significant','2023-10-03','Angelamouth','Open','Between as movement almost course run tell.'),(561,'hope','2023-04-23','Port Brycemouth','Open','Professor often effect.'),(562,'movie','2020-05-15','Natashaberg','Open','Understand trial parent no yet expert.'),(563,'all','2021-09-15','Port Jamesborough','Closed','Own management adult.'),(564,'military','2020-12-19','Lake Tinaborough','Pending','Conference term sea.'),(565,'very','2024-05-18','West Ryanburgh','Open','This up usually may.'),(566,'skill','2023-09-05','Troyfurt','Open','Style sing name interview.'),(567,'process','2022-08-30','Port Richardland','Closed','Need investment prevent could reality dark.'),(568,'media','2023-12-10','West Jacob','Pending','Describe hospital industry certain treat she dinner.'),(569,'state','2023-08-16','East Samanthamouth','Pending','Yeah six organization table across ask worker.'),(570,'a','2020-11-26','Williamport','Open','Cell candidate better store big all.'),(571,'environmental','2020-07-26','Christopherville','Pending','Pass deal tonight including carry test.'),(572,'someone','2022-05-07','South Adamside','Closed','Instead thus long force require instead could.'),(573,'view','2024-08-29','Hollandport','Pending','War social school degree company expert.'),(574,'food','2023-09-09','North Carlashire','Closed','Perform order seek.'),(575,'specific','2022-08-11','Brownborough','Closed','Area indicate about matter go word simply.'),(576,'bar','2024-01-08','Sharonland','Pending','City edge full change save black paper evidence.'),(577,'rise','2022-09-24','Lake Jessicahaven','Closed','Production personal skin next.'),(578,'stock','2020-05-15','North Jasonhaven','Open','Offer usually economic talk long red approach.'),(579,'wife','2023-06-07','Christopherfort','Open','Surface hotel approach tend rise.'),(580,'project','2024-07-26','West Marcus','Open','Training everyone how energy nor decade check.'),(581,'thing','2022-01-28','Evansport','Pending','Suddenly myself rate significant either.'),(582,'share','2021-02-07','New Annette','Pending','Too of history air.'),(583,'compare','2022-06-17','Zacharystad','Closed','Past total hope.'),(584,'step','2020-05-13','Bakerton','Open','Each fire morning yes bank event beautiful.'),(585,'during','2022-10-24','Lake Kathleen','Pending','Pay tough the him new.'),(586,'various','2021-03-19','New Lisashire','Pending','Clear situation couple range every.'),(587,'purpose','2022-12-31','New Andreabury','Closed','Friend source ever position tax behavior.'),(588,'a','2020-11-03','New Jenniferhaven','Closed','Bar then over enjoy.'),(589,'see','2023-06-12','Emilyside','Closed','Say similar follow level open happy.'),(590,'break','2023-11-27','Lake Julie','Open','Free everything officer law song message cost.'),(591,'idea','2021-11-25','New Joshua','Closed','New guy social his.'),(592,'determine','2022-11-01','Johnstad','Pending','Couple whole way operation apply position.'),(593,'yourself','2021-09-14','North Maryton','Pending','Itself thus fly home.'),(594,'practice','2020-12-30','Moorefort','Open','Drop run respond start.'),(595,'our','2023-06-29','East Shawnchester','Pending','Prepare tonight maybe public beautiful.'),(596,'clear','2021-02-01','West Kristinastad','Pending','City other ok team.'),(597,'seem','2022-12-12','Walltown','Open','Generation boy play hope.'),(598,'prevent','2021-11-30','Jerryfort','Open','Somebody may area save week pick.'),(599,'put','2021-03-12','Laceyville','Pending','Human election seat contain court recognize.'),(600,'produce','2022-12-13','Adamsmouth','Open','Difficult thought seek together outside maintain soon imagine.'),(601,'western','2023-05-31','Kingshire','Pending','Describe southern event concern option firm even happen.'),(602,'security','2021-01-11','Jordantown','Open','Think record high training oil.'),(603,'everything','2024-06-11','Steelehaven','Open','Worry PM opportunity team popular across accept.'),(604,'budget','2023-11-06','North Hannahborough','Open','Exist interest they their with.'),(605,'piece','2021-04-15','Bruceview','Pending','Wife garden type door individual.'),(606,'live','2022-05-29','Ashleyville','Open','Question born plant rise any.'),(607,'short','2022-07-12','Margaretshire','Open','Popular gas thank set happen.'),(608,'art','2021-06-09','New Diamondville','Closed','Collection once look clear candidate cost drop.'),(609,'set','2020-09-02','Pateltown','Pending','Television board could agent level forget.'),(610,'deep','2023-10-23','Lopeztown','Open','Ability baby race drug.'),(611,'however','2023-12-15','Stephentown','Pending','True thus consider evidence grow.'),(612,'democratic','2024-01-28','Clarkbury','Open','Window network nature employee debate new.'),(613,'draw','2023-12-18','Roseside','Closed','End learn Mr tax head.'),(614,'be','2022-01-14','Owenview','Closed','Fall herself knowledge help magazine value term whom.'),(615,'avoid','2022-10-30','East Michaeltown','Pending','Table free character hot.'),(616,'hotel','2021-10-11','North Morgan','Pending','Economic garden heart toward.'),(617,'interview','2024-11-10','Woodborough','Closed','Kid plan professional ball identify call.'),(618,'break','2020-03-04','Tracyside','Open','Present break middle let parent.'),(619,'science','2023-01-22','Lake Katrina','Closed','American while someone daughter thousand student common.'),(620,'Democrat','2020-09-13','Kellymouth','Pending','Star clearly team spring.'),(621,'at','2022-12-10','Palmerside','Closed','Identify music main family nature sound hard.'),(622,'sing','2021-11-02','Erichaven','Closed','Likely figure spend production usually.'),(623,'capital','2023-04-12','Devinhaven','Open','Event change court every affect step little operation.'),(624,'herself','2023-07-04','Katherineville','Pending','Tax policy difficult fact.'),(625,'despite','2023-12-14','New Davidville','Pending','Name authority hotel though.'),(626,'its','2022-12-02','Muellerhaven','Open','Even against born.'),(627,'service','2023-03-19','Galvanburgh','Pending','Price alone matter myself.'),(628,'expert','2022-12-13','South Gordon','Closed','Goal skin administration trip.'),(629,'risk','2024-03-11','Normanside','Closed','Baby them person yes program create politics.'),(630,'between','2021-03-22','West Emilyberg','Closed','Film foreign lead young walk.'),(631,'alone','2024-11-14','East Tony','Open','Fact various participant.'),(632,'behind','2023-09-15','Scotttown','Pending','Cause allow series begin than quality skill impact.'),(633,'shoulder','2024-01-21','East Jaredland','Open','Night training worker quite just.'),(634,'consider','2021-03-26','Savannahside','Closed','Sing seven local.'),(635,'article','2024-04-30','Port Jamesland','Pending','Same plan movement miss whose seat person.'),(636,'hospital','2022-11-15','Colemanchester','Pending','Matter suddenly cut too something why.'),(637,'star','2020-07-31','West Tammytown','Closed','Loss air worker describe film into.'),(638,'however','2021-12-13','Boonefort','Closed','Study also back next.'),(639,'north','2023-06-15','Lake Linda','Closed','Have here each positive.'),(640,'open','2020-01-31','West Valerie','Closed','Successful great green save specific bit.'),(641,'lead','2024-11-14','Jillianton','Pending','Ask pass team her fund view great.'),(642,'imagine','2021-07-24','New Christian','Closed','Cover bad take leader catch.'),(643,'decide','2020-04-15','New Eric','Closed','Follow kid Democrat adult.'),(644,'school','2021-09-04','Nicholasside','Closed','Goal front official similar.'),(645,'through','2024-11-14','Johnstad','Pending','Great mouth speech indicate each management.'),(646,'order','2024-01-27','Michaelshire','Open','Wait community tough skin those significant buy.'),(647,'possible','2021-07-15','Port Allisonville','Pending','Place school between fear visit.'),(648,'say','2020-07-09','Pattersonbury','Pending','Million opportunity as need of red.'),(649,'artist','2023-05-28','Christopherburgh','Closed','Action quality everything growth officer ok mouth.'),(650,'ability','2021-06-20','Lake Kristie','Closed','Speak blood necessary voice fact.'),(651,'exist','2020-12-14','West Carrieshire','Pending','Bar friend wind discussion.'),(652,'heavy','2022-07-14','New Cherylberg','Open','Staff group win side moment without.'),(653,'wind','2023-07-12','Chavezhaven','Closed','Share discussion similar table be.'),(654,'build','2021-11-01','Mayerberg','Pending','Push true point race whom scene.'),(655,'find','2022-12-07','Lake Joshua','Pending','Us purpose factor customer part.'),(656,'stage','2022-02-07','East Markside','Open','Trip allow financial trade analysis later near.'),(657,'other','2023-11-14','East Mackenzie','Pending','Build serious somebody painting.'),(658,'ever','2021-09-18','Port Lorraine','Pending','Trip society call language rich.'),(659,'citizen','2023-10-12','Port Mariastad','Closed','Establish catch what.'),(660,'final','2024-07-15','Heatherberg','Closed','Worry at degree resource.'),(661,'stand','2023-02-24','Penashire','Closed','Movie myself within car street difficult believe.'),(662,'direction','2022-03-20','East Darryl','Closed','Single my same mission.'),(663,'yes','2023-10-22','East Susan','Closed','Dream police question away check.'),(664,'particularly','2024-05-06','Peterville','Open','Some hundred over town skill she.'),(665,'over','2024-09-12','Duncanbury','Pending','Admit they chair rise voice the.'),(666,'talk','2023-11-12','New Sarahtown','Closed','Major year treatment item.'),(667,'bar','2024-01-11','New Andrew','Pending','Little others office line defense within.'),(668,'music','2024-09-29','North Michael','Pending','Republican election daughter father PM.'),(669,'few','2023-08-04','Jimenezfurt','Closed','In sign scene finish.'),(670,'with','2021-05-01','Matthewtown','Closed','Oil relationship drive staff summer art hospital.'),(671,'still','2021-05-27','North Charles','Pending','Cause exactly no face order.'),(672,'total','2023-09-07','Elizabethborough','Closed','Eat challenge anyone present media career whether in.'),(673,'course','2020-02-09','Sanchezland','Open','Later culture research his.'),(674,'college','2021-02-25','Robertland','Open','Than north leader official family.'),(675,'wide','2024-10-04','Hayesport','Closed','Identify least forget true performance young remain.'),(676,'hotel','2023-05-22','South Teresaberg','Open','Exactly a ahead majority quickly.'),(677,'military','2020-07-25','Fostermouth','Pending','Popular different brother sort fight artist relationship.'),(678,'appear','2022-08-09','Cantrellberg','Open','These live success only.'),(679,'reason','2020-07-31','East James','Closed','Force can enjoy national entire.'),(680,'establish','2020-04-21','New Christopher','Closed','Through role sound prepare recently.'),(681,'early','2024-04-22','East Craig','Closed','Force some again floor environmental.'),(682,'huge','2023-10-08','Adamshire','Pending','Right article condition you level throughout serious one.'),(683,'end','2023-05-27','Curtisberg','Closed','Option step experience our argue despite street.'),(684,'hand','2021-04-18','New David','Closed','Clear author inside prepare how agent.'),(685,'feel','2022-03-20','East Edward','Pending','Me happen great last interest entire.'),(686,'idea','2023-06-01','New Annafurt','Open','Box contain another necessary but office.'),(687,'page','2023-05-01','New Kathy','Open','Whole positive front move son upon matter successful.'),(688,'teacher','2024-06-06','Ricardostad','Pending','Executive child or.'),(689,'television','2021-10-15','Stevenville','Open','Special per beyond.'),(690,'purpose','2022-10-12','Port Eduardoville','Open','Next main now above.'),(691,'account','2021-11-27','New Christopher','Open','Next fall to meet allow decade.'),(692,'many','2020-06-03','Lake Mario','Pending','Some here open parent.'),(693,'technology','2022-12-16','Lake Bryan','Open','Theory program body ability glass look we ok.'),(694,'someone','2020-09-03','Griffithburgh','Closed','Learn price early bank.'),(695,'box','2022-01-27','Richardville','Closed','Drive moment Congress hair result lot nature parent.'),(696,'everyone','2020-11-02','Rowemouth','Open','Chair shoulder make again.'),(697,'improve','2021-02-18','South Shane','Closed','Course himself least event manage.'),(698,'raise','2023-06-18','Lake Anthonymouth','Closed','Significant worker production say tend mention.'),(699,'should','2022-10-26','Pricetown','Closed','Better low budget.'),(700,'property','2022-05-17','Elizabethburgh','Open','These Democrat this.'),(701,'decide','2021-08-17','New Ryanshire','Pending','Bank doctor street eat reflect Republican.'),(702,'argue','2022-05-26','New Michaelchester','Open','Movement upon memory gas myself argue.'),(703,'imagine','2023-06-28','Port Gabrielaville','Open','Sometimes local maybe pay half cold rather whatever.'),(704,'direction','2020-12-25','Lake Johnport','Closed','Study exist key near.'),(705,'shoulder','2020-03-03','Katelynport','Pending','Ever share read.'),(706,'community','2022-08-19','Port David','Open','Easy social situation foreign order fire majority.'),(707,'against','2024-05-02','Hancockport','Open','Dream father bad trouble finally kid contain.'),(708,'light','2021-01-04','Glennfort','Open','Evidence heavy may.'),(709,'perform','2023-11-18','Danielfort','Open','Site military the reflect day.'),(710,'knowledge','2020-08-27','Robinsonburgh','Closed','What toward off hospital sometimes door represent account.'),(711,'physical','2023-10-29','North James','Pending','Above space order field until collection share.'),(712,'myself','2020-03-18','Lake Jamestown','Closed','Life network team leader write.'),(713,'away','2020-01-21','West Jonathanside','Open','Support model ask even part be.'),(714,'leader','2024-02-18','Joelfort','Closed','Hair increase here federal man concern he hear.'),(715,'call','2024-02-04','Karenmouth','Closed','Bag send rise determine.'),(716,'at','2022-03-28','Novakmouth','Open','Break around teacher.'),(717,'election','2024-11-17','Tannerville','Pending','Discuss sister top see imagine.'),(718,'grow','2022-08-20','Stewarthaven','Open','Think especially home party window establish throughout.'),(719,'control','2021-11-23','New Kathryn','Pending','Data gun front develop trip data serve.'),(720,'writer','2020-11-28','East Dianaborough','Pending','Certainly free piece price exactly debate air.'),(721,'guy','2024-04-19','Lake Thomasside','Pending','Leader hear couple name fine.'),(722,'approach','2020-11-05','East Ryan','Pending','Kitchen me former middle mean read.'),(723,'positive','2022-11-02','Elizabethbury','Pending','Heart quickly former help.'),(724,'cup','2024-07-05','Curtisbury','Open','Marriage although opportunity strong successful hospital clearly.'),(725,'bed','2021-10-31','Lisashire','Closed','Support think better finally.'),(726,'follow','2020-11-21','Cantuland','Closed','Fill light hospital air true of instead.'),(727,'western','2024-05-11','West Johnshire','Closed','Card certainly surface television me.'),(728,'whose','2024-04-20','Hamiltonborough','Pending','Go feel song whatever arm law direction.'),(729,'civil','2020-09-08','Brendamouth','Open','Sign close worry fall save.'),(730,'true','2023-12-04','East Tamaraberg','Closed','Decide sometimes attorney final.'),(731,'return','2023-11-17','Deborahshire','Open','Four little arrive feeling everything.'),(732,'gas','2021-08-01','Port Michellechester','Open','Establish grow wide measure campaign after.'),(733,'add','2024-06-23','Shelbyville','Open','World step yes local serious.'),(734,'four','2023-03-24','South Karen','Pending','Foreign any group evidence maybe book believe buy.'),(735,'field','2023-01-21','Rodneybury','Pending','Onto performance management care college compare north.'),(736,'training','2024-01-30','Davidfort','Pending','On more my result partner service.'),(737,'above','2022-09-08','Lake Jenniferside','Closed','Point hope ahead degree also production health.'),(738,'question','2024-02-25','Port James','Pending','Suggest reach oil writer week property change.'),(739,'already','2021-02-17','West Nicholasberg','Pending','Card worry begin still growth among admit.'),(740,'wind','2024-02-02','Lake Chrisport','Pending','Change modern less your pass.'),(741,'part','2023-07-18','Daniellefort','Closed','Second information tax way his affect.'),(742,'always','2024-10-31','New Vincentborough','Open','Trial they wrong policy meeting sell.'),(743,'before','2020-07-28','Parsonston','Pending','Town professor five name action professor wall point.'),(744,'large','2022-10-04','Woodshire','Closed','Use change senior military keep all music everything.'),(745,'item','2023-10-18','Lake Andreaborough','Pending','Race size only religious minute.'),(746,'child','2024-02-16','East Matthew','Pending','Or hour bad point indicate.'),(747,'cup','2021-08-23','New Barbarafort','Closed','Teach need about science.'),(748,'force','2024-03-06','Jameschester','Open','Century follow source class director dark question.'),(749,'animal','2021-03-31','New Joshuaport','Pending','List national perform seat director.'),(750,'strategy','2023-09-14','Gordonburgh','Open','Section rise few receive member.'),(751,'probably','2022-06-14','East Kellyview','Pending','Job nor discover rich.'),(752,'everyone','2024-05-29','Kevinborough','Closed','Social here church fall data big nation.'),(753,'hundred','2020-08-20','Holmesport','Pending','Always finish right son.'),(754,'thousand','2023-08-27','West Patrick','Pending','Either sign personal mention billion establish safe.'),(755,'fly','2022-02-26','Nicoleton','Open','Light gas matter whom deep move.'),(756,'decade','2022-01-08','North Timothyport','Open','Control house north.'),(757,'allow','2021-10-11','Gonzalezborough','Open','Training upon short Mr according maybe figure.'),(758,'yes','2023-07-25','South Charleshaven','Pending','Court seem political sure day however success few.'),(759,'shake','2021-08-10','New Lindseyport','Closed','Exist organization always.'),(760,'no','2021-08-20','Lopezburgh','Closed','Environmental as general rich easy.'),(761,'or','2021-02-25','Nancyborough','Open','Floor month ago girl writer.'),(762,'wear','2020-10-09','Josephview','Closed','Scientist certain bar both develop.'),(763,'fire','2021-10-17','Joshuaside','Pending','Body trial night very.'),(764,'spring','2021-12-26','Theresaport','Closed','Follow itself simple fight.'),(765,'response','2021-07-25','Lake Samanthaborough','Closed','Over term avoid rather marriage.'),(766,'join','2020-05-31','Lake Markshire','Closed','Follow discussion try good.'),(767,'occur','2020-11-11','North Melissa','Pending','Among go daughter detail lose century add.'),(768,'bank','2023-08-24','Francomouth','Pending','Owner once mind.'),(769,'lot','2020-02-12','New Kelly','Open','Claim people whole now go future medical.'),(770,'charge','2020-06-29','New Diana','Closed','My wall themselves choose bed.'),(771,'avoid','2023-07-03','New Jack','Pending','Partner program station these wait drive.'),(772,'yard','2023-07-04','New Pamelaton','Closed','Fly their pass center.'),(773,'democratic','2024-06-12','Markville','Open','Blue among position like sign concern.'),(774,'success','2021-06-18','Smallview','Open','Trial visit wife result.'),(775,'final','2023-11-13','West David','Pending','Lot budget try.'),(776,'power','2021-02-01','West Joychester','Open','Will will its by stock second side.'),(777,'body','2021-11-01','Andrewbury','Open','Fish force show camera note.'),(778,'hotel','2023-01-08','Lesliefort','Closed','Wait amount product yeah.'),(779,'create','2024-04-03','South Chadton','Pending','Radio town truth education cup price foreign.'),(780,'prove','2020-09-28','Hannahberg','Pending','Magazine wonder herself stand drug.'),(781,'turn','2023-11-28','Port Robertview','Closed','Discover question power money loss.'),(782,'inside','2024-09-16','Ianville','Open','Long yes seat effect mention sign model PM.'),(783,'dream','2022-12-03','New Williammouth','Closed','Painting require little program attack focus well.'),(784,'lay','2021-05-30','Karenstad','Pending','Yard as seat their medical.'),(785,'though','2022-02-11','Johnsonshire','Open','Give ever yourself ground direction.'),(786,'study','2022-06-07','Brownside','Pending','Sport him great each see among week.'),(787,'energy','2020-02-29','Sanchezmouth','Closed','All about woman.'),(788,'sort','2020-04-22','North Marcusshire','Open','Real result peace recognize.'),(789,'reason','2022-01-21','East Jamesland','Closed','Laugh company situation painting skill create.'),(790,'behavior','2023-02-21','Karishire','Open','May then government small.'),(791,'consider','2022-01-03','Lake Felicia','Open','He national fine machine statement.'),(792,'dog','2020-08-30','Michaelmouth','Closed','Practice should quality investment nice great.'),(793,'point','2021-04-28','Richardmouth','Closed','Amount five case approach stage put send.'),(794,'green','2021-09-17','Greenton','Pending','True per despite.'),(795,'free','2020-04-27','Port Joseph','Pending','Service table write keep.'),(796,'before','2022-01-25','Byrdmouth','Open','Reason capital finally herself face all realize.'),(797,'garden','2022-03-07','New Mistychester','Closed','Country open image share personal its TV American.'),(798,'return','2020-07-18','Riosside','Closed','International couple develop enough matter into share.'),(799,'program','2024-08-21','Andersonhaven','Pending','American card yourself attention buy.'),(800,'market','2023-01-13','Lake Christinaville','Open','Several television final shoulder social almost green.'),(801,'type','2022-10-28','West Colton','Pending','Democrat either whose born southern.'),(802,'center','2023-03-25','Butlerburgh','Open','Evidence nothing between.'),(803,'record','2024-04-25','Dominguezmouth','Open','Responsibility group walk second yard start.'),(804,'bar','2023-02-19','East Shawna','Pending','Development simply usually financial.'),(805,'good','2024-09-01','Lake Dalechester','Open','Rather serious with view of.'),(806,'all','2022-01-04','Alexiston','Pending','Civil family growth.'),(807,'people','2023-06-02','Kimberlyville','Pending','Business fill energy trouble evidence set.'),(808,'cell','2020-03-19','Morganside','Closed','If little deal where scientist effect.'),(809,'term','2021-03-19','Lake Michele','Open','Big page until entire.'),(810,'window','2020-01-17','Lawrenceport','Closed','Future country product grow plan.'),(811,'effect','2020-07-12','South Christianville','Closed','Rise cut computer value conference.'),(812,'office','2021-03-26','North Aliciastad','Closed','Drug soon doctor detail clear chance next.'),(813,'read','2021-09-27','East Jessicaside','Open','Eat member whatever rate much alone type true.'),(814,'degree','2022-02-09','West Calvin','Closed','Baby water foreign help own air between.'),(815,'bar','2020-01-10','Newmanbury','Pending','Seem kind ground large story whether suddenly.'),(816,'face','2023-04-11','Christopherview','Pending','Price role per everything Mrs north rock stock.'),(817,'individual','2023-12-05','West Vincent','Open','Full current third any far sing.'),(818,'kid','2023-01-25','Griffinhaven','Open','Under suggest lead issue provide skill.'),(819,'individual','2024-10-11','Ryantown','Pending','Check test care contain left air total determine.'),(820,'short','2024-02-06','Micheleshire','Pending','Open second science term it himself.'),(821,'group','2020-04-20','South Sandraland','Open','Chair great environmental rise remember store body always.'),(822,'nor','2021-12-09','Tonifurt','Open','Sell money game consider commercial.'),(823,'education','2020-12-11','Lake Sarahmouth','Open','Series on page lot.'),(824,'remain','2021-07-11','Deleonport','Open','Though bank water main reduce.'),(825,'doctor','2021-08-20','Port Glennland','Open','Fund book see structure.'),(826,'available','2020-06-17','Paulastad','Pending','Other information adult meeting prove on sometimes.'),(827,'once','2020-06-08','Holdenview','Open','Article tell truth do.'),(828,'practice','2023-05-27','Lake Jonathanhaven','Closed','People former partner item skin chair writer.'),(829,'give','2022-03-18','West Dakotaport','Closed','Coach appear future key science collection.'),(830,'claim','2023-12-31','East Maria','Pending','Daughter first figure.'),(831,'term','2021-10-09','Davidfort','Open','Responsibility protect deal current federal minute arrive item.'),(832,'employee','2021-05-01','Suzanneborough','Closed','Collection wall leg this.'),(833,'appear','2023-10-08','Michaelside','Closed','Other wish low year check wrong.'),(834,'future','2023-10-01','Hayesview','Open','Current produce across she pull seat decision their.'),(835,'necessary','2021-10-30','North Malik','Closed','Watch positive teacher various fish recognize black listen.'),(836,'we','2020-12-09','Farrellmouth','Pending','On area student party.'),(837,'door','2021-11-29','Port Megan','Pending','Team live both and site network job.'),(838,'save','2023-12-20','West Kimberly','Pending','Example listen without fine democratic candidate of.'),(839,'ahead','2021-10-06','Duarteshire','Closed','Imagine economic draw third relate.'),(840,'leg','2020-07-16','Lake Bruceland','Open','Owner training agency instead service old yourself.'),(841,'necessary','2022-06-13','Bryanborough','Pending','With fish similar field blood strong.'),(842,'million','2020-10-20','Port Dawn','Open','Season hospital note but.'),(843,'reveal','2024-01-25','West James','Open','Fast available president arm.'),(844,'age','2021-03-31','South Julie','Open','Prepare suddenly new he try moment.'),(845,'win','2020-05-26','Clarkberg','Pending','Interest night step phone.'),(846,'garden','2020-11-14','Williamburgh','Closed','These across painting manage.'),(847,'feeling','2020-12-03','Lake Heatherland','Closed','Reflect media make hard budget be.'),(848,'especially','2020-05-26','North Angelatown','Closed','Keep job surface state financial.'),(849,'structure','2021-04-13','Savageborough','Closed','Early figure born discuss best brother feel.'),(850,'news','2020-08-04','Taylorshire','Open','Put value whatever easy out smile push.'),(851,'could','2022-08-28','Aaronshire','Open','Despite personal check himself perform would.'),(852,'least','2020-10-30','Richardsonburgh','Pending','Our fire will west image local.'),(853,'radio','2021-04-01','Cooperfort','Closed','Although nation career party meet most fund anyone.'),(854,'sign','2020-12-25','Michelleview','Open','Thank offer control own indicate hear.'),(855,'measure','2020-04-20','Timothyberg','Open','Focus world remain.'),(856,'he','2023-03-03','South Alexandra','Open','The not what tell spring school travel large.'),(857,'who','2023-01-14','Jacobville','Open','Long color like kitchen tend none.'),(858,'tell','2020-12-02','New Ricky','Closed','Its cold share get for.'),(859,'quality','2021-01-24','New Robin','Closed','Poor star play condition.'),(860,'pressure','2020-12-28','Lowerytown','Pending','Statement evidence involve throw grow.'),(861,'cover','2020-10-07','Lake Anna','Open','Among enter sound PM source year over and.'),(862,'never','2020-06-12','Port Annette','Closed','Him agent father.'),(863,'other','2023-11-25','Millerstad','Closed','Town Mr wife western night since.'),(864,'various','2020-12-07','Maryfurt','Open','Risk firm may idea color election.'),(865,'case','2020-12-31','North Leslie','Open','Last and almost look buy.'),(866,'anything','2021-03-27','North Ashley','Closed','Kind hospital team also better experience.'),(867,'half','2023-11-16','Jonesland','Closed','Give sing newspaper bar exactly some political.'),(868,'hotel','2020-10-21','Jessicamouth','Pending','Forward movement thousand share between idea.'),(869,'expect','2022-06-24','Buchananshire','Pending','Above attack within none represent doctor song.'),(870,'sing','2024-06-05','Livingstonfort','Closed','Enter third officer allow face song policy find.'),(871,'listen','2023-11-01','Hallville','Pending','Range account time school road many.'),(872,'reality','2022-02-24','Kaylaberg','Open','Measure position large paper.'),(873,'concern','2024-09-10','Morrisville','Closed','Look scientist why spend thought.'),(874,'produce','2023-11-19','Lake Ryan','Closed','Happen ok could state prevent whose.'),(875,'three','2020-09-06','Lake Kristin','Open','Main evening receive training garden assume similar.'),(876,'determine','2021-03-04','Andersonburgh','Closed','Each country management.'),(877,'artist','2024-10-21','Ericaborough','Pending','Agreement environmental dinner receive approach everybody tell.'),(878,'could','2022-05-02','Campbellburgh','Open','Strong manage above.'),(879,'deal','2020-05-13','Chrisfort','Pending','Thing somebody bed many.'),(880,'draw','2021-11-26','Tiffanyport','Pending','Design gas law walk.'),(881,'represent','2020-04-17','North Chelseaview','Pending','Behind shoulder so write poor.'),(882,'south','2023-04-10','West Mariaport','Pending','Hundred pressure sell attention.'),(883,'rather','2020-05-04','South Tannermouth','Open','Tv common turn.'),(884,'of','2020-03-01','North Stephenberg','Pending','Free chair far mean.'),(885,'away','2023-01-04','Lake Scottborough','Pending','Culture writer method technology.'),(886,'stand','2021-01-26','North Heathermouth','Closed','Produce dream bar south south.'),(887,'age','2024-03-30','West Bradburgh','Pending','Despite something record which third before decision another.'),(888,'door','2022-04-15','Vasquezhaven','Pending','Value discuss expert deep beyond almost where.'),(889,'along','2022-08-14','East Mark','Closed','Argue short soon maintain cost.'),(890,'speak','2021-02-02','South Virginia','Closed','Room movement probably clear.'),(891,'very','2023-08-09','North Anthony','Pending','Statement school someone to final statement.'),(892,'level','2020-02-19','West Lorimouth','Closed','World provide work drive position.'),(893,'job','2020-07-31','Roachfort','Pending','Next themselves authority improve none much.'),(894,'quality','2024-05-16','Port Nancy','Pending','Cup them grow affect fly security which.'),(895,'notice','2020-02-14','Bradleyview','Pending','Contain story service movement listen.'),(896,'sometimes','2021-08-22','Santiagotown','Pending','Pass blood model read.'),(897,'of','2021-05-24','North Timothy','Closed','My central pass technology.'),(898,'writer','2020-12-10','Jeffreyville','Pending','Resource practice now treatment I.'),(899,'major','2023-07-23','West Olivia','Open','Student watch away assume local boy ago.'),(900,'size','2022-04-26','West Seanfurt','Closed','Religious likely else response late.'),(901,'decade','2022-03-09','Jasonport','Pending','Maybe beat operation level bed consumer.'),(902,'market','2022-11-10','Debraside','Pending','Well treatment stand pattern physical once thus.'),(903,'brother','2022-10-11','South Valerie','Closed','Use man painting play pass into race.'),(904,'million','2022-04-27','North David','Pending','Already some child final.'),(905,'speech','2020-08-03','Nicoleborough','Pending','Store animal enter truth.'),(906,'born','2024-11-14','Pennyshire','Pending','Source could usually interview own every behind such.'),(907,'magazine','2022-09-13','Port Loriland','Pending','Technology life skin door condition work.'),(908,'course','2021-06-28','Leeland','Closed','Ground happen performance first.'),(909,'wrong','2022-04-15','South Brandonburgh','Closed','Step everyone rock actually agency system.'),(910,'interview','2024-07-30','South Jacob','Closed','Nation trip movement may major whether sure similar.'),(911,'student','2023-12-09','Proctorfurt','Open','Change specific he black near.'),(912,'admit','2021-10-30','Lake Rachel','Pending','Area understand happy ask media mouth against.'),(913,'few','2024-11-14','Lake Erikfort','Open','He open trouble make team police.'),(914,'address','2022-07-23','Staceyside','Closed','Simply identify through wide walk property gun.'),(915,'effect','2020-06-28','East Alexandra','Closed','Picture include television wear card table.'),(916,'appear','2024-11-08','Port Michael','Pending','Region yeah myself under make however.'),(917,'strategy','2021-11-11','Christinaside','Pending','Tv step common process forget grow just.'),(918,'debate','2020-03-04','New George','Pending','May soon impact cost.'),(919,'government','2020-03-04','New Katherine','Closed','Bank loss traditional that early can grow magazine.'),(920,'keep','2021-11-12','North Melissa','Closed','National professional still recently.'),(921,'need','2023-12-12','Lake Peter','Pending','Occur challenge general may book smile respond.'),(922,'oil','2024-05-04','Jennifertown','Open','Source indicate every quickly Republican bed wall.'),(923,'possible','2021-05-15','Stephenfurt','Open','Sit lose least.'),(924,'approach','2022-04-30','Lake Tiffany','Open','Authority own time remember tend important represent.'),(925,'to','2023-02-15','Victoriafurt','Open','Control necessary door.'),(926,'debate','2022-01-21','West Linda','Closed','Heart politics cultural environmental apply.'),(927,'far','2020-07-30','South Michael','Pending','Number effort also.'),(928,'effect','2022-08-18','North Matthew','Open','Catch in fall candidate pass church people letter.'),(929,'fire','2022-05-28','Port Todd','Closed','Something real project miss.'),(930,'particular','2023-02-07','New Nancystad','Open','Capital society happen wind shoulder.'),(931,'near','2021-04-28','Lake Jeffery','Pending','Movement mention month suggest news decade.'),(932,'form','2024-10-28','Carolynhaven','Open','Lot action specific.'),(933,'risk','2022-04-25','West Alex','Open','Stop many ok smile.'),(934,'form','2022-09-26','Burkeport','Closed','Mind rate shoulder hope it.'),(935,'hot','2020-03-01','West Margaretport','Closed','Five unit investment test hair camera strategy.'),(936,'garden','2023-11-08','Jamestown','Pending','Save box standard maybe.'),(937,'my','2020-07-22','Port Jenniferview','Open','Develop itself point worry time place partner truth.'),(938,'as','2023-01-27','Mcbrideton','Open','Present main provide indicate trade community.'),(939,'cold','2021-11-11','Emilyshire','Closed','Child civil admit summer factor.'),(940,'every','2023-12-11','Murrayfurt','Open','Letter without born.'),(941,'end','2023-03-26','Jonesborough','Closed','Deep response theory pattern.'),(942,'since','2024-05-29','East Anthony','Closed','Music too soldier its product assume.'),(943,'agreement','2023-09-19','New Jenniferland','Closed','Speech front then tax relate lot.'),(944,'heavy','2024-03-17','Gonzalezport','Pending','Message dream wish game issue yet.'),(945,'nation','2023-03-23','West Whitney','Open','Born peace subject expect force.'),(946,'defense','2020-04-25','New Joannaview','Open','Suffer step explain.'),(947,'prove','2020-03-18','Mackfort','Open','Everyone service capital relate organization.'),(948,'watch','2022-02-24','Sweeneyhaven','Pending','Word cause add two area body.'),(949,'investment','2020-04-12','South Jacobhaven','Open','Including discuss question clearly family class good.'),(950,'protect','2023-09-01','New Priscillaborough','Closed','Heavy hear mention approach support heavy class likely.'),(951,'former','2020-12-23','Lake Jeffreyhaven','Closed','Almost foreign determine bit act.'),(952,'beautiful','2023-04-04','New Kyle','Pending','Sign property popular game try.'),(953,'hot','2024-01-15','Kathleenland','Pending','American player above former pass.'),(954,'south','2022-07-28','Rhodesfort','Open','Third rate want the.'),(955,'Mrs','2022-12-02','West Michelle','Pending','American program science meet.'),(956,'agree','2023-11-24','East Brandonhaven','Pending','Catch each out much represent remain they.'),(957,'speak','2022-04-13','Evansmouth','Pending','Available serve call hotel.'),(958,'expert','2022-09-19','Elizabethchester','Open','Since seat message region.'),(959,'knowledge','2021-07-20','Rushberg','Open','Eye participant represent reality poor.'),(960,'edge','2021-09-11','North John','Pending','Song for defense side.'),(961,'seat','2023-11-18','West David','Open','Sell center difficult task.'),(962,'suffer','2024-08-05','Wallaceside','Pending','Head TV middle start save.'),(963,'animal','2024-06-06','Brooksville','Open','Unit pass able would.'),(964,'stop','2024-04-30','Darlenechester','Closed','Front whatever network need.'),(965,'fight','2024-07-17','East Andrea','Closed','Prevent civil defense shake result for.'),(966,'TV','2020-03-13','Kimberlyside','Closed','Wait bank right window character very money.'),(967,'mouth','2021-04-10','North Julia','Open','Open feeling rate affect mind thought.'),(968,'send','2020-03-06','Jimmymouth','Pending','Off value information analysis.'),(969,'policy','2021-07-10','Wardside','Closed','Successful beautiful well less anyone probably study laugh.'),(970,'financial','2020-05-21','New Whitney','Open','Process hair physical country month.'),(971,'attention','2023-03-10','Lake Elizabeth','Pending','Serious cell about brother foot.'),(972,'put','2023-06-03','Robertborough','Closed','Room remember class power within local within.'),(973,'necessary','2023-08-15','Brettfurt','Pending','Almost although up left.'),(974,'member','2020-02-04','East Michael','Pending','Material often understand recent ever.'),(975,'example','2022-10-12','Branchfurt','Open','Guy ok ask expert according stay perhaps.'),(976,'power','2023-04-17','Pearsonport','Closed','Energy explain hotel program practice.'),(977,'four','2021-01-22','East Jeremyhaven','Closed','State thought law central.'),(978,'amount','2024-04-17','Grossbury','Closed','Live serious cup issue.'),(979,'accept','2024-02-20','Lawrencechester','Closed','Law travel rest old audience market.'),(980,'since','2024-09-25','Lyonsbury','Open','Dream individual listen.'),(981,'time','2024-01-05','Christinestad','Open','Inside parent nor.'),(982,'ago','2021-10-07','Toddland','Closed','Wall government opportunity western.'),(983,'number','2020-06-22','Williamsport','Closed','Result amount color there so quality maintain find.'),(984,'yard','2021-12-21','North Saraport','Open','Plant choose baby recent dream.'),(985,'million','2024-07-02','Jacksontown','Closed','Probably mean sense conference.'),(986,'kid','2024-01-24','East Jeremy','Closed','Total try push close clearly.'),(987,'lay','2022-08-18','Tinaland','Closed','Financial fast half guy season.'),(988,'minute','2023-11-23','Lake Annaland','Pending','Accept apply civil during own gun similar.'),(989,'book','2021-06-04','Smithview','Open','Similar lot week past agency water.'),(990,'especially','2021-01-17','North Alyssabury','Pending','Hospital somebody nor century member participant.'),(991,'place','2022-03-05','Sonyatown','Pending','Hear decide true live approach everything sell cover.'),(992,'property','2023-07-27','New Victorburgh','Closed','Baby skill everything peace member often likely me.'),(993,'sport','2024-05-05','Smithstad','Closed','News across professional seek.'),(994,'work','2023-05-05','Lake Bryanton','Pending','Rather nearly friend.'),(995,'dream','2020-01-12','New Taylorfurt','Open','Edge then town employee manager.'),(996,'read','2021-05-24','Bettychester','Pending','All receive plan system or magazine teacher speech.'),(997,'financial','2022-09-12','Perkinschester','Pending','Market quickly girl which always on near call.'),(998,'area','2024-08-29','Rileymouth','Closed','Raise after whose rich.'),(999,'responsibility','2022-02-12','East Stephen','Open','Majority ten receive down.'),(1000,'lot','2021-09-16','Lake Alexshire','Closed','Quality draw remember.');
/*!40000 ALTER TABLE `incident` ENABLE KEYS */;
UNLOCK TABLES;

--
-- Table structure for table `policeequipment`
--

DROP TABLE IF EXISTS `policeequipment`;
/*!40101 SET @saved_cs_client     = @@character_set_client */;
/*!50503 SET character_set_client = utf8mb4 */;
CREATE TABLE `policeequipment` (
  `serialNumber` varchar(12) NOT NULL,
  `equipmentName` varchar(25) NOT NULL,
  `equipmentType` varchar(255) NOT NULL,
  `purchaseDate` date NOT NULL,
  `equipmentStatus` varchar(255) NOT NULL,
  `badgeNumber` int NOT NULL,
  `location` varchar(255) NOT NULL,
  PRIMARY KEY (`serialNumber`),
  KEY `location` (`location`),
  KEY `badgeNumber` (`badgeNumber`),
  CONSTRAINT `policeequipment_ibfk_1` FOREIGN KEY (`location`) REFERENCES `policestation` (`location`) ON DELETE CASCADE ON UPDATE CASCADE,
  CONSTRAINT `policeequipment_ibfk_2` FOREIGN KEY (`badgeNumber`) REFERENCES `policeofficer` (`badgeNumber`) ON DELETE CASCADE ON UPDATE CASCADE
) ENGINE=InnoDB DEFAULT CHARSET=utf8mb4 COLLATE=utf8mb4_0900_ai_ci;
/*!40101 SET character_set_client = @saved_cs_client */;

--
-- Dumping data for table `policeequipment`
--

LOCK TABLES `policeequipment` WRITE;
/*!40000 ALTER TABLE `policeequipment` DISABLE KEYS */;
INSERT INTO `policeequipment` VALUES ('004e2ee7-c01','Radio','Tool','2023-06-28','Damaged',91,'Colemanview'),('0065e92e-015','Baton','Weapon','2021-04-20','Damaged',360,'East Jenniferburgh'),('00a00b2a-8c7','Flashlight','Tool','2020-08-23','Damaged',263,'South Richardville'),('00c669ba-607','Bulletproof Vest','Tool','2021-04-27','Damaged',417,'Corybury'),('01012651-6d0','Body Camera','Tool','2023-12-05','Damaged',145,'Corybury'),('0122a95e-e00','Pepper Spray','Weapon','2020-06-14','Damaged',383,'Colemanview'),('013d6ef0-797','Handcuffs','Tool','2023-06-08','In Use',68,'Veronicahaven'),('0151c7a5-d3c','Baton','Weapon','2021-05-06','Damaged',300,'Corybury'),('01c7cfb2-641','Baton','Weapon','2023-06-26','Damaged',415,'Colemanview'),('0280f229-34d','Bulletproof Vest','Tool','2021-07-11','Damaged',253,'South Richardville'),('02dc7985-c08','Body Camera','Tool','2023-10-06','Available',248,'Jacquelineborough'),('038c9e95-7cd','Radio','Tool','2020-05-12','Available',105,'Veronicahaven'),('039be0bd-b89','Riot Shield','Tool','2020-12-15','Damaged',11,'Colemanview'),('039eec03-4bd','Baton','Weapon','2022-01-14','Available',370,'East Jenniferburgh'),('03bacf32-ae2','Body Camera','Tool','2022-12-16','Available',332,'South Nicholashaven'),('03dc8a1f-e39','Bulletproof Vest','Tool','2020-06-08','In Use',157,'Corybury'),('03f01897-449','Pepper Spray','Weapon','2022-04-01','Damaged',228,'South Richardville'),('03fb5c84-712','Flashlight','Tool','2020-12-22','Damaged',89,'Corybury'),('044b6064-49c','Flashlight','Tool','2023-06-17','Damaged',314,'South Nicholashaven'),('045f00e1-e1a','Radio','Tool','2023-03-30','Available',317,'Jacquelineborough'),('047e5ec0-65e','Radio','Tool','2020-01-10','Available',295,'North Jenniferstad'),('04a42ffa-38f','Baton','Weapon','2023-04-23','Damaged',322,'North Jenniferstad'),('04db4db2-20a','Handcuffs','Tool','2023-06-19','In Use',474,'Veronicahaven'),('052db729-4ee','Bulletproof Vest','Tool','2020-11-10','Damaged',241,'East Jenniferburgh'),('0597f705-457','Body Camera','Tool','2021-11-23','In Use',356,'North Jenniferstad'),('062117d7-349','Pepper Spray','Weapon','2020-02-26','Available',407,'Morrisonfurt'),('06520bde-d2a','Flashlight','Tool','2023-09-05','In Use',284,'East Jenniferburgh'),('06675dc1-1c1','Body Camera','Tool','2021-09-22','Damaged',120,'Colemanview'),('06d06ef3-f4b','Patrol Car','Vehicle','2020-07-13','Available',409,'South Nicholashaven'),('0738b3ce-b53','Bulletproof Vest','Tool','2021-12-27','Available',316,'Morrisonfurt'),('077ae6b2-f01','Patrol Car','Vehicle','2023-11-02','Damaged',376,'South Nicholashaven'),('078776f0-6dc','Riot Shield','Tool','2023-02-06','Available',330,'East Jenniferburgh'),('07eb892e-d43','Baton','Weapon','2022-04-29','Available',24,'South Nicholashaven'),('081bda42-55e','Riot Shield','Tool','2021-10-25','In Use',236,'North Jenniferstad'),('083ffbd7-f00','Patrol Car','Vehicle','2024-07-30','Damaged',299,'Corybury'),('08508c82-0d7','Handcuffs','Tool','2021-03-09','In Use',186,'South Nicholashaven'),('08514225-122','Baton','Weapon','2020-04-04','Damaged',51,'Felicialand'),('086bfb68-656','Riot Shield','Tool','2024-07-11','Damaged',264,'Jacquelineborough'),('089192bd-d54','Flashlight','Tool','2024-08-06','In Use',123,'North Jenniferstad'),('08e5ef41-317','Pepper Spray','Weapon','2021-05-31','In Use',209,'North Jenniferstad'),('08e9a147-8ea','Handcuffs','Tool','2020-03-26','Available',156,'East Jenniferburgh'),('091bc8c4-a14','Radio','Tool','2023-08-09','In Use',136,'Corybury'),('0a375e02-ba9','Baton','Weapon','2022-01-17','Damaged',36,'Veronicahaven'),('0a4f2c1d-ef6','Body Camera','Tool','2020-08-03','Damaged',497,'Veronicahaven'),('0a8007b4-531','Taser','Weapon','2022-01-14','Available',90,'South Nicholashaven'),('0a9dad41-3de','Taser','Weapon','2024-04-02','Available',342,'South Nicholashaven'),('0b17f5de-325','Bulletproof Vest','Tool','2020-09-04','Available',247,'East Jenniferburgh'),('0b84f5f9-c2c','Bulletproof Vest','Tool','2020-12-28','Damaged',87,'Felicialand'),('0bf14210-246','Handcuffs','Tool','2024-11-03','In Use',489,'Corybury'),('0c5e99e5-c44','Taser','Weapon','2022-09-28','Damaged',135,'Morrisonfurt'),('0c63f157-5eb','Body Camera','Tool','2023-06-20','In Use',225,'South Richardville'),('0d04ef0e-367','Radio','Tool','2024-11-01','Available',292,'South Richardville'),('0d05e7b9-2cb','Bulletproof Vest','Tool','2024-04-25','Available',499,'Veronicahaven'),('0d3d95b9-a1e','Baton','Weapon','2023-12-21','Available',97,'Morrisonfurt'),('0d74edf0-97a','Baton','Weapon','2021-12-19','Available',110,'Felicialand'),('0d79441c-cdc','Pepper Spray','Weapon','2022-07-18','In Use',305,'South Richardville'),('0ddc378b-d64','Taser','Weapon','2021-08-09','In Use',480,'North Jenniferstad'),('0de12d53-867','Body Camera','Tool','2021-06-05','Available',324,'North Jenniferstad'),('0e0e182b-8bf','Radio','Tool','2022-03-21','Available',461,'East Jenniferburgh'),('0e435ae9-47e','Riot Shield','Tool','2020-08-30','Available',94,'East Jenniferburgh'),('0e711889-f63','Baton','Weapon','2022-10-04','Damaged',28,'Jacquelineborough'),('0e95f2c4-4de','Pepper Spray','Weapon','2022-05-26','Available',494,'South Nicholashaven'),('0ea6e577-943','Body Camera','Tool','2020-12-06','In Use',305,'Morrisonfurt'),('0ec6aebc-6ec','Riot Shield','Tool','2021-11-25','Damaged',260,'Veronicahaven'),('0ed93759-f33','Riot Shield','Tool','2020-05-28','In Use',55,'Morrisonfurt'),('0ef4f834-483','Handcuffs','Tool','2021-11-24','Available',284,'Jacquelineborough'),('0f6fdf00-a4a','Radio','Tool','2021-12-11','Available',302,'Colemanview'),('1052cdd1-535','Bulletproof Vest','Tool','2024-06-09','In Use',414,'South Nicholashaven'),('106ebdbe-158','Bulletproof Vest','Tool','2021-02-19','In Use',198,'South Nicholashaven'),('1076d3cb-6e0','Handcuffs','Tool','2022-02-13','In Use',262,'Jacquelineborough'),('10a064db-d4e','Flashlight','Tool','2020-07-12','Available',383,'Felicialand'),('10aa42b8-f76','Radio','Tool','2020-09-23','In Use',359,'South Richardville'),('10b0605f-0e5','Baton','Weapon','2023-11-19','In Use',95,'Colemanview'),('110de4d9-d44','Handcuffs','Tool','2023-02-05','In Use',210,'Felicialand'),('111c7585-f78','Handcuffs','Tool','2024-07-27','In Use',256,'East Jenniferburgh'),('1151393a-dd1','Patrol Car','Vehicle','2020-05-20','Available',265,'Felicialand'),('12170bd5-cde','Taser','Weapon','2021-03-17','In Use',112,'East Jenniferburgh'),('12e689aa-804','Flashlight','Tool','2022-11-26','Available',36,'Veronicahaven'),('137c6c9d-d6d','Body Camera','Tool','2020-03-28','Damaged',398,'South Nicholashaven'),('13af6675-315','Body Camera','Tool','2023-05-18','Available',235,'Morrisonfurt'),('13b0f986-251','Riot Shield','Tool','2021-10-18','Available',135,'North Jenniferstad'),('13cf7114-012','Flashlight','Tool','2020-07-15','Damaged',51,'Jacquelineborough'),('1410acab-0be','Taser','Weapon','2022-11-13','Damaged',16,'Veronicahaven'),('14304feb-d22','Patrol Car','Vehicle','2023-09-20','Available',370,'South Richardville'),('145a506f-782','Body Camera','Tool','2020-12-04','Available',386,'East Jenniferburgh'),('14bae1c5-20d','Taser','Weapon','2024-10-15','Available',57,'Colemanview'),('15a5a565-da8','Riot Shield','Tool','2024-09-29','Available',299,'Colemanview'),('15bbec41-fa3','Taser','Weapon','2023-04-04','Damaged',289,'Colemanview'),('15e16d30-86b','Body Camera','Tool','2024-02-25','Available',490,'South Nicholashaven'),('15f59857-d39','Bulletproof Vest','Tool','2021-01-28','Damaged',110,'Colemanview'),('16a5526b-7ea','Flashlight','Tool','2024-10-29','Available',368,'Veronicahaven'),('16baf579-63c','Flashlight','Tool','2022-01-04','In Use',303,'Veronicahaven'),('1717ed6c-044','Pepper Spray','Weapon','2022-08-09','Available',37,'Colemanview'),('171cdc2e-b56','Flashlight','Tool','2022-03-21','Available',149,'Felicialand'),('178b391a-3d5','Flashlight','Tool','2020-04-23','In Use',332,'Veronicahaven'),('17ca6136-84d','Handcuffs','Tool','2024-02-18','In Use',353,'Veronicahaven'),('18007d29-d13','Flashlight','Tool','2020-04-29','In Use',339,'Felicialand'),('184f010d-139','Patrol Car','Vehicle','2022-05-02','In Use',330,'Colemanview'),('18966b8d-e60','Body Camera','Tool','2022-03-13','Damaged',339,'Corybury'),('18a2fd5b-79f','Radio','Tool','2023-05-31','Damaged',281,'Morrisonfurt'),('18f15653-1f9','Taser','Weapon','2020-06-27','Damaged',11,'Jacquelineborough'),('197d4ddf-43d','Pepper Spray','Weapon','2024-09-16','In Use',382,'Colemanview'),('198c5554-ce7','Flashlight','Tool','2023-05-13','Damaged',292,'South Nicholashaven'),('19e2da6b-ddd','Radio','Tool','2020-07-26','In Use',350,'Felicialand'),('19f2350b-a9e','Radio','Tool','2022-08-19','In Use',300,'Jacquelineborough'),('1a6ea61b-f66','Bulletproof Vest','Tool','2020-06-14','In Use',58,'East Jenniferburgh'),('1a8307da-724','Taser','Weapon','2022-02-25','In Use',330,'Felicialand'),('1ac6331c-9b0','Taser','Weapon','2021-07-17','In Use',486,'Veronicahaven'),('1afca2cd-b25','Body Camera','Tool','2023-04-11','Available',145,'East Jenniferburgh'),('1b049020-15d','Handcuffs','Tool','2020-07-06','Available',415,'South Nicholashaven'),('1b2700ab-bd2','Radio','Tool','2022-11-04','Available',325,'Morrisonfurt'),('1b551521-72b','Handcuffs','Tool','2024-03-12','In Use',417,'Colemanview'),('1bf67821-d3d','Baton','Weapon','2022-01-23','In Use',139,'South Nicholashaven'),('1c51b226-45c','Handcuffs','Tool','2023-09-05','Available',393,'North Jenniferstad'),('1c64e7a9-925','Pepper Spray','Weapon','2022-02-10','Damaged',191,'Morrisonfurt'),('1cdd8be3-49a','Radio','Tool','2020-07-02','Damaged',24,'East Jenniferburgh'),('1cfe5077-9c5','Flashlight','Tool','2023-10-01','Damaged',349,'Jacquelineborough'),('1d7d54eb-785','Radio','Tool','2022-07-18','Available',91,'East Jenniferburgh'),('1dbe4215-cf6','Radio','Tool','2024-04-02','In Use',150,'Corybury'),('1e35b46d-dec','Radio','Tool','2021-11-04','Available',317,'Jacquelineborough'),('1e3b5762-216','Baton','Weapon','2020-08-29','Available',363,'Jacquelineborough'),('1e5956c9-69a','Radio','Tool','2021-05-17','In Use',129,'East Jenniferburgh'),('1e5fac18-cdf','Patrol Car','Vehicle','2023-09-25','Available',342,'North Jenniferstad'),('1e7753e0-a41','Patrol Car','Vehicle','2020-06-11','In Use',386,'Corybury'),('1e91c981-bf4','Patrol Car','Vehicle','2022-04-24','Damaged',199,'South Richardville'),('1ea023cc-1f2','Pepper Spray','Weapon','2022-08-28','Available',449,'Veronicahaven'),('1ee907fb-1ea','Flashlight','Tool','2023-07-12','Available',464,'East Jenniferburgh'),('1f408d44-2a7','Body Camera','Tool','2023-08-13','Damaged',423,'Morrisonfurt'),('1f8636d5-543','Body Camera','Tool','2020-08-16','In Use',120,'Jacquelineborough'),('1fad4d83-4f1','Bulletproof Vest','Tool','2023-09-27','Available',413,'Jacquelineborough'),('1ffe408c-62e','Pepper Spray','Weapon','2022-12-17','Damaged',407,'Morrisonfurt'),('20246c85-2fe','Body Camera','Tool','2021-03-28','Damaged',84,'Jacquelineborough'),('20dcf2e4-962','Baton','Weapon','2022-08-05','In Use',101,'Corybury'),('20f06fd8-3f6','Handcuffs','Tool','2024-09-12','In Use',240,'East Jenniferburgh'),('217c4cc7-281','Bulletproof Vest','Tool','2023-01-14','Available',396,'North Jenniferstad'),('218fa2a7-9b8','Body Camera','Tool','2020-12-11','Damaged',62,'Corybury'),('21a972f9-9c7','Flashlight','Tool','2022-03-15','Damaged',446,'South Nicholashaven'),('229490be-de8','Pepper Spray','Weapon','2023-08-04','Available',105,'Corybury'),('22eefcd2-c73','Patrol Car','Vehicle','2024-11-19','Available',12,'Jacquelineborough'),('230841d3-7b6','Taser','Weapon','2022-02-18','Available',308,'South Nicholashaven'),('2341d621-929','Riot Shield','Tool','2020-03-02','Available',315,'East Jenniferburgh'),('23582cb7-dde','Radio','Tool','2021-08-07','Damaged',489,'Corybury'),('238f4d04-a77','Body Camera','Tool','2021-08-02','Available',73,'East Jenniferburgh'),('23a251cf-536','Riot Shield','Tool','2023-05-17','Available',83,'Jacquelineborough'),('24546008-b02','Body Camera','Tool','2020-04-20','Damaged',215,'Morrisonfurt'),('2475d148-862','Baton','Weapon','2021-08-28','Available',292,'Colemanview'),('255a5a0c-dd6','Bulletproof Vest','Tool','2024-11-17','In Use',259,'Veronicahaven'),('2577fef5-abb','Radio','Tool','2021-06-27','Available',278,'Felicialand'),('2638e7b0-e04','Baton','Weapon','2021-03-17','Available',454,'Felicialand'),('263f8303-0d6','Riot Shield','Tool','2020-12-28','In Use',27,'Jacquelineborough'),('26447737-7a1','Patrol Car','Vehicle','2022-04-05','Damaged',48,'East Jenniferburgh'),('264bb825-437','Pepper Spray','Weapon','2024-04-03','Damaged',485,'Felicialand'),('266ad6b0-c56','Patrol Car','Vehicle','2023-06-25','Available',238,'South Nicholashaven'),('268f7361-a2f','Handcuffs','Tool','2024-07-07','Available',240,'South Richardville'),('26f3131f-26b','Patrol Car','Vehicle','2024-06-27','Damaged',409,'East Jenniferburgh'),('278cf597-4a3','Bulletproof Vest','Tool','2021-05-29','In Use',492,'South Nicholashaven'),('2796a4c4-591','Riot Shield','Tool','2022-11-25','Available',7,'Veronicahaven'),('2890441f-84b','Body Camera','Tool','2022-11-20','Damaged',168,'East Jenniferburgh'),('28f41636-6ac','Taser','Weapon','2020-03-04','Damaged',278,'East Jenniferburgh'),('29eba62d-886','Patrol Car','Vehicle','2022-10-20','In Use',251,'Veronicahaven'),('2a01eedc-28e','Baton','Weapon','2021-02-26','In Use',5,'Felicialand'),('2a3fe6cc-2fb','Riot Shield','Tool','2022-12-28','In Use',198,'Corybury'),('2a494981-cff','Baton','Weapon','2023-08-03','Damaged',274,'Corybury'),('2a6624bf-582','Patrol Car','Vehicle','2020-06-21','Damaged',499,'North Jenniferstad'),('2a895742-54a','Body Camera','Tool','2022-10-11','Available',75,'North Jenniferstad'),('2af06e59-0dd','Pepper Spray','Weapon','2020-07-15','Damaged',6,'Jacquelineborough'),('2b6289b2-88e','Handcuffs','Tool','2024-09-21','Damaged',300,'Veronicahaven'),('2b7bf940-9e7','Riot Shield','Tool','2022-03-27','Damaged',96,'Corybury'),('2b8ab8d0-14b','Baton','Weapon','2021-07-16','In Use',455,'Morrisonfurt'),('2b9d11e2-0c8','Taser','Weapon','2022-08-11','Damaged',266,'Felicialand'),('2c4dc1eb-01d','Flashlight','Tool','2024-06-26','In Use',400,'East Jenniferburgh'),('2c77b8a5-888','Taser','Weapon','2024-05-08','Available',67,'Corybury'),('2c896e3b-b2e','Taser','Weapon','2022-07-12','In Use',435,'Corybury'),('2c9fffe6-9ec','Bulletproof Vest','Tool','2021-06-29','Available',228,'North Jenniferstad'),('2cbe52d8-ac8','Baton','Weapon','2020-09-01','In Use',348,'Jacquelineborough'),('2cde90cf-bd4','Bulletproof Vest','Tool','2023-07-11','In Use',118,'Veronicahaven'),('2db61d6e-b1e','Flashlight','Tool','2021-09-29','Available',62,'Morrisonfurt'),('2dc5aed5-e97','Handcuffs','Tool','2021-12-06','Available',196,'South Richardville'),('2df02f5a-e8a','Baton','Weapon','2022-07-21','In Use',21,'Felicialand'),('2df2c016-414','Patrol Car','Vehicle','2024-01-09','Available',83,'Felicialand'),('2fc85825-fb8','Baton','Weapon','2020-07-04','Damaged',407,'Colemanview'),('2fd88c8e-9a4','Bulletproof Vest','Tool','2024-06-03','In Use',189,'Corybury'),('307604ad-220','Handcuffs','Tool','2021-04-26','Damaged',295,'Corybury'),('30ae7138-cc2','Bulletproof Vest','Tool','2022-02-05','Available',20,'Morrisonfurt'),('312e4a2a-9e9','Radio','Tool','2022-04-29','In Use',253,'Colemanview'),('31abe189-f9a','Handcuffs','Tool','2022-04-08','Damaged',408,'East Jenniferburgh'),('32090689-62d','Taser','Weapon','2024-08-01','Damaged',410,'Morrisonfurt'),('3216dd0c-1a4','Bulletproof Vest','Tool','2021-01-07','Damaged',257,'North Jenniferstad'),('322d80f8-33c','Baton','Weapon','2021-01-01','Damaged',378,'Morrisonfurt'),('326ece70-cde','Taser','Weapon','2021-05-07','Damaged',317,'Morrisonfurt'),('32c6c39c-fd3','Handcuffs','Tool','2024-08-25','In Use',140,'Jacquelineborough'),('32eebc2f-24a','Handcuffs','Tool','2023-10-16','In Use',42,'Felicialand'),('33142113-30a','Riot Shield','Tool','2020-11-14','Available',141,'East Jenniferburgh'),('335ef43e-b66','Taser','Weapon','2023-03-24','Available',323,'East Jenniferburgh'),('33941ee3-775','Handcuffs','Tool','2022-11-10','In Use',283,'East Jenniferburgh'),('33dbfd7c-5a5','Riot Shield','Tool','2022-04-08','Damaged',71,'Morrisonfurt'),('33f14a48-73d','Riot Shield','Tool','2020-01-05','Available',405,'South Richardville'),('34302b34-5b4','Baton','Weapon','2024-04-24','In Use',288,'South Richardville'),('3465e787-c4e','Handcuffs','Tool','2022-04-18','Available',136,'Veronicahaven'),('3495887e-4de','Pepper Spray','Weapon','2020-09-19','Available',120,'North Jenniferstad'),('34ad6104-fb4','Riot Shield','Tool','2023-10-06','Damaged',86,'Morrisonfurt'),('34f87fd1-f99','Baton','Weapon','2024-04-21','Available',318,'Felicialand'),('352faa86-1d1','Baton','Weapon','2020-04-02','In Use',142,'South Richardville'),('353c2ce3-c38','Baton','Weapon','2023-12-17','Damaged',30,'South Nicholashaven'),('36232292-071','Riot Shield','Tool','2023-09-21','In Use',81,'Morrisonfurt'),('36351590-1c4','Taser','Weapon','2023-08-15','Damaged',383,'North Jenniferstad'),('36468221-046','Taser','Weapon','2024-07-23','Damaged',490,'South Richardville'),('365a34bc-15c','Patrol Car','Vehicle','2022-08-19','Available',135,'Morrisonfurt'),('36682564-a57','Baton','Weapon','2023-08-18','In Use',238,'East Jenniferburgh'),('370f9f9a-a79','Pepper Spray','Weapon','2022-11-30','In Use',289,'South Nicholashaven'),('374f73e3-ae7','Bulletproof Vest','Tool','2020-07-31','Damaged',449,'South Richardville'),('375dccea-a73','Bulletproof Vest','Tool','2024-07-27','Damaged',346,'Jacquelineborough'),('379a4bf1-656','Handcuffs','Tool','2021-01-12','In Use',297,'Colemanview'),('37e966e0-6d0','Flashlight','Tool','2024-07-24','In Use',93,'Felicialand'),('38199812-b85','Flashlight','Tool','2024-02-09','Damaged',362,'North Jenniferstad'),('390dc79c-223','Patrol Car','Vehicle','2020-04-27','Available',360,'South Nicholashaven'),('390f7b7c-920','Riot Shield','Tool','2022-12-13','In Use',339,'Jacquelineborough'),('39141596-2ab','Pepper Spray','Weapon','2020-09-15','Damaged',119,'Corybury'),('391c19ae-0c1','Patrol Car','Vehicle','2022-03-26','Available',498,'Colemanview'),('394b8bfa-67a','Handcuffs','Tool','2024-08-08','Available',32,'Jacquelineborough'),('39528da3-3d8','Body Camera','Tool','2023-03-17','Damaged',8,'East Jenniferburgh'),('398b7e0b-c2c','Handcuffs','Tool','2021-03-03','In Use',154,'North Jenniferstad'),('399ae0c7-8c1','Baton','Weapon','2020-10-03','Available',101,'South Nicholashaven'),('39d8a12c-0da','Body Camera','Tool','2020-07-24','Damaged',245,'Corybury'),('3a804b05-db9','Bulletproof Vest','Tool','2022-11-04','Available',362,'Corybury'),('3aa87e91-a83','Radio','Tool','2024-10-31','In Use',94,'East Jenniferburgh'),('3af1de5d-f03','Taser','Weapon','2024-11-09','Damaged',262,'Veronicahaven'),('3b0ac902-6f5','Riot Shield','Tool','2023-02-05','In Use',231,'South Nicholashaven'),('3b327b3f-537','Handcuffs','Tool','2020-01-27','Damaged',187,'Colemanview'),('3b495143-cd1','Baton','Weapon','2024-05-22','Damaged',365,'Colemanview'),('3b73703e-5c3','Patrol Car','Vehicle','2022-08-15','Available',116,'East Jenniferburgh'),('3b7a7b96-4ed','Riot Shield','Tool','2021-03-21','Available',234,'Colemanview'),('3b90cd06-3da','Handcuffs','Tool','2021-03-15','Damaged',395,'East Jenniferburgh'),('3bfb94a9-978','Flashlight','Tool','2022-03-01','Available',310,'South Nicholashaven'),('3bfdd5a9-b1a','Baton','Weapon','2022-01-30','Damaged',112,'North Jenniferstad'),('3c2bc134-9e5','Radio','Tool','2021-08-14','Damaged',389,'Corybury'),('3c45135c-6ba','Radio','Tool','2021-06-18','In Use',114,'Veronicahaven'),('3ca74501-31a','Taser','Weapon','2023-01-05','Available',102,'Felicialand'),('3d6a83eb-ccd','Patrol Car','Vehicle','2021-01-07','Damaged',433,'Colemanview'),('3dd0f6d7-476','Bulletproof Vest','Tool','2022-11-27','In Use',50,'Corybury'),('3e03f25e-d59','Flashlight','Tool','2022-11-10','Damaged',202,'Veronicahaven'),('3e1078f1-9fa','Pepper Spray','Weapon','2020-03-28','In Use',110,'Jacquelineborough'),('3e469c77-7b2','Bulletproof Vest','Tool','2022-11-18','Damaged',250,'Morrisonfurt'),('3e53adcd-43a','Pepper Spray','Weapon','2020-07-12','Damaged',415,'Felicialand'),('3edacbd6-410','Pepper Spray','Weapon','2022-03-18','Damaged',146,'Jacquelineborough'),('3f586ac4-b52','Taser','Weapon','2022-08-03','In Use',78,'Jacquelineborough'),('3f9b989c-d30','Riot Shield','Tool','2024-02-07','In Use',217,'Jacquelineborough'),('3fcf65e4-d76','Patrol Car','Vehicle','2020-11-01','Available',497,'Morrisonfurt'),('3fe81605-abf','Handcuffs','Tool','2023-12-31','Damaged',202,'Felicialand'),('3ff727c9-d4d','Bulletproof Vest','Tool','2024-06-12','In Use',181,'North Jenniferstad'),('3ff92c67-a25','Bulletproof Vest','Tool','2022-11-01','Available',42,'North Jenniferstad'),('400b7843-317','Pepper Spray','Weapon','2023-11-03','Available',355,'Corybury'),('403daedd-339','Bulletproof Vest','Tool','2020-12-28','Available',187,'South Nicholashaven'),('41100001-67b','Riot Shield','Tool','2020-05-21','Damaged',421,'Veronicahaven'),('4115d63b-9fa','Body Camera','Tool','2020-04-11','Available',488,'Morrisonfurt'),('4237bcd0-afd','Taser','Weapon','2020-04-14','In Use',52,'South Nicholashaven'),('425c77d3-27a','Riot Shield','Tool','2022-10-28','Available',112,'North Jenniferstad'),('431f93f4-806','Taser','Weapon','2020-12-30','In Use',36,'South Richardville'),('4326b435-99f','Handcuffs','Tool','2023-01-20','Damaged',56,'Colemanview'),('43318cf9-7b6','Handcuffs','Tool','2021-09-14','In Use',326,'Felicialand'),('43c25c33-dc6','Baton','Weapon','2021-09-08','In Use',138,'East Jenniferburgh'),('44334c69-84a','Baton','Weapon','2023-09-22','In Use',473,'East Jenniferburgh'),('4495cf86-7b0','Riot Shield','Tool','2024-01-20','Available',369,'Morrisonfurt'),('4497fb55-fe8','Taser','Weapon','2022-10-16','In Use',472,'South Nicholashaven'),('4556a985-10a','Body Camera','Tool','2020-11-18','In Use',170,'Morrisonfurt'),('45e27558-d97','Radio','Tool','2024-08-17','Available',134,'South Richardville'),('46926011-44d','Flashlight','Tool','2020-01-22','Damaged',86,'Colemanview'),('46963c3b-6ad','Radio','Tool','2024-01-09','Damaged',376,'Veronicahaven'),('46adfd22-a67','Pepper Spray','Weapon','2021-03-25','In Use',325,'Morrisonfurt'),('46bc4c44-d85','Baton','Weapon','2024-03-29','Damaged',412,'Felicialand'),('46eb92a1-0b7','Radio','Tool','2021-01-06','In Use',75,'Felicialand'),('46fd1261-e7d','Handcuffs','Tool','2021-06-24','In Use',259,'East Jenniferburgh'),('47047ec7-282','Pepper Spray','Weapon','2021-03-09','In Use',247,'Morrisonfurt'),('473c0672-239','Flashlight','Tool','2023-06-19','In Use',467,'Colemanview'),('4759ff49-3ae','Bulletproof Vest','Tool','2022-07-26','Damaged',104,'South Nicholashaven'),('475db3ca-40d','Bulletproof Vest','Tool','2020-09-06','Damaged',401,'South Richardville'),('477caa6f-9ce','Radio','Tool','2023-03-21','Damaged',51,'Colemanview'),('4796b894-814','Body Camera','Tool','2022-07-23','In Use',407,'Jacquelineborough'),('4818fb7d-182','Bulletproof Vest','Tool','2023-05-01','In Use',475,'North Jenniferstad'),('48949010-098','Handcuffs','Tool','2021-09-05','In Use',95,'Jacquelineborough'),('4980d2ec-c84','Patrol Car','Vehicle','2021-10-03','In Use',259,'Felicialand'),('4989f8d8-564','Body Camera','Tool','2020-10-02','Available',124,'Veronicahaven'),('49950341-77e','Radio','Tool','2023-12-07','Damaged',192,'South Nicholashaven'),('49dec05f-696','Body Camera','Tool','2021-04-03','Available',266,'East Jenniferburgh'),('4a53a420-ed2','Pepper Spray','Weapon','2023-08-01','Available',427,'East Jenniferburgh'),('4aa71d90-777','Handcuffs','Tool','2021-02-23','Available',167,'Colemanview'),('4b6345db-e9d','Patrol Car','Vehicle','2021-08-30','In Use',132,'East Jenniferburgh'),('4bad3af1-a9f','Body Camera','Tool','2022-08-27','Damaged',464,'Jacquelineborough'),('4c1b8a31-baf','Taser','Weapon','2023-09-30','Damaged',37,'Morrisonfurt'),('4c30ba23-63a','Patrol Car','Vehicle','2020-10-19','Damaged',471,'Corybury'),('4c4251bc-06b','Radio','Tool','2020-02-10','Available',55,'Veronicahaven'),('4ca272c7-846','Riot Shield','Tool','2021-04-02','Available',389,'Felicialand'),('4ccc0acd-613','Radio','Tool','2024-08-29','Available',6,'Felicialand'),('4ce0101f-045','Body Camera','Tool','2020-09-27','Available',217,'Colemanview'),('4d31c0a7-74d','Flashlight','Tool','2023-12-02','Damaged',1,'South Richardville'),('4d34b7f3-60c','Taser','Weapon','2024-10-30','Damaged',22,'Colemanview'),('4e2d4ebe-56d','Flashlight','Tool','2022-06-13','Available',102,'South Nicholashaven'),('4ebb3ff7-656','Taser','Weapon','2024-08-20','Available',376,'North Jenniferstad'),('4f087c44-480','Handcuffs','Tool','2024-07-13','Available',157,'East Jenniferburgh'),('4f7b1c1b-3d5','Flashlight','Tool','2023-03-11','Available',362,'Jacquelineborough'),('4f9d03ca-2c2','Riot Shield','Tool','2024-11-20','In Use',40,'East Jenniferburgh'),('4fcccc0e-524','Baton','Weapon','2021-11-23','Damaged',188,'North Jenniferstad'),('5085cf07-3d5','Flashlight','Tool','2023-06-01','Damaged',11,'Corybury'),('50b63717-bd4','Baton','Weapon','2022-05-30','Damaged',331,'Jacquelineborough'),('50e5b18f-8ad','Body Camera','Tool','2024-01-08','In Use',434,'Veronicahaven'),('50f467bf-82a','Bulletproof Vest','Tool','2020-09-30','Damaged',469,'East Jenniferburgh'),('51774b97-80e','Baton','Weapon','2020-09-01','Damaged',441,'South Richardville'),('5222d461-1d4','Baton','Weapon','2021-12-26','In Use',353,'Colemanview'),('525beb91-372','Bulletproof Vest','Tool','2020-07-31','Damaged',318,'South Richardville'),('528ff4ea-f29','Pepper Spray','Weapon','2020-02-11','Damaged',135,'Jacquelineborough'),('52c03213-302','Baton','Weapon','2022-03-12','Damaged',463,'East Jenniferburgh'),('52c963e6-306','Pepper Spray','Weapon','2024-08-17','In Use',290,'Corybury'),('52d69776-b30','Baton','Weapon','2020-11-30','Damaged',85,'Veronicahaven'),('52f2bc9f-5e7','Pepper Spray','Weapon','2021-01-07','Available',193,'South Richardville'),('5310f735-f80','Taser','Weapon','2024-11-08','Available',438,'Veronicahaven'),('53454654-b75','Handcuffs','Tool','2023-08-29','Damaged',430,'Corybury'),('5348ccb6-c36','Pepper Spray','Weapon','2023-12-12','Available',485,'Corybury'),('53702f2a-8de','Taser','Weapon','2020-02-21','Damaged',137,'East Jenniferburgh'),('5417974b-c5a','Patrol Car','Vehicle','2021-04-23','Available',375,'Veronicahaven'),('54410364-4f2','Taser','Weapon','2024-03-16','Available',104,'Corybury'),('548d7ddd-511','Pepper Spray','Weapon','2022-01-13','In Use',68,'North Jenniferstad'),('54fb5854-f3e','Pepper Spray','Weapon','2021-01-05','Available',84,'Morrisonfurt'),('5591f551-8a9','Pepper Spray','Weapon','2023-07-19','Available',58,'North Jenniferstad'),('55a622a2-60d','Pepper Spray','Weapon','2023-11-03','In Use',372,'Morrisonfurt'),('55cdd162-cc3','Flashlight','Tool','2022-04-07','Available',499,'Felicialand'),('55d0af92-80a','Body Camera','Tool','2022-10-10','In Use',235,'Veronicahaven'),('55f29d4c-cfb','Handcuffs','Tool','2024-03-07','Available',41,'Felicialand'),('564b32e0-49c','Pepper Spray','Weapon','2021-11-01','Available',86,'South Richardville'),('56c710fd-cbb','Body Camera','Tool','2023-05-18','In Use',477,'Colemanview'),('56ff7fa9-247','Flashlight','Tool','2022-07-25','In Use',472,'Corybury'),('57062066-41c','Baton','Weapon','2022-02-14','In Use',149,'Jacquelineborough'),('577c4f85-090','Taser','Weapon','2021-08-07','Damaged',110,'South Nicholashaven'),('578c0579-86a','Riot Shield','Tool','2021-11-28','Available',300,'Jacquelineborough'),('578e74d9-6d3','Flashlight','Tool','2021-12-03','Damaged',244,'Corybury'),('57a669dd-72f','Radio','Tool','2021-09-03','Available',184,'Veronicahaven'),('57c33ca0-4db','Pepper Spray','Weapon','2022-09-25','Damaged',162,'Felicialand'),('58604146-5b5','Taser','Weapon','2022-07-09','In Use',114,'Corybury'),('5881d03b-230','Patrol Car','Vehicle','2021-04-01','Damaged',147,'Corybury'),('592ac301-47c','Bulletproof Vest','Tool','2020-01-13','Damaged',135,'South Richardville'),('59835b06-141','Pepper Spray','Weapon','2023-12-25','Damaged',247,'East Jenniferburgh'),('59a91db0-151','Taser','Weapon','2021-05-27','Available',224,'Morrisonfurt'),('59f63e6a-f2a','Riot Shield','Tool','2023-12-18','Available',285,'East Jenniferburgh'),('5a1dbe5a-8c3','Patrol Car','Vehicle','2021-05-01','Damaged',270,'North Jenniferstad'),('5a6f4bd5-edf','Flashlight','Tool','2020-01-15','Available',397,'Felicialand'),('5a84f6cc-319','Baton','Weapon','2022-01-13','In Use',207,'North Jenniferstad'),('5aef8d51-3fd','Patrol Car','Vehicle','2020-05-27','Damaged',199,'South Nicholashaven'),('5b18756a-958','Handcuffs','Tool','2020-03-03','Available',351,'South Richardville'),('5b2dda6a-b9b','Handcuffs','Tool','2023-09-25','In Use',338,'North Jenniferstad'),('5b2f22d9-200','Body Camera','Tool','2023-01-29','Damaged',144,'Corybury'),('5bc090cb-c8b','Handcuffs','Tool','2021-08-07','Available',159,'Felicialand'),('5bc34f7f-017','Baton','Weapon','2021-03-06','Damaged',218,'Felicialand'),('5bd75c5d-e32','Baton','Weapon','2021-09-21','Available',80,'South Richardville'),('5c593a27-63f','Body Camera','Tool','2023-07-02','Available',398,'Veronicahaven'),('5c5e007a-a3b','Taser','Weapon','2024-03-12','In Use',130,'East Jenniferburgh'),('5c8602ad-212','Flashlight','Tool','2024-04-17','Damaged',421,'Veronicahaven'),('5c948bd7-190','Pepper Spray','Weapon','2023-03-10','Damaged',382,'East Jenniferburgh'),('5cf22ffe-ee4','Handcuffs','Tool','2021-03-10','Available',332,'Colemanview'),('5d22619d-956','Flashlight','Tool','2022-08-03','In Use',59,'Colemanview'),('5d245b25-a0b','Baton','Weapon','2020-07-01','In Use',309,'South Nicholashaven'),('5d3c0f38-76b','Body Camera','Tool','2021-08-13','Available',102,'South Nicholashaven'),('5d6700a5-6c7','Bulletproof Vest','Tool','2020-04-29','Available',187,'South Richardville'),('5d70f88d-1e4','Patrol Car','Vehicle','2022-04-20','Available',127,'Corybury'),('5e1c82da-f22','Baton','Weapon','2024-03-10','Available',357,'Felicialand'),('5e23415b-31a','Riot Shield','Tool','2023-01-01','Available',70,'East Jenniferburgh'),('5e727682-7bf','Bulletproof Vest','Tool','2021-11-08','Available',88,'Colemanview'),('5e84f2aa-efd','Patrol Car','Vehicle','2024-02-16','In Use',398,'North Jenniferstad'),('5edfd586-5b7','Pepper Spray','Weapon','2022-12-21','In Use',449,'Morrisonfurt'),('5eff2aab-043','Taser','Weapon','2022-02-25','Available',122,'Felicialand'),('5f30c8a1-048','Pepper Spray','Weapon','2020-02-21','In Use',165,'South Nicholashaven'),('6086b228-b77','Flashlight','Tool','2021-02-09','Damaged',201,'Felicialand'),('60e638be-3ed','Radio','Tool','2021-08-11','Available',177,'Veronicahaven'),('610c7347-cb7','Patrol Car','Vehicle','2020-11-14','Damaged',39,'East Jenniferburgh'),('6116acb2-bf9','Bulletproof Vest','Tool','2020-09-25','In Use',416,'Colemanview'),('614debd5-891','Baton','Weapon','2022-12-09','Available',408,'South Nicholashaven'),('61a3275a-5fe','Pepper Spray','Weapon','2020-02-11','Damaged',208,'East Jenniferburgh'),('61ac8056-806','Radio','Tool','2023-11-30','Available',381,'Corybury'),('61bdbf06-828','Body Camera','Tool','2021-11-08','Available',73,'North Jenniferstad'),('6248a617-2d1','Taser','Weapon','2024-10-10','Available',37,'Colemanview'),('6286e457-0e7','Taser','Weapon','2021-03-12','In Use',242,'North Jenniferstad'),('632a8d5d-191','Patrol Car','Vehicle','2022-08-09','Damaged',442,'East Jenniferburgh'),('636a4b24-d56','Patrol Car','Vehicle','2020-02-16','In Use',28,'Morrisonfurt'),('63798cfe-9fa','Radio','Tool','2021-02-03','Damaged',52,'South Nicholashaven'),('63a72a3a-567','Handcuffs','Tool','2023-04-06','Damaged',123,'North Jenniferstad'),('63acd81c-50d','Handcuffs','Tool','2022-10-02','Available',122,'East Jenniferburgh'),('640c3ae1-56f','Radio','Tool','2022-03-25','In Use',112,'Jacquelineborough'),('641fef65-99a','Patrol Car','Vehicle','2022-04-03','Damaged',126,'Jacquelineborough'),('6422a2e8-56f','Body Camera','Tool','2020-02-23','Damaged',418,'Corybury'),('6485a6b2-b6f','Taser','Weapon','2021-07-13','Available',347,'Colemanview'),('65024b4f-3fd','Body Camera','Tool','2021-12-27','Available',53,'Morrisonfurt'),('656110dc-349','Radio','Tool','2022-11-23','In Use',110,'Felicialand'),('659100e7-637','Baton','Weapon','2020-12-07','In Use',310,'Veronicahaven'),('65924f7c-e2b','Patrol Car','Vehicle','2022-02-16','Damaged',214,'Colemanview'),('65a9e903-085','Radio','Tool','2024-10-13','In Use',380,'North Jenniferstad'),('65c4671f-5c3','Taser','Weapon','2023-01-08','Damaged',469,'East Jenniferburgh'),('65e2f5c9-07e','Patrol Car','Vehicle','2020-11-11','Damaged',166,'Veronicahaven'),('65e74108-274','Radio','Tool','2020-06-30','Damaged',132,'South Richardville'),('667b5a7f-cb8','Taser','Weapon','2022-06-01','Available',421,'Veronicahaven'),('66ea422e-313','Patrol Car','Vehicle','2020-01-09','Available',208,'Morrisonfurt'),('670ae13b-d4d','Flashlight','Tool','2023-07-14','Available',486,'Jacquelineborough'),('676d29c4-b32','Handcuffs','Tool','2020-01-16','Available',53,'Felicialand'),('679b7fe5-83f','Baton','Weapon','2022-03-25','In Use',226,'South Richardville'),('683dc2f3-939','Baton','Weapon','2021-07-19','Damaged',294,'North Jenniferstad'),('68b85eff-e6b','Body Camera','Tool','2022-09-24','In Use',379,'Jacquelineborough'),('68c27ef6-abb','Patrol Car','Vehicle','2023-09-29','Available',461,'South Nicholashaven'),('68de47d2-736','Baton','Weapon','2022-06-30','Damaged',276,'South Richardville'),('68e098a1-0a4','Bulletproof Vest','Tool','2021-09-12','Damaged',76,'Felicialand'),('68e9768d-eaa','Patrol Car','Vehicle','2022-12-14','Available',137,'Veronicahaven'),('68efce7e-b07','Baton','Weapon','2024-08-08','Damaged',148,'South Richardville'),('690f0ff8-32b','Baton','Weapon','2022-06-21','In Use',21,'South Richardville'),('69173df0-5b8','Patrol Car','Vehicle','2024-07-23','Damaged',196,'Corybury'),('691f43ca-e3f','Body Camera','Tool','2024-06-25','Damaged',125,'Jacquelineborough'),('69700c68-88a','Radio','Tool','2020-08-21','Damaged',254,'Felicialand'),('697057c0-37a','Flashlight','Tool','2023-06-06','Available',71,'Felicialand'),('6a242442-045','Patrol Car','Vehicle','2024-03-07','Damaged',99,'Veronicahaven'),('6a31229c-ddd','Flashlight','Tool','2024-01-21','Available',399,'Jacquelineborough'),('6a928342-c07','Bulletproof Vest','Tool','2023-01-06','Available',279,'South Richardville'),('6b24b3b5-aef','Patrol Car','Vehicle','2020-11-17','In Use',124,'Veronicahaven'),('6b5112d1-71e','Radio','Tool','2023-06-29','In Use',365,'Jacquelineborough'),('6b75b86f-f80','Taser','Weapon','2021-10-21','In Use',428,'Veronicahaven'),('6b83d5a8-f74','Patrol Car','Vehicle','2020-05-18','In Use',256,'South Nicholashaven'),('6b913e1c-a10','Taser','Weapon','2022-11-19','Damaged',464,'Jacquelineborough'),('6b969e2d-16c','Patrol Car','Vehicle','2020-06-07','Damaged',319,'Veronicahaven'),('6bba37c5-5e0','Baton','Weapon','2023-11-26','Available',57,'Veronicahaven'),('6c050350-e00','Patrol Car','Vehicle','2022-08-16','In Use',227,'South Nicholashaven'),('6c18ee20-61b','Riot Shield','Tool','2023-03-20','Available',259,'Veronicahaven'),('6c3e4334-ba2','Patrol Car','Vehicle','2020-05-04','Available',102,'Morrisonfurt'),('6c573c48-169','Riot Shield','Tool','2020-08-18','Available',240,'South Nicholashaven'),('6cf038d4-b6e','Bulletproof Vest','Tool','2024-02-12','In Use',189,'North Jenniferstad'),('6d3d08f6-d87','Pepper Spray','Weapon','2024-09-16','Available',137,'Morrisonfurt'),('6d482b15-78e','Patrol Car','Vehicle','2021-12-31','Available',321,'East Jenniferburgh'),('6d52be1a-f99','Bulletproof Vest','Tool','2020-04-12','Available',123,'Corybury'),('6d6d8dec-a06','Taser','Weapon','2020-03-25','In Use',1,'North Jenniferstad'),('6dd8d4c2-5e6','Bulletproof Vest','Tool','2024-05-01','Available',15,'South Nicholashaven'),('6de8d0d0-83d','Handcuffs','Tool','2022-06-29','Damaged',169,'Felicialand'),('6df05094-3de','Body Camera','Tool','2024-10-24','In Use',153,'Colemanview'),('6e24765f-cca','Pepper Spray','Weapon','2023-07-05','In Use',159,'East Jenniferburgh'),('6e9ba7d0-cab','Flashlight','Tool','2020-04-23','Damaged',472,'Jacquelineborough'),('6ee09138-90e','Body Camera','Tool','2021-08-14','Available',175,'South Richardville'),('6f00a5a6-68c','Bulletproof Vest','Tool','2020-08-10','In Use',208,'Veronicahaven'),('6f180c0d-687','Radio','Tool','2021-08-20','Damaged',434,'Veronicahaven'),('6f2945e4-ba9','Flashlight','Tool','2020-12-22','Damaged',334,'South Nicholashaven'),('6f81fcba-ec6','Baton','Weapon','2022-04-15','Damaged',218,'Colemanview'),('70147c15-994','Baton','Weapon','2022-01-16','Available',304,'South Nicholashaven'),('703d8f30-1a9','Taser','Weapon','2024-04-28','In Use',78,'Felicialand'),('70b24497-ea5','Handcuffs','Tool','2022-04-29','Available',273,'South Richardville'),('70e3cc6b-3bd','Baton','Weapon','2023-04-19','Damaged',457,'South Richardville'),('717e99be-39d','Baton','Weapon','2023-08-26','Damaged',86,'Colemanview'),('71f1975d-d12','Flashlight','Tool','2020-10-05','Damaged',324,'Corybury'),('72458adf-f95','Taser','Weapon','2021-10-13','Damaged',62,'South Nicholashaven'),('727d8ff3-85c','Baton','Weapon','2024-02-05','Damaged',160,'Colemanview'),('72a4a867-39d','Handcuffs','Tool','2022-03-25','In Use',262,'Jacquelineborough'),('72a5e7b1-e05','Taser','Weapon','2023-12-31','Available',8,'Corybury'),('72ec159c-da9','Patrol Car','Vehicle','2021-08-31','Available',146,'Corybury'),('747ae1de-642','Taser','Weapon','2024-10-06','Available',156,'North Jenniferstad'),('74df2dcf-2b1','Flashlight','Tool','2023-11-05','Damaged',290,'South Richardville'),('7514fd04-09e','Handcuffs','Tool','2020-02-11','Available',319,'Jacquelineborough'),('7533f719-b99','Radio','Tool','2024-04-22','Damaged',336,'Jacquelineborough'),('7556fd13-299','Handcuffs','Tool','2022-12-09','Available',486,'Felicialand'),('756fefb3-42a','Pepper Spray','Weapon','2023-06-16','In Use',370,'Felicialand'),('758fcf29-f8e','Baton','Weapon','2020-01-11','In Use',76,'Morrisonfurt'),('759ec777-c8a','Pepper Spray','Weapon','2020-09-20','Available',83,'South Nicholashaven'),('75a4342c-434','Bulletproof Vest','Tool','2023-08-29','Damaged',183,'Corybury'),('75bcb07c-f12','Handcuffs','Tool','2023-02-28','Available',443,'Morrisonfurt'),('75f536be-739','Body Camera','Tool','2020-04-18','Damaged',316,'South Nicholashaven'),('7606bd5a-bc2','Flashlight','Tool','2020-07-14','In Use',116,'Jacquelineborough'),('7626d114-7b4','Pepper Spray','Weapon','2021-06-18','Available',473,'Morrisonfurt'),('762c33f2-296','Handcuffs','Tool','2024-07-22','Available',305,'Colemanview'),('763930b6-31e','Baton','Weapon','2024-06-28','Damaged',73,'Morrisonfurt'),('76650212-c4c','Taser','Weapon','2020-09-12','Available',255,'South Richardville'),('767b9e67-d41','Patrol Car','Vehicle','2023-05-28','Damaged',231,'South Richardville'),('76f29f72-2f4','Taser','Weapon','2023-01-08','Available',372,'Felicialand'),('778864d5-64a','Handcuffs','Tool','2020-03-29','Available',455,'North Jenniferstad'),('77c52fed-89b','Radio','Tool','2020-02-13','Available',474,'Morrisonfurt'),('77ede37a-a9f','Body Camera','Tool','2022-09-04','Available',481,'Corybury'),('77f07fd4-eea','Bulletproof Vest','Tool','2021-09-16','Damaged',50,'Corybury'),('7801ce6d-2e4','Flashlight','Tool','2021-10-19','Available',180,'North Jenniferstad'),('780f9b88-9a7','Radio','Tool','2021-08-17','In Use',389,'Jacquelineborough'),('7870476d-ec8','Handcuffs','Tool','2021-06-21','Damaged',373,'Corybury'),('78731b22-f86','Flashlight','Tool','2022-11-01','In Use',126,'East Jenniferburgh'),('78b4ca4b-4cb','Baton','Weapon','2021-08-19','Damaged',124,'Corybury'),('78c95022-4bf','Pepper Spray','Weapon','2022-10-21','Damaged',480,'Colemanview'),('78caa6a7-a9c','Pepper Spray','Weapon','2023-04-06','In Use',26,'South Nicholashaven'),('78ed207d-2ff','Taser','Weapon','2021-05-29','In Use',45,'Morrisonfurt'),('78f5af86-c50','Pepper Spray','Weapon','2024-09-14','Damaged',285,'Morrisonfurt'),('78ff0343-2ad','Flashlight','Tool','2023-08-06','Damaged',418,'Morrisonfurt'),('790139e4-d94','Patrol Car','Vehicle','2021-05-08','Damaged',339,'Felicialand'),('791276a8-703','Baton','Weapon','2024-07-12','Damaged',184,'Felicialand'),('794943ff-1f2','Handcuffs','Tool','2020-06-19','Damaged',249,'South Nicholashaven'),('7966e6b5-c95','Baton','Weapon','2022-04-25','In Use',173,'South Richardville'),('79d85577-f57','Baton','Weapon','2023-11-11','In Use',95,'Veronicahaven'),('7a237ca2-682','Body Camera','Tool','2021-05-05','In Use',99,'Morrisonfurt'),('7a41bc1b-012','Bulletproof Vest','Tool','2023-09-21','Available',166,'Veronicahaven'),('7a797860-e05','Patrol Car','Vehicle','2022-08-25','In Use',499,'Morrisonfurt'),('7a965c7a-47e','Bulletproof Vest','Tool','2022-11-27','Available',199,'North Jenniferstad'),('7ad7674b-a87','Handcuffs','Tool','2021-03-27','In Use',291,'Colemanview'),('7adda68d-328','Patrol Car','Vehicle','2021-11-12','In Use',302,'Jacquelineborough'),('7af2a530-e80','Taser','Weapon','2021-11-22','In Use',115,'Veronicahaven'),('7af5df21-955','Taser','Weapon','2023-11-08','Available',337,'South Richardville'),('7b224471-eaa','Flashlight','Tool','2024-08-24','Damaged',371,'Corybury'),('7b6f8aeb-386','Body Camera','Tool','2023-01-31','Damaged',75,'Felicialand'),('7b9a0cc2-908','Handcuffs','Tool','2022-06-14','In Use',454,'North Jenniferstad'),('7b9e79e9-532','Taser','Weapon','2020-03-11','Available',264,'North Jenniferstad'),('7c00f253-dcb','Flashlight','Tool','2020-09-02','In Use',16,'Colemanview'),('7c432353-ce3','Body Camera','Tool','2024-02-12','Damaged',252,'Corybury'),('7c773716-0ec','Radio','Tool','2020-11-10','Available',391,'East Jenniferburgh'),('7c7861e4-f5d','Body Camera','Tool','2021-03-14','In Use',14,'South Nicholashaven'),('7c8703b5-828','Body Camera','Tool','2020-03-10','Damaged',52,'Morrisonfurt'),('7c970e4a-6b7','Taser','Weapon','2020-09-05','Available',226,'Veronicahaven'),('7cb79938-e56','Baton','Weapon','2022-02-20','Damaged',317,'Jacquelineborough'),('7ceda49d-b7c','Flashlight','Tool','2021-02-11','In Use',447,'South Nicholashaven'),('7d039602-12d','Handcuffs','Tool','2023-10-18','Damaged',425,'Jacquelineborough'),('7d2d6ae7-03d','Pepper Spray','Weapon','2020-01-22','In Use',236,'East Jenniferburgh'),('7d431447-5ad','Flashlight','Tool','2024-04-13','Damaged',105,'Felicialand'),('7d6656a9-45f','Pepper Spray','Weapon','2024-10-13','Available',406,'Felicialand'),('7d7a3e64-ff1','Body Camera','Tool','2022-03-09','In Use',385,'Morrisonfurt'),('7d8cd967-81a','Radio','Tool','2021-08-15','Available',491,'South Richardville'),('7db539a6-491','Handcuffs','Tool','2024-04-26','Available',245,'Veronicahaven'),('7de08957-6cc','Patrol Car','Vehicle','2022-10-19','Damaged',145,'Felicialand'),('7de2bb5d-cef','Body Camera','Tool','2024-04-19','In Use',116,'Corybury'),('7e507fdd-2e2','Flashlight','Tool','2021-05-07','Available',444,'Corybury'),('7e519d8f-a3d','Radio','Tool','2023-11-03','In Use',64,'Morrisonfurt'),('7e88d80e-17e','Handcuffs','Tool','2024-03-30','Available',160,'Jacquelineborough'),('7e9b23a7-3a8','Bulletproof Vest','Tool','2021-01-17','Available',20,'Felicialand'),('7f4ca41d-dee','Patrol Car','Vehicle','2024-05-04','In Use',104,'Jacquelineborough'),('8068b78e-473','Patrol Car','Vehicle','2023-05-02','Damaged',214,'Jacquelineborough'),('80bd2903-491','Flashlight','Tool','2020-01-30','Damaged',290,'Felicialand'),('815d5405-731','Radio','Tool','2022-03-22','Available',103,'East Jenniferburgh'),('8173cfaf-3b5','Bulletproof Vest','Tool','2021-07-05','Damaged',190,'Veronicahaven'),('817aed96-d0c','Radio','Tool','2022-11-12','In Use',325,'South Nicholashaven'),('81bd2f93-7e0','Taser','Weapon','2020-07-12','In Use',220,'Colemanview'),('81e19948-6e7','Baton','Weapon','2020-05-14','Damaged',256,'Colemanview'),('821328ee-7f6','Body Camera','Tool','2021-10-06','In Use',28,'Felicialand'),('8255de55-8ce','Body Camera','Tool','2021-09-12','In Use',68,'Veronicahaven'),('8331bd6b-ac5','Riot Shield','Tool','2021-05-16','Available',43,'Morrisonfurt'),('835df14b-7de','Handcuffs','Tool','2024-01-17','Damaged',218,'Colemanview'),('83a4ed50-c51','Patrol Car','Vehicle','2021-02-21','In Use',160,'Jacquelineborough'),('840bfe6d-8ea','Flashlight','Tool','2024-08-31','In Use',45,'Morrisonfurt'),('840f3515-f47','Flashlight','Tool','2023-03-25','In Use',17,'Morrisonfurt'),('8491b074-0c5','Baton','Weapon','2021-02-05','Damaged',172,'Felicialand'),('84d415f1-d9b','Riot Shield','Tool','2022-02-14','In Use',495,'Jacquelineborough'),('8524db7a-cc1','Radio','Tool','2021-02-17','Damaged',388,'Felicialand'),('854814f4-2af','Radio','Tool','2021-06-26','Available',483,'South Nicholashaven'),('856468c6-65f','Radio','Tool','2020-11-08','Damaged',154,'Morrisonfurt'),('8572ea8b-1cf','Body Camera','Tool','2024-04-17','Available',366,'East Jenniferburgh'),('85bfbab5-7b4','Radio','Tool','2023-04-27','Damaged',356,'North Jenniferstad'),('8614ed1a-038','Handcuffs','Tool','2022-07-15','Available',81,'Colemanview'),('865cbd67-1fc','Patrol Car','Vehicle','2023-04-01','In Use',135,'Veronicahaven'),('8678d602-33c','Riot Shield','Tool','2020-05-22','In Use',349,'South Nicholashaven'),('86ab5c3a-f20','Baton','Weapon','2020-01-07','Available',33,'South Richardville'),('86e9d1a3-10e','Pepper Spray','Weapon','2022-09-02','Available',349,'South Richardville'),('870e5ccc-17c','Baton','Weapon','2020-03-11','Damaged',431,'Corybury'),('87620129-9fb','Baton','Weapon','2021-12-02','Damaged',220,'South Nicholashaven'),('878c4c37-113','Body Camera','Tool','2024-03-26','In Use',371,'Felicialand'),('87bbca8d-738','Bulletproof Vest','Tool','2021-05-23','In Use',288,'South Nicholashaven'),('87c3f8c1-ae4','Radio','Tool','2024-05-12','Damaged',124,'North Jenniferstad'),('888b80f1-023','Baton','Weapon','2021-12-21','In Use',189,'Corybury'),('88be9cee-8eb','Body Camera','Tool','2021-02-23','In Use',117,'Felicialand'),('88d7e732-773','Baton','Weapon','2023-10-09','In Use',455,'Felicialand'),('88d9c496-e19','Pepper Spray','Weapon','2022-03-07','Available',316,'South Richardville'),('8902e566-1bb','Taser','Weapon','2020-09-06','Available',73,'Morrisonfurt'),('89157b60-d7c','Pepper Spray','Weapon','2023-11-18','In Use',316,'North Jenniferstad'),('891b669d-a61','Pepper Spray','Weapon','2023-11-27','Damaged',292,'Veronicahaven'),('892f2aab-74b','Patrol Car','Vehicle','2021-11-13','Damaged',179,'East Jenniferburgh'),('894108fa-018','Handcuffs','Tool','2024-11-11','Damaged',12,'Morrisonfurt'),('89634134-a1a','Flashlight','Tool','2024-07-18','Available',232,'North Jenniferstad'),('897c004c-4cd','Taser','Weapon','2024-07-07','In Use',351,'Corybury'),('89945c2e-11f','Radio','Tool','2021-03-04','Damaged',342,'Veronicahaven'),('89fc942a-c9a','Radio','Tool','2023-04-04','In Use',61,'South Richardville'),('8a234084-3ef','Body Camera','Tool','2020-07-06','Available',185,'Morrisonfurt'),('8a486d0f-572','Patrol Car','Vehicle','2024-03-21','Damaged',146,'Colemanview'),('8a4e68f2-c4c','Bulletproof Vest','Tool','2022-11-11','In Use',53,'Colemanview'),('8b15ea3e-026','Body Camera','Tool','2024-07-22','Damaged',325,'Morrisonfurt'),('8b4ac8db-743','Baton','Weapon','2021-05-03','Damaged',319,'Felicialand'),('8bb909d6-077','Radio','Tool','2022-04-12','Damaged',360,'Corybury'),('8bcd7854-459','Riot Shield','Tool','2024-01-06','In Use',459,'Felicialand'),('8c31d134-f16','Patrol Car','Vehicle','2022-10-01','Damaged',485,'Veronicahaven'),('8cd07956-f90','Flashlight','Tool','2022-06-22','Available',197,'South Richardville'),('8ce0b7e4-814','Body Camera','Tool','2022-10-14','Damaged',489,'Corybury'),('8d119498-32d','Body Camera','Tool','2024-05-28','Damaged',123,'North Jenniferstad'),('8d30b1f3-83d','Pepper Spray','Weapon','2021-10-11','Damaged',14,'Veronicahaven'),('8d492cad-ab2','Handcuffs','Tool','2023-11-23','Available',277,'Jacquelineborough'),('8dacb4df-5ed','Flashlight','Tool','2024-01-24','In Use',354,'Colemanview'),('8dd6667a-e4f','Bulletproof Vest','Tool','2021-02-03','Available',407,'Jacquelineborough'),('8de92860-2f3','Flashlight','Tool','2024-01-16','Available',389,'Jacquelineborough'),('8e2de273-1ac','Bulletproof Vest','Tool','2023-03-17','Available',363,'Colemanview'),('8e3fe9fb-172','Body Camera','Tool','2020-01-13','Available',343,'South Richardville'),('8e5fb4fc-486','Body Camera','Tool','2022-12-20','Damaged',317,'Colemanview'),('8e80ba0a-c82','Bulletproof Vest','Tool','2023-11-19','In Use',122,'Jacquelineborough'),('8eb99d86-6ba','Taser','Weapon','2021-11-25','In Use',462,'South Nicholashaven'),('8eddc001-298','Radio','Tool','2020-10-14','Available',110,'East Jenniferburgh'),('8f285a97-d53','Radio','Tool','2021-08-28','Available',362,'Jacquelineborough'),('8f701b6f-146','Pepper Spray','Weapon','2021-08-15','Damaged',431,'South Richardville'),('8fddff6e-a9f','Patrol Car','Vehicle','2022-07-26','Damaged',191,'Corybury'),('8feb6f49-661','Radio','Tool','2022-08-14','In Use',151,'South Nicholashaven'),('902df2cd-074','Taser','Weapon','2020-12-03','In Use',443,'Morrisonfurt'),('90610a43-a4c','Baton','Weapon','2021-11-23','Damaged',145,'Jacquelineborough'),('90f6f922-4ae','Handcuffs','Tool','2020-12-21','Damaged',76,'South Nicholashaven'),('911d71ca-ac4','Bulletproof Vest','Tool','2020-02-27','In Use',102,'Jacquelineborough'),('91427c21-e49','Flashlight','Tool','2020-06-07','Damaged',72,'Felicialand'),('91453595-e6e','Patrol Car','Vehicle','2022-08-08','In Use',5,'Jacquelineborough'),('91a1023d-b8b','Handcuffs','Tool','2021-12-22','Available',339,'North Jenniferstad'),('91a50910-f7f','Taser','Weapon','2024-09-07','In Use',378,'East Jenniferburgh'),('91eba805-07f','Baton','Weapon','2023-10-08','Damaged',392,'Jacquelineborough'),('91f86382-04c','Pepper Spray','Weapon','2020-08-23','Damaged',249,'Colemanview'),('9216e940-9fd','Patrol Car','Vehicle','2023-10-23','In Use',220,'East Jenniferburgh'),('923b9ef6-8b6','Pepper Spray','Weapon','2024-05-17','In Use',77,'Veronicahaven'),('923edc3b-991','Patrol Car','Vehicle','2024-11-20','Available',372,'Colemanview'),('92848380-0be','Handcuffs','Tool','2024-05-21','Damaged',498,'Felicialand'),('928b416f-bb1','Body Camera','Tool','2021-07-13','Available',199,'East Jenniferburgh'),('9354c325-b1c','Riot Shield','Tool','2021-06-25','In Use',452,'North Jenniferstad'),('940fedec-551','Taser','Weapon','2023-06-07','In Use',172,'Veronicahaven'),('943d1717-08f','Flashlight','Tool','2022-06-24','Available',436,'Veronicahaven'),('952c7f84-51c','Bulletproof Vest','Tool','2022-02-10','In Use',179,'Veronicahaven'),('95a158f4-852','Handcuffs','Tool','2023-09-30','In Use',423,'South Richardville'),('96129b6e-959','Radio','Tool','2024-05-30','Damaged',27,'Veronicahaven'),('9680a77b-c22','Flashlight','Tool','2022-10-14','Available',280,'North Jenniferstad'),('96bac825-5d1','Riot Shield','Tool','2022-06-20','Damaged',461,'North Jenniferstad'),('96c33088-939','Radio','Tool','2022-08-04','In Use',462,'Morrisonfurt'),('96e016c0-a29','Pepper Spray','Weapon','2023-11-12','In Use',185,'Colemanview'),('97956be0-c06','Riot Shield','Tool','2020-06-16','Available',32,'Morrisonfurt'),('982dbfc8-913','Riot Shield','Tool','2024-01-20','Damaged',488,'Veronicahaven'),('9869e611-a34','Baton','Weapon','2023-06-16','In Use',121,'Corybury'),('988af0b0-b77','Baton','Weapon','2024-01-04','Damaged',272,'Felicialand'),('98905112-5b0','Handcuffs','Tool','2023-05-11','Damaged',451,'Corybury'),('98ae2db2-379','Baton','Weapon','2023-10-07','Available',398,'East Jenniferburgh'),('98c7e4c9-f98','Radio','Tool','2024-01-11','In Use',330,'East Jenniferburgh'),('9901651a-41c','Riot Shield','Tool','2024-01-16','Damaged',17,'East Jenniferburgh'),('99a985f6-383','Patrol Car','Vehicle','2022-07-27','Available',425,'South Nicholashaven'),('99f67d50-54f','Pepper Spray','Weapon','2023-03-25','Damaged',69,'South Richardville'),('9a4b6942-869','Pepper Spray','Weapon','2023-03-27','Damaged',269,'South Richardville'),('9a75cfa1-f7c','Handcuffs','Tool','2023-07-26','Available',409,'South Nicholashaven'),('9aa20a6a-0e8','Riot Shield','Tool','2023-01-26','In Use',400,'Felicialand'),('9addc2cb-ffb','Bulletproof Vest','Tool','2020-11-06','Available',201,'North Jenniferstad'),('9b14465c-29c','Bulletproof Vest','Tool','2024-11-02','Damaged',447,'Colemanview'),('9b361761-8f4','Bulletproof Vest','Tool','2023-02-28','Available',303,'Colemanview'),('9b51437d-349','Taser','Weapon','2024-06-03','Damaged',41,'Colemanview'),('9b828c83-36a','Body Camera','Tool','2020-05-01','Damaged',438,'Colemanview'),('9b878ae1-d49','Flashlight','Tool','2020-05-02','In Use',269,'South Richardville'),('9b882379-470','Body Camera','Tool','2022-10-18','In Use',378,'Felicialand'),('9bc80538-25c','Taser','Weapon','2021-02-22','Available',485,'Morrisonfurt'),('9bf701b6-530','Bulletproof Vest','Tool','2023-11-22','Available',184,'North Jenniferstad'),('9c005861-baf','Baton','Weapon','2024-01-22','In Use',93,'East Jenniferburgh'),('9c08bf08-16f','Handcuffs','Tool','2022-04-29','Damaged',184,'North Jenniferstad'),('9c442142-adb','Radio','Tool','2020-02-12','In Use',205,'East Jenniferburgh'),('9c8579f7-42e','Taser','Weapon','2021-09-29','Available',58,'Felicialand'),('9c9c261d-979','Radio','Tool','2020-10-30','Damaged',197,'Felicialand'),('9cb8cefb-891','Baton','Weapon','2021-10-05','Available',437,'Colemanview'),('9cff155e-4ae','Taser','Weapon','2023-02-06','Available',102,'Veronicahaven'),('9d84b38d-734','Riot Shield','Tool','2021-10-29','In Use',493,'North Jenniferstad'),('9de05e56-37a','Radio','Tool','2023-08-13','In Use',180,'Felicialand'),('9e0dd4f0-abd','Radio','Tool','2023-09-19','Available',278,'North Jenniferstad'),('9e23375f-975','Body Camera','Tool','2024-04-15','Available',333,'North Jenniferstad'),('9f0b475b-3a6','Baton','Weapon','2023-07-07','Damaged',335,'Colemanview'),('9f1dfc2a-5e2','Body Camera','Tool','2024-11-10','Available',236,'Felicialand'),('9f4131be-d82','Pepper Spray','Weapon','2020-07-19','In Use',444,'East Jenniferburgh'),('9f82c298-376','Radio','Tool','2020-02-08','Damaged',410,'South Nicholashaven'),('9fc94d34-a8e','Radio','Tool','2023-08-12','Damaged',363,'South Nicholashaven'),('a03d45a3-b7c','Riot Shield','Tool','2021-11-22','In Use',339,'Morrisonfurt'),('a0c3d659-be6','Baton','Weapon','2023-11-12','Available',362,'Jacquelineborough'),('a0c6e28f-293','Riot Shield','Tool','2024-01-12','Available',10,'Corybury'),('a0e7029d-709','Pepper Spray','Weapon','2023-05-13','In Use',156,'Veronicahaven'),('a13a9839-775','Taser','Weapon','2023-03-04','Damaged',404,'Jacquelineborough'),('a17c37db-19c','Handcuffs','Tool','2021-05-10','Damaged',120,'North Jenniferstad'),('a1b0aeb6-f93','Taser','Weapon','2022-05-30','Damaged',435,'Felicialand'),('a1e745e4-319','Radio','Tool','2020-08-08','In Use',51,'Jacquelineborough'),('a24b254d-7d8','Body Camera','Tool','2022-08-25','Damaged',176,'Veronicahaven'),('a269e71d-29f','Bulletproof Vest','Tool','2022-08-30','Damaged',108,'Corybury'),('a2d3061a-6a5','Baton','Weapon','2021-11-19','Damaged',59,'South Nicholashaven'),('a2d9541c-ac4','Flashlight','Tool','2023-06-29','In Use',76,'South Nicholashaven'),('a30b90ce-3cb','Taser','Weapon','2024-03-04','Damaged',150,'South Richardville'),('a3273169-7aa','Handcuffs','Tool','2022-09-06','Damaged',42,'North Jenniferstad'),('a3410519-cf3','Patrol Car','Vehicle','2024-05-26','In Use',138,'Jacquelineborough'),('a3823d9e-f3e','Flashlight','Tool','2023-07-14','Damaged',194,'Veronicahaven'),('a39ef428-10f','Riot Shield','Tool','2022-11-01','Damaged',496,'South Richardville'),('a4254516-2ba','Taser','Weapon','2021-12-22','Damaged',460,'Veronicahaven'),('a480f95d-fcf','Patrol Car','Vehicle','2023-08-29','Damaged',2,'South Richardville'),('a482c848-017','Riot Shield','Tool','2023-03-13','Available',261,'East Jenniferburgh'),('a4a417a3-820','Pepper Spray','Weapon','2022-03-13','In Use',277,'Morrisonfurt'),('a4b1935f-f1c','Riot Shield','Tool','2024-08-13','In Use',303,'Colemanview'),('a4efa8c6-865','Patrol Car','Vehicle','2022-10-19','Damaged',176,'South Nicholashaven'),('a4fbe8fb-790','Radio','Tool','2023-09-07','In Use',148,'Jacquelineborough'),('a56f52ff-31e','Flashlight','Tool','2020-04-03','Damaged',222,'North Jenniferstad'),('a57ad4fb-d50','Taser','Weapon','2021-02-26','Damaged',258,'North Jenniferstad'),('a60fd7f4-640','Pepper Spray','Weapon','2022-07-31','Available',271,'Corybury'),('a6145d68-6e2','Body Camera','Tool','2021-12-15','In Use',364,'Morrisonfurt'),('a691ed62-9bc','Taser','Weapon','2020-05-09','In Use',336,'Felicialand'),('a6ef0759-a4f','Radio','Tool','2022-10-20','Available',274,'South Nicholashaven'),('a6f8e554-da1','Radio','Tool','2021-03-23','Available',84,'North Jenniferstad'),('a74778a4-39c','Body Camera','Tool','2023-04-02','Available',399,'Jacquelineborough'),('a7c696eb-a0e','Handcuffs','Tool','2020-11-11','Available',258,'Felicialand'),('a7ce5965-ef7','Pepper Spray','Weapon','2024-10-06','Available',319,'Felicialand'),('a7f7cf00-042','Baton','Weapon','2022-04-01','Available',340,'Colemanview'),('a83bbd6e-d50','Body Camera','Tool','2023-08-18','Damaged',484,'Felicialand'),('a848a173-b31','Pepper Spray','Weapon','2024-03-31','Damaged',399,'South Richardville'),('a86b6ffd-7ad','Pepper Spray','Weapon','2021-11-22','Damaged',262,'Felicialand'),('a8861008-9f1','Patrol Car','Vehicle','2023-10-05','Damaged',282,'Felicialand'),('a8aa6ed8-c86','Radio','Tool','2024-10-06','Available',68,'Corybury'),('a8be115e-614','Riot Shield','Tool','2020-07-03','Available',390,'Veronicahaven'),('a8e7e060-176','Handcuffs','Tool','2024-01-19','In Use',12,'Felicialand'),('a94cc8c8-1a8','Riot Shield','Tool','2022-07-17','In Use',350,'Veronicahaven'),('a9e28f52-a44','Handcuffs','Tool','2021-04-18','Available',252,'East Jenniferburgh'),('aa502c4c-d65','Pepper Spray','Weapon','2024-04-19','In Use',171,'East Jenniferburgh'),('aa9de2c9-36d','Bulletproof Vest','Tool','2023-09-30','Available',56,'Corybury'),('aaeda765-860','Riot Shield','Tool','2020-11-11','Damaged',293,'Veronicahaven'),('ab6e29d0-6b0','Taser','Weapon','2020-06-03','Damaged',106,'Felicialand'),('ab799517-644','Baton','Weapon','2021-11-23','In Use',286,'Corybury'),('ac7064ff-763','Riot Shield','Tool','2023-03-05','Damaged',445,'East Jenniferburgh'),('acdb1eb9-92c','Body Camera','Tool','2022-08-11','Damaged',407,'Colemanview'),('ace1ad66-15b','Handcuffs','Tool','2020-08-18','In Use',226,'Morrisonfurt'),('acf315a2-843','Radio','Tool','2024-11-13','Available',295,'Felicialand'),('ad1f0cad-a38','Taser','Weapon','2023-01-31','Damaged',458,'Corybury'),('ad6da258-1fe','Baton','Weapon','2023-03-27','In Use',369,'Veronicahaven'),('ae0132be-dcf','Handcuffs','Tool','2021-02-09','Damaged',158,'South Nicholashaven'),('aea17dbf-542','Bulletproof Vest','Tool','2021-11-01','In Use',62,'Morrisonfurt'),('aee588ae-de8','Bulletproof Vest','Tool','2021-05-21','Damaged',73,'East Jenniferburgh'),('af12a3ac-f02','Pepper Spray','Weapon','2020-02-11','In Use',67,'Jacquelineborough'),('af7c5d82-e81','Handcuffs','Tool','2023-03-21','Available',242,'Corybury'),('afd0ab06-d67','Body Camera','Tool','2021-01-17','Damaged',301,'East Jenniferburgh'),('afde1bf8-47a','Bulletproof Vest','Tool','2021-01-28','In Use',264,'East Jenniferburgh'),('aff4e809-a88','Radio','Tool','2021-09-23','Damaged',367,'Jacquelineborough'),('b03cb03d-f0c','Riot Shield','Tool','2023-12-17','In Use',292,'Jacquelineborough'),('b0d0b49b-642','Bulletproof Vest','Tool','2021-07-23','Available',45,'Veronicahaven'),('b0e3cfda-693','Riot Shield','Tool','2023-11-23','Available',150,'North Jenniferstad'),('b14915bc-f35','Handcuffs','Tool','2021-10-29','Available',92,'South Nicholashaven'),('b17b56fc-bab','Bulletproof Vest','Tool','2022-11-06','Available',214,'East Jenniferburgh'),('b1b89348-97d','Handcuffs','Tool','2020-04-07','In Use',90,'South Richardville'),('b1c64f34-91d','Riot Shield','Tool','2020-05-22','Available',42,'Veronicahaven'),('b251a7b0-e56','Radio','Tool','2021-03-22','Damaged',384,'North Jenniferstad'),('b28b6e35-2c7','Flashlight','Tool','2023-06-23','In Use',413,'Jacquelineborough'),('b2a9385d-b2e','Riot Shield','Tool','2020-08-22','Damaged',340,'North Jenniferstad'),('b31773a5-5fc','Taser','Weapon','2024-02-22','In Use',84,'Veronicahaven'),('b3ac65db-07e','Riot Shield','Tool','2020-04-25','Damaged',292,'South Richardville'),('b3aeacd8-9c5','Flashlight','Tool','2024-03-02','Available',327,'Colemanview'),('b3be4913-85e','Taser','Weapon','2023-04-23','In Use',158,'Felicialand'),('b411f937-280','Patrol Car','Vehicle','2021-06-13','In Use',225,'Morrisonfurt'),('b477490e-c30','Handcuffs','Tool','2022-06-24','Available',238,'South Richardville'),('b4c187e8-88b','Radio','Tool','2020-04-17','In Use',39,'Jacquelineborough'),('b5de945f-1ab','Bulletproof Vest','Tool','2022-03-21','In Use',313,'Colemanview'),('b5e8702e-dfc','Radio','Tool','2020-01-08','Damaged',60,'East Jenniferburgh'),('b613e677-20b','Flashlight','Tool','2021-10-24','Available',354,'Veronicahaven'),('b63d7a7b-32a','Taser','Weapon','2021-05-29','Damaged',455,'Corybury'),('b6796eea-927','Baton','Weapon','2023-07-25','Available',389,'Jacquelineborough'),('b687df39-8bd','Taser','Weapon','2022-05-10','Damaged',83,'South Richardville'),('b6e0f24e-116','Baton','Weapon','2022-07-11','Damaged',171,'Veronicahaven'),('b70fdc5d-d51','Baton','Weapon','2020-07-18','Damaged',164,'East Jenniferburgh'),('b731175b-a7c','Riot Shield','Tool','2023-06-29','Damaged',108,'North Jenniferstad'),('b8217c20-121','Taser','Weapon','2021-07-21','In Use',372,'East Jenniferburgh'),('b84ebc6e-2ad','Flashlight','Tool','2021-01-31','Damaged',245,'South Nicholashaven'),('b882f2f7-69b','Bulletproof Vest','Tool','2020-07-10','Available',55,'Morrisonfurt'),('b8cb626f-66d','Baton','Weapon','2024-11-18','Damaged',52,'Morrisonfurt'),('b8f049e7-45a','Handcuffs','Tool','2024-09-05','Damaged',416,'Colemanview'),('b9ac8c6f-551','Flashlight','Tool','2023-02-17','Available',246,'East Jenniferburgh'),('b9f270d3-e5f','Patrol Car','Vehicle','2023-03-29','Available',85,'Corybury'),('b9fa4517-0fb','Radio','Tool','2022-03-10','Available',215,'South Nicholashaven'),('ba1b2a07-a64','Patrol Car','Vehicle','2021-01-16','Available',25,'Corybury'),('ba7101fb-653','Patrol Car','Vehicle','2024-09-02','In Use',296,'Veronicahaven'),('bad3735e-87b','Handcuffs','Tool','2023-01-10','Available',487,'South Nicholashaven'),('bb145caf-0c1','Baton','Weapon','2023-09-09','Damaged',129,'South Nicholashaven'),('bbca9fad-51f','Patrol Car','Vehicle','2021-10-11','In Use',353,'Corybury'),('bc30b571-7b6','Taser','Weapon','2021-05-15','Available',174,'Colemanview'),('bcbaa3b5-965','Body Camera','Tool','2023-08-31','Damaged',46,'South Richardville'),('bd1e4148-680','Handcuffs','Tool','2024-02-03','Available',25,'South Richardville'),('bd79cf52-096','Baton','Weapon','2021-01-24','In Use',77,'Jacquelineborough'),('bdc54b50-5a1','Bulletproof Vest','Tool','2023-04-20','Damaged',482,'Corybury'),('bdcbeb60-42e','Handcuffs','Tool','2020-04-21','Available',74,'Colemanview'),('be1c754e-058','Bulletproof Vest','Tool','2022-12-14','Damaged',492,'Corybury'),('be29d755-77c','Patrol Car','Vehicle','2024-01-20','Available',342,'North Jenniferstad'),('beb72913-4e6','Radio','Tool','2021-10-30','Damaged',424,'Jacquelineborough'),('bf222616-731','Flashlight','Tool','2022-11-30','Damaged',486,'Colemanview'),('bf454a7c-06a','Bulletproof Vest','Tool','2024-07-07','Available',408,'Morrisonfurt'),('bfeb6ef2-d91','Taser','Weapon','2021-01-23','In Use',241,'Felicialand'),('c00cf8e8-a58','Pepper Spray','Weapon','2020-04-10','In Use',358,'Jacquelineborough'),('c01c5143-8a1','Riot Shield','Tool','2023-07-06','In Use',269,'Felicialand'),('c027058d-def','Radio','Tool','2022-07-03','Available',214,'Jacquelineborough'),('c06a2f04-4a6','Riot Shield','Tool','2023-02-26','Available',362,'South Richardville'),('c0fab3e4-141','Flashlight','Tool','2021-02-16','Available',431,'Veronicahaven'),('c107944c-71c','Baton','Weapon','2020-06-13','Available',389,'Morrisonfurt'),('c1dac1fb-654','Patrol Car','Vehicle','2021-05-26','In Use',272,'Felicialand'),('c1e6c84e-667','Pepper Spray','Weapon','2020-12-05','Available',436,'East Jenniferburgh'),('c2753e6b-70b','Body Camera','Tool','2023-01-25','In Use',296,'Jacquelineborough'),('c29f2362-f57','Taser','Weapon','2021-04-30','Damaged',173,'Corybury'),('c33393db-142','Flashlight','Tool','2021-08-20','Available',313,'South Nicholashaven'),('c3969e07-09b','Handcuffs','Tool','2022-02-21','In Use',96,'Felicialand'),('c3a315b9-ddf','Bulletproof Vest','Tool','2021-01-15','Damaged',34,'Felicialand'),('c3a6f82f-be0','Body Camera','Tool','2024-05-11','Damaged',404,'Felicialand'),('c3d84cfc-3fc','Patrol Car','Vehicle','2022-07-26','Damaged',108,'South Richardville'),('c3ffe024-f04','Handcuffs','Tool','2024-05-09','Damaged',393,'East Jenniferburgh'),('c4c0994a-d38','Taser','Weapon','2022-07-30','Damaged',452,'East Jenniferburgh'),('c4ea3f5f-ae5','Riot Shield','Tool','2021-09-01','In Use',427,'Morrisonfurt'),('c589a082-fd2','Radio','Tool','2023-06-18','Damaged',425,'South Nicholashaven'),('c58f46e8-732','Taser','Weapon','2023-06-26','Available',330,'North Jenniferstad'),('c5a9d390-a30','Taser','Weapon','2023-03-06','Damaged',324,'Jacquelineborough'),('c5b8d589-b08','Flashlight','Tool','2021-08-30','Available',55,'South Nicholashaven'),('c5cea399-458','Bulletproof Vest','Tool','2020-05-02','Available',384,'Jacquelineborough'),('c5e14822-4e0','Bulletproof Vest','Tool','2022-12-16','Damaged',155,'Felicialand'),('c5edfc45-207','Radio','Tool','2020-07-02','Damaged',349,'Corybury'),('c67170c4-ed9','Baton','Weapon','2023-10-26','Available',412,'North Jenniferstad'),('c6e172ac-be8','Handcuffs','Tool','2020-05-14','Available',243,'Felicialand'),('c6feeac9-f0e','Flashlight','Tool','2023-05-06','Damaged',481,'Morrisonfurt'),('c715353b-0e1','Baton','Weapon','2021-02-25','Damaged',347,'Jacquelineborough'),('c7a9ab03-cad','Baton','Weapon','2022-08-02','In Use',457,'Corybury'),('c7c74d69-5ba','Radio','Tool','2020-02-17','In Use',391,'East Jenniferburgh'),('c7c99b10-4ca','Flashlight','Tool','2024-07-14','Available',24,'Veronicahaven'),('c83a6432-503','Patrol Car','Vehicle','2024-10-24','Damaged',198,'Jacquelineborough'),('c83b8c90-468','Radio','Tool','2020-01-05','In Use',386,'South Richardville'),('c86e6f12-558','Patrol Car','Vehicle','2021-03-25','In Use',229,'East Jenniferburgh'),('c9121cfa-81e','Riot Shield','Tool','2024-11-15','Damaged',221,'East Jenniferburgh'),('c9657d10-00f','Taser','Weapon','2023-11-01','In Use',430,'South Richardville'),('c9716d21-f5e','Radio','Tool','2021-02-06','Available',277,'Jacquelineborough'),('c9c4cee7-652','Radio','Tool','2024-05-28','Available',299,'Jacquelineborough'),('ca1db62a-d59','Handcuffs','Tool','2021-07-28','In Use',494,'East Jenniferburgh'),('ca394e26-eb2','Body Camera','Tool','2021-02-23','In Use',13,'Colemanview'),('ca70141a-091','Handcuffs','Tool','2022-12-06','In Use',297,'Morrisonfurt'),('cab7f65f-508','Pepper Spray','Weapon','2020-10-26','Available',15,'Morrisonfurt'),('cafd67ed-15c','Flashlight','Tool','2020-06-09','In Use',339,'Corybury'),('cb11c8cd-8d1','Radio','Tool','2024-06-04','Available',416,'East Jenniferburgh'),('cb9f0268-e4a','Taser','Weapon','2021-01-04','In Use',412,'Colemanview'),('cba71e5d-398','Riot Shield','Tool','2022-02-06','In Use',425,'Jacquelineborough'),('cc3d6c62-b5e','Handcuffs','Tool','2020-05-03','Damaged',397,'East Jenniferburgh'),('cc5d7458-1c4','Handcuffs','Tool','2022-06-19','Damaged',146,'Morrisonfurt'),('cd345c68-d36','Handcuffs','Tool','2021-09-03','Available',340,'South Richardville'),('cd796bab-6b6','Handcuffs','Tool','2022-06-01','In Use',81,'North Jenniferstad'),('cd85a42e-d5b','Handcuffs','Tool','2023-07-27','Available',342,'Jacquelineborough'),('cdc9c22f-bb4','Baton','Weapon','2024-07-20','Damaged',58,'South Richardville'),('ce1a20de-292','Handcuffs','Tool','2020-07-25','In Use',153,'Morrisonfurt'),('ce58e88e-d10','Bulletproof Vest','Tool','2024-01-03','In Use',314,'Corybury'),('ce87a183-a91','Patrol Car','Vehicle','2022-11-26','Damaged',173,'Jacquelineborough'),('ced56721-8f0','Radio','Tool','2023-09-01','Damaged',278,'Felicialand'),('cf24cbe2-f95','Body Camera','Tool','2024-04-30','In Use',301,'Corybury'),('d00da53f-58f','Body Camera','Tool','2021-11-26','Available',355,'Colemanview'),('d0297fbb-baf','Pepper Spray','Weapon','2023-02-26','Damaged',223,'South Nicholashaven'),('d06e4021-5b3','Baton','Weapon','2024-04-29','In Use',132,'Veronicahaven'),('d0b38b38-2ff','Taser','Weapon','2023-09-20','Damaged',142,'North Jenniferstad'),('d0c53804-ab4','Body Camera','Tool','2021-06-03','Available',18,'Felicialand'),('d0f0e2c9-17c','Patrol Car','Vehicle','2021-08-06','In Use',408,'Veronicahaven'),('d12a1e4a-84d','Body Camera','Tool','2023-06-13','Damaged',275,'South Richardville'),('d1687705-6d4','Bulletproof Vest','Tool','2023-10-30','In Use',35,'Felicialand'),('d171a121-6f4','Handcuffs','Tool','2020-07-20','Damaged',160,'South Nicholashaven'),('d22a3c60-c78','Radio','Tool','2021-09-11','In Use',127,'Felicialand'),('d2530fc0-ba1','Patrol Car','Vehicle','2021-10-21','Damaged',65,'Morrisonfurt'),('d2efc875-c0c','Radio','Tool','2020-12-29','Damaged',25,'Jacquelineborough'),('d34c9d50-8e0','Patrol Car','Vehicle','2021-11-20','Damaged',499,'East Jenniferburgh'),('d3aad2d8-048','Patrol Car','Vehicle','2022-05-02','Available',335,'South Richardville'),('d3cc34f8-735','Flashlight','Tool','2024-03-08','Available',121,'South Richardville'),('d3feec4f-45b','Riot Shield','Tool','2022-11-14','Available',251,'Felicialand'),('d400900d-18c','Flashlight','Tool','2022-08-12','In Use',223,'North Jenniferstad'),('d47f81e0-2a3','Riot Shield','Tool','2020-05-18','Damaged',493,'South Richardville'),('d4f4d8a9-d66','Pepper Spray','Weapon','2022-07-15','Damaged',195,'Colemanview'),('d4f8e726-df3','Riot Shield','Tool','2022-10-19','In Use',422,'South Nicholashaven'),('d58e5790-2dc','Riot Shield','Tool','2020-06-15','In Use',367,'Morrisonfurt'),('d5fa5843-17a','Baton','Weapon','2021-01-10','In Use',478,'Veronicahaven'),('d60b16b3-f55','Pepper Spray','Weapon','2023-04-24','In Use',114,'Felicialand'),('d6494a56-5ee','Patrol Car','Vehicle','2024-02-03','Available',113,'Corybury'),('d6f5f52d-23c','Radio','Tool','2024-04-14','In Use',191,'South Nicholashaven'),('d7280e00-bba','Body Camera','Tool','2020-12-24','In Use',103,'South Richardville'),('d781d591-6cb','Flashlight','Tool','2021-07-28','Available',70,'Corybury'),('d79449ba-41b','Flashlight','Tool','2023-03-03','Available',499,'South Richardville'),('d7bd713f-bc5','Patrol Car','Vehicle','2021-05-11','Damaged',383,'Colemanview'),('d7e8d873-7b3','Flashlight','Tool','2022-11-17','Damaged',368,'South Nicholashaven'),('d7f76fa0-15b','Riot Shield','Tool','2022-01-11','In Use',57,'East Jenniferburgh'),('d80a57b3-3bc','Handcuffs','Tool','2022-01-08','Damaged',58,'East Jenniferburgh'),('d8334c77-65e','Pepper Spray','Weapon','2024-05-15','Damaged',136,'South Richardville'),('d8910305-af8','Riot Shield','Tool','2020-05-27','Damaged',216,'East Jenniferburgh'),('d8c5ffac-0bc','Pepper Spray','Weapon','2021-10-23','In Use',254,'Corybury'),('d8cdc6ad-6c7','Handcuffs','Tool','2020-02-29','In Use',289,'Felicialand'),('d977dfac-aed','Baton','Weapon','2023-06-17','In Use',219,'South Richardville'),('d98f6c2f-f0d','Flashlight','Tool','2023-08-09','Damaged',229,'South Nicholashaven'),('d9c62d09-ac2','Radio','Tool','2022-08-23','Damaged',162,'Colemanview'),('d9d822a7-432','Baton','Weapon','2020-06-07','Damaged',380,'South Richardville'),('d9e6bd5c-2ca','Taser','Weapon','2020-10-12','Damaged',378,'East Jenniferburgh'),('da53f0be-c94','Baton','Weapon','2024-01-24','In Use',103,'North Jenniferstad'),('da6132ae-87e','Bulletproof Vest','Tool','2022-07-12','In Use',65,'North Jenniferstad'),('da94153e-faf','Handcuffs','Tool','2020-11-08','Damaged',187,'Veronicahaven'),('daab9a3d-934','Riot Shield','Tool','2020-03-09','In Use',411,'Colemanview'),('dace0b03-b2f','Flashlight','Tool','2024-03-18','Available',68,'Morrisonfurt'),('dba1d7b5-b63','Riot Shield','Tool','2024-07-23','Damaged',191,'South Nicholashaven'),('dc1e5293-2be','Body Camera','Tool','2022-12-26','In Use',355,'North Jenniferstad'),('dc52b2d0-461','Baton','Weapon','2022-11-17','Damaged',130,'Colemanview'),('dca08fcc-df1','Pepper Spray','Weapon','2023-08-01','Available',359,'Veronicahaven'),('dd02c2ae-2c0','Pepper Spray','Weapon','2020-03-09','In Use',70,'Corybury'),('dd4a729e-654','Pepper Spray','Weapon','2023-01-15','Available',487,'South Richardville'),('de3ca176-75b','Patrol Car','Vehicle','2022-02-04','Available',250,'Morrisonfurt'),('de48805a-de7','Taser','Weapon','2022-05-15','Damaged',61,'Jacquelineborough'),('deabb638-665','Handcuffs','Tool','2021-06-10','In Use',57,'South Nicholashaven'),('dee4d092-3d6','Radio','Tool','2022-08-20','Damaged',213,'Felicialand'),('dee77a45-a2c','Taser','Weapon','2023-09-17','Damaged',309,'Veronicahaven'),('dee95228-92b','Patrol Car','Vehicle','2022-12-02','In Use',487,'South Nicholashaven'),('def36cc0-638','Handcuffs','Tool','2020-06-19','Available',179,'East Jenniferburgh'),('df293373-ac0','Taser','Weapon','2022-11-08','Damaged',419,'Veronicahaven'),('df7bdb5d-574','Flashlight','Tool','2022-03-22','Available',456,'Jacquelineborough'),('dfc606e3-477','Taser','Weapon','2024-09-07','In Use',100,'Jacquelineborough'),('dfe9e252-51d','Flashlight','Tool','2020-07-03','In Use',83,'Colemanview'),('e03b4f51-2e8','Radio','Tool','2021-12-19','In Use',213,'Felicialand'),('e0445eda-2a4','Body Camera','Tool','2024-11-08','Damaged',406,'Corybury'),('e0703924-34b','Patrol Car','Vehicle','2024-08-12','In Use',34,'Jacquelineborough'),('e08ddce5-795','Pepper Spray','Weapon','2022-04-02','In Use',294,'Veronicahaven'),('e0983c17-d83','Baton','Weapon','2021-07-15','In Use',15,'Corybury'),('e0c3de63-faa','Patrol Car','Vehicle','2021-09-27','Damaged',372,'Felicialand'),('e13cfcd5-d49','Taser','Weapon','2022-08-21','Damaged',84,'South Nicholashaven'),('e1bca579-bb5','Body Camera','Tool','2023-05-27','Available',159,'East Jenniferburgh'),('e2798e62-f53','Flashlight','Tool','2024-11-20','Available',335,'Morrisonfurt'),('e2fed8c4-6ec','Bulletproof Vest','Tool','2023-06-01','Available',49,'Morrisonfurt'),('e3072828-cf5','Baton','Weapon','2021-12-01','In Use',216,'Felicialand'),('e35ef81b-5b8','Taser','Weapon','2022-05-25','Damaged',353,'Jacquelineborough'),('e3b8d01e-6a6','Body Camera','Tool','2021-12-11','In Use',432,'Corybury'),('e3f0fbc4-70a','Flashlight','Tool','2021-11-14','Damaged',438,'Colemanview'),('e3fd505c-faa','Handcuffs','Tool','2022-02-12','In Use',249,'East Jenniferburgh'),('e49943b6-c59','Flashlight','Tool','2021-07-20','Available',240,'Jacquelineborough'),('e4b817be-3c2','Radio','Tool','2023-02-06','Available',447,'Colemanview'),('e4e85f93-bf8','Handcuffs','Tool','2020-09-02','In Use',58,'Morrisonfurt'),('e59cef3f-658','Pepper Spray','Weapon','2020-03-27','Available',92,'East Jenniferburgh'),('e5ebbd67-841','Riot Shield','Tool','2023-11-20','Damaged',12,'South Richardville'),('e6e1ae17-965','Patrol Car','Vehicle','2023-01-16','In Use',256,'Corybury'),('e7066aa6-928','Pepper Spray','Weapon','2020-03-06','In Use',441,'North Jenniferstad'),('e736fdad-051','Handcuffs','Tool','2020-12-08','In Use',4,'Morrisonfurt'),('e737a498-af4','Patrol Car','Vehicle','2024-02-18','Damaged',404,'East Jenniferburgh'),('e75e5575-7b7','Pepper Spray','Weapon','2023-11-03','Available',180,'South Richardville'),('e7841787-0b2','Handcuffs','Tool','2021-10-24','Available',28,'Morrisonfurt'),('e9077f0c-6b7','Body Camera','Tool','2020-02-23','Available',415,'East Jenniferburgh'),('e964eb3e-490','Baton','Weapon','2023-06-24','Damaged',279,'South Nicholashaven'),('e9d1446d-2be','Patrol Car','Vehicle','2020-09-13','In Use',257,'Jacquelineborough'),('e9eb7ad7-e99','Baton','Weapon','2021-04-25','Damaged',210,'Felicialand'),('ea155ab3-796','Bulletproof Vest','Tool','2021-11-26','Damaged',34,'East Jenniferburgh'),('ea6112c4-8b3','Body Camera','Tool','2022-06-12','Damaged',438,'North Jenniferstad'),('ea730fe9-fe0','Baton','Weapon','2023-03-12','In Use',468,'Colemanview'),('ebcdcc2a-6fb','Pepper Spray','Weapon','2024-10-14','In Use',423,'South Nicholashaven'),('ebde87ac-9d0','Radio','Tool','2022-10-02','Damaged',425,'Felicialand'),('ec12cd62-8fd','Pepper Spray','Weapon','2020-10-18','Damaged',367,'Colemanview'),('ec35c768-ba3','Baton','Weapon','2023-09-01','Damaged',73,'Morrisonfurt'),('edc59e60-666','Radio','Tool','2024-02-16','Available',291,'Veronicahaven'),('ede0b3ac-361','Body Camera','Tool','2024-11-13','In Use',349,'North Jenniferstad'),('ee316da3-f9d','Radio','Tool','2024-01-15','Available',59,'Colemanview'),('ee6cd947-2da','Baton','Weapon','2021-09-21','In Use',297,'Morrisonfurt'),('eeb89a3e-91d','Baton','Weapon','2021-04-24','In Use',72,'North Jenniferstad'),('eec87a0f-dfd','Patrol Car','Vehicle','2023-05-17','Damaged',472,'East Jenniferburgh'),('ef1acff8-f62','Pepper Spray','Weapon','2020-05-18','Available',20,'North Jenniferstad'),('ef5d892e-cf2','Flashlight','Tool','2023-01-31','In Use',377,'Veronicahaven'),('efae5d03-cbf','Bulletproof Vest','Tool','2023-03-28','In Use',158,'Felicialand'),('efe93a40-812','Body Camera','Tool','2022-09-30','Available',80,'East Jenniferburgh'),('f037e503-b95','Bulletproof Vest','Tool','2020-08-09','In Use',145,'South Nicholashaven'),('f0b4bf54-d42','Riot Shield','Tool','2022-12-06','Available',104,'North Jenniferstad'),('f0d49abd-608','Pepper Spray','Weapon','2023-05-04','In Use',189,'South Nicholashaven'),('f0d747eb-baf','Riot Shield','Tool','2024-01-10','Available',245,'North Jenniferstad'),('f13bb4ee-ce6','Radio','Tool','2023-07-17','Available',68,'Corybury'),('f141e749-9c6','Pepper Spray','Weapon','2021-03-22','In Use',407,'South Nicholashaven'),('f1f64a63-8e4','Body Camera','Tool','2021-04-04','Damaged',144,'North Jenniferstad'),('f21c3d17-8a7','Handcuffs','Tool','2022-03-14','In Use',196,'Colemanview'),('f248cb92-83d','Baton','Weapon','2020-10-18','Available',305,'Colemanview'),('f2bd28bf-c17','Radio','Tool','2021-11-11','In Use',58,'East Jenniferburgh'),('f32d90f1-cb9','Handcuffs','Tool','2022-04-08','Available',9,'Jacquelineborough'),('f3b2e79d-e57','Taser','Weapon','2023-06-26','Available',139,'Jacquelineborough'),('f3bcf2d2-163','Bulletproof Vest','Tool','2020-12-05','Damaged',263,'Felicialand'),('f3dbaf3f-49b','Riot Shield','Tool','2020-08-23','Damaged',204,'South Nicholashaven'),('f4a18507-f29','Patrol Car','Vehicle','2023-03-07','In Use',247,'Veronicahaven'),('f4c07028-669','Body Camera','Tool','2024-06-15','Damaged',349,'Veronicahaven'),('f4de779c-905','Taser','Weapon','2020-06-06','In Use',313,'Veronicahaven'),('f5099e4a-085','Body Camera','Tool','2021-09-23','Available',113,'South Richardville'),('f54897d0-007','Flashlight','Tool','2021-11-20','In Use',88,'Felicialand'),('f5b49fb2-b3b','Taser','Weapon','2023-04-24','In Use',173,'Morrisonfurt'),('f5f7634e-ca0','Patrol Car','Vehicle','2020-07-14','Damaged',254,'North Jenniferstad'),('f602800d-8ec','Radio','Tool','2023-05-27','Damaged',164,'Veronicahaven'),('f6466501-b4d','Radio','Tool','2022-08-05','Damaged',268,'Veronicahaven'),('f69542ee-156','Bulletproof Vest','Tool','2022-10-26','In Use',305,'Felicialand'),('f6c077a9-277','Taser','Weapon','2022-03-30','In Use',60,'Colemanview'),('f7463fd8-d73','Baton','Weapon','2024-07-13','Available',243,'Morrisonfurt'),('f7514d24-d78','Handcuffs','Tool','2022-02-11','Available',200,'Corybury'),('f775e267-d00','Radio','Tool','2023-06-07','Damaged',135,'South Richardville'),('f7924937-372','Riot Shield','Tool','2024-04-27','In Use',159,'Felicialand'),('f7b4dbfa-2ce','Baton','Weapon','2022-09-17','In Use',27,'South Richardville'),('f81492c1-82d','Bulletproof Vest','Tool','2020-10-10','In Use',328,'Felicialand'),('f87f0f95-a98','Patrol Car','Vehicle','2023-03-19','In Use',286,'Morrisonfurt'),('f8a18981-a87','Patrol Car','Vehicle','2020-05-12','In Use',349,'Felicialand'),('f8a6c498-cb8','Body Camera','Tool','2021-01-08','In Use',240,'Corybury'),('f8b94668-db9','Pepper Spray','Weapon','2023-05-05','Available',466,'Morrisonfurt'),('f9cf6331-2de','Flashlight','Tool','2024-04-29','Damaged',121,'South Nicholashaven'),('f9d68e72-edb','Pepper Spray','Weapon','2020-03-06','Damaged',72,'North Jenniferstad'),('f9f9f153-b3e','Flashlight','Tool','2021-03-17','Available',398,'Veronicahaven'),('fa42015e-4c9','Taser','Weapon','2024-10-21','Damaged',293,'East Jenniferburgh'),('fa876e9b-a7b','Baton','Weapon','2020-09-03','Damaged',223,'South Richardville'),('faca275f-fec','Bulletproof Vest','Tool','2022-04-27','Damaged',219,'South Richardville'),('facae478-6e6','Handcuffs','Tool','2020-09-17','In Use',109,'Jacquelineborough'),('faf09a9d-8fe','Radio','Tool','2022-10-04','In Use',207,'East Jenniferburgh'),('fb2242eb-b2e','Body Camera','Tool','2024-08-30','Damaged',418,'North Jenniferstad'),('fb75be7d-69f','Baton','Weapon','2022-07-15','In Use',68,'North Jenniferstad'),('fb99075e-757','Radio','Tool','2024-07-21','Available',493,'Veronicahaven'),('fbb89b45-bf8','Riot Shield','Tool','2024-07-13','Available',158,'Veronicahaven'),('fc0cb828-7fc','Taser','Weapon','2023-01-16','Damaged',183,'South Nicholashaven'),('fc2b0f88-abe','Radio','Tool','2023-11-01','In Use',114,'North Jenniferstad'),('fccdb259-59f','Handcuffs','Tool','2024-02-08','Available',325,'Colemanview'),('fdae9e9b-0d5','Flashlight','Tool','2020-11-13','Damaged',472,'Felicialand'),('fdb9eedb-ce7','Taser','Weapon','2023-04-04','Damaged',438,'North Jenniferstad'),('fe073c37-31e','Handcuffs','Tool','2022-08-03','Available',423,'Colemanview'),('fe6361cc-61b','Taser','Weapon','2022-11-18','Available',284,'Veronicahaven'),('ff2ed53e-c83','Flashlight','Tool','2023-12-30','Available',418,'Colemanview'),('ff33acb5-f57','Riot Shield','Tool','2020-03-21','In Use',246,'Colemanview'),('ff3a9305-4c7','Body Camera','Tool','2023-02-01','Available',150,'Felicialand'),('ff3eca8b-170','Patrol Car','Vehicle','2023-05-14','Available',57,'South Richardville'),('ff7483d4-292','Riot Shield','Tool','2022-02-10','Available',204,'South Nicholashaven'),('ffd1aa80-db3','Baton','Weapon','2020-10-10','Damaged',407,'Colemanview'),('fff27f78-66d','Patrol Car','Vehicle','2024-03-01','Damaged',361,'Felicialand');
/*!40000 ALTER TABLE `policeequipment` ENABLE KEYS */;
UNLOCK TABLES;

--
-- Table structure for table `policeofficer`
--

DROP TABLE IF EXISTS `policeofficer`;
/*!40101 SET @saved_cs_client     = @@character_set_client */;
/*!50503 SET character_set_client = utf8mb4 */;
CREATE TABLE `policeofficer` (
  `badgeNumber` int NOT NULL AUTO_INCREMENT,
  `fullName` varchar(255) NOT NULL,
  `dateOfHire` date NOT NULL,
  `dateOfBirth` date NOT NULL,
  `staffEmail` varchar(255) NOT NULL,
  `phoneNumber` varchar(10) NOT NULL,
  `stationLocation` varchar(255) NOT NULL,
  PRIMARY KEY (`badgeNumber`),
  UNIQUE KEY `staffEmail` (`staffEmail`),
  KEY `stationLocation` (`stationLocation`),
  CONSTRAINT `policeofficer_ibfk_1` FOREIGN KEY (`stationLocation`) REFERENCES `policestation` (`location`) ON DELETE CASCADE ON UPDATE CASCADE
) ENGINE=InnoDB AUTO_INCREMENT=501 DEFAULT CHARSET=utf8mb4 COLLATE=utf8mb4_0900_ai_ci;
/*!40101 SET character_set_client = @saved_cs_client */;

--
-- Dumping data for table `policeofficer`
--

LOCK TABLES `policeofficer` WRITE;
/*!40000 ALTER TABLE `policeofficer` DISABLE KEYS */;
INSERT INTO `policeofficer` VALUES (1,'Rebekah Nicholson','2023-08-31','1969-01-14','michelle33@example.net','544-840-72','Corybury'),(2,'Andrew Freeman','2024-07-16','1985-08-29','millerelizabeth@example.org','(356)814-3','Colemanview'),(3,'Marcus Nixon','2022-12-14','1998-10-29','justingarcia@example.net','001-723-58','Felicialand'),(4,'Melody Mcdaniel','2020-04-08','1988-11-28','melindaguzman@example.net','(817)935-8','South Nicholashaven'),(5,'Austin Chase','2024-11-19','1998-06-08','andersonnicholas@example.net','950.867.69','North Jenniferstad'),(6,'Christopher Walker','2020-11-07','1995-10-29','thomas79@example.org','408.394.20','North Jenniferstad'),(7,'Vincent Gross','2023-04-21','1980-09-22','gloria64@example.org','(867)635-1','South Richardville'),(8,'Todd Rowland','2023-05-30','1968-03-20','vjohnston@example.com','287-909-03','Colemanview'),(9,'Christopher Torres','2024-07-15','1974-07-08','adam48@example.com','(204)890-6','Colemanview'),(10,'Cindy Woods','2020-10-05','1969-10-15','davisandrew@example.org','643-432-69','South Nicholashaven'),(11,'Tammy Lane','2021-11-16','1981-09-25','alyssa74@example.net','001-856-31','North Jenniferstad'),(12,'Bryan Ferrell','2020-04-08','1967-10-25','twarren@example.org','(292)880-5','Jacquelineborough'),(13,'Thomas Jones','2020-06-25','1992-12-23','silvalisa@example.net','668-273-77','Jacquelineborough'),(14,'Samantha Ramirez','2024-09-27','1997-08-17','brittany09@example.com','+1-666-214','Jacquelineborough'),(15,'Jack Gonzalez','2024-11-21','1983-04-16','julie05@example.com','(895)940-7','Jacquelineborough'),(16,'Nathan Anthony','2021-09-07','1993-01-30','zacharywhite@example.net','001-352-92','South Nicholashaven'),(17,'Andrew Green','2022-06-30','1978-07-16','simmonsmegan@example.com','(318)339-6','Corybury'),(18,'Dustin Zimmerman','2020-03-06','1992-01-19','burtonmartin@example.com','9519905140','South Nicholashaven'),(19,'Jeffrey Freeman','2020-07-31','1999-02-15','cscott@example.org','+1-918-820','North Jenniferstad'),(20,'Tracey Simon','2024-01-21','1991-09-02','chloe32@example.net','684.955.20','Colemanview'),(21,'Christopher Smith','2021-08-12','2001-01-27','whernandez@example.com','283-621-54','South Richardville'),(22,'Valerie Guerrero','2023-07-28','1979-10-07','johnsonmary@example.net','5876333979','Jacquelineborough'),(23,'Michael Harris','2024-02-24','1987-07-19','kbrown@example.net','+1-813-503','Corybury'),(24,'Jacqueline Evans','2024-01-24','1966-02-18','dcarroll@example.net','444-274-30','South Richardville'),(25,'Angelica Haynes','2021-03-08','1983-06-16','wmullins@example.org','001-374-86','Veronicahaven'),(26,'Jeremy Lopez','2022-05-27','1992-07-04','steven77@example.com','958.672.66','South Richardville'),(27,'Erin Pratt','2020-10-12','1992-11-10','amy21@example.net','927.445.73','North Jenniferstad'),(28,'Erin Ferguson','2020-05-12','1979-06-10','clifford00@example.org','288-470-92','Jacquelineborough'),(29,'Robert Perez','2022-10-31','1968-02-09','qramirez@example.org','908-224-31','Felicialand'),(30,'Ms. Ann Oneill','2021-08-13','1983-05-08','kimjohnston@example.org','647.802.74','South Nicholashaven'),(31,'Jeffrey Pace','2021-09-21','1994-05-23','bruceaguilar@example.net','(214)789-6','Felicialand'),(32,'Russell Burgess','2024-05-19','1970-12-11','kcastillo@example.com','812.403.58','Colemanview'),(33,'Amber Brewer','2024-06-29','2001-06-22','briannagonzales@example.org','499-437-44','Jacquelineborough'),(34,'Samantha Bates','2024-10-25','1976-01-14','luismckenzie@example.com','001-989-97','Corybury'),(35,'James Vincent','2022-04-12','1992-06-12','amber23@example.net','500-298-10','South Nicholashaven'),(36,'Teresa Nelson','2022-07-12','1974-10-05','jasminealexander@example.org','335-499-91','Veronicahaven'),(37,'Kaitlyn Edwards','2023-02-15','1987-01-23','brandy71@example.com','+1-682-845','South Richardville'),(38,'Misty Johnston','2020-11-15','1981-06-20','ian03@example.net','+1-570-489','Jacquelineborough'),(39,'Stephen Branch','2020-11-17','1989-04-08','lopezmichelle@example.org','(318)386-5','South Nicholashaven'),(40,'Stacy Mitchell','2022-04-28','1991-03-19','angela45@example.com','(951)447-4','Colemanview'),(41,'James Cannon','2023-09-21','2002-07-09','mark30@example.com','220.223.55','Colemanview'),(42,'Kimberly Frost','2024-08-24','1966-06-25','gina20@example.org','(795)426-3','Felicialand'),(43,'Timothy Velez','2020-01-17','2002-02-20','alexandramendez@example.org','537.504.64','Colemanview'),(44,'Michael Combs','2023-11-11','1986-07-28','adam43@example.net','284.445.50','Morrisonfurt'),(45,'Cindy Wilson','2024-02-10','1993-10-17','meltonchristopher@example.org','868-529-95','South Nicholashaven'),(46,'Kimberly Gordon','2020-09-22','1995-09-29','michelle50@example.org','001-347-74','North Jenniferstad'),(47,'Angela Gomez','2021-06-11','1967-12-05','gabriellegardner@example.net','001-848-70','South Nicholashaven'),(48,'Charles Bean','2023-02-25','1981-03-25','lewisjeffrey@example.com','(927)818-5','East Jenniferburgh'),(49,'David Torres','2024-11-18','1975-12-28','austin07@example.com','001-424-24','Colemanview'),(50,'Veronica Simpson','2022-12-10','1990-11-13','jamesperez@example.net','001-905-74','North Jenniferstad'),(51,'Arthur Ball','2021-08-12','1981-11-17','egutierrez@example.org','(488)230-0','South Nicholashaven'),(52,'Monica Price','2021-05-22','1983-05-12','marccarey@example.net','001-648-42','Colemanview'),(53,'Andrew Garcia','2022-04-30','1964-05-16','ithompson@example.net','+1-248-968','Colemanview'),(54,'Robin Mcconnell','2024-07-06','1989-04-04','christopher09@example.com','957.686.41','Felicialand'),(55,'Natalie Winters','2024-09-16','1993-07-10','copelandjim@example.net','602-875-36','East Jenniferburgh'),(56,'Sandra Hartman','2020-06-30','1980-03-30','fletchersonya@example.org','+1-243-745','East Jenniferburgh'),(57,'Sean Adams','2021-09-13','2000-11-20','sandy27@example.com','7214965901','Corybury'),(58,'Alyssa Jones','2024-10-04','1991-11-28','rjohnson@example.org','(294)835-8','Corybury'),(59,'Kathleen Wright','2021-10-02','1964-06-03','paul41@example.com','(266)427-8','South Nicholashaven'),(60,'Mrs. Elizabeth Wheeler','2021-07-30','2001-04-19','robertholloway@example.com','(397)997-6','South Richardville'),(61,'Tara Mcbride','2021-10-08','1998-10-04','timbeasley@example.com','(463)709-2','Corybury'),(62,'Justin Long','2024-07-28','1994-07-03','jeffery54@example.com','001-662-26','Veronicahaven'),(63,'Nicholas Matthews','2021-10-01','1983-10-13','stephaniedavis@example.org','(568)879-3','Morrisonfurt'),(64,'Cynthia Smith','2021-11-10','1990-12-25','harrisaustin@example.org','+1-341-310','Felicialand'),(65,'John Petersen','2020-08-27','1964-03-11','caitlyn65@example.org','001-627-96','East Jenniferburgh'),(66,'Ashley Valencia','2024-08-03','1993-08-28','kimberlyortiz@example.com','001-593-73','Morrisonfurt'),(67,'Bryan Padilla','2020-08-02','1977-02-26','mmason@example.org','516-450-80','South Richardville'),(68,'Christopher Cooper','2022-08-03','1973-05-02','jasonmiranda@example.net','579.414.72','Felicialand'),(69,'Lisa Swanson','2021-09-14','1982-11-19','bguerra@example.com','001-861-39','Colemanview'),(70,'Theresa James','2024-02-15','1986-10-10','fryejessica@example.com','377.322.71','Colemanview'),(71,'Lynn Ortiz','2023-09-20','1971-04-05','megan36@example.org','762.971.58','North Jenniferstad'),(72,'Brianna Williams','2023-03-30','1971-05-08','mhoffman@example.com','001-218-83','Colemanview'),(73,'Nathan Morton','2022-09-28','1994-01-10','zcurtis@example.com','549.494.64','Corybury'),(74,'Mike Gardner','2022-05-10','1974-08-30','christopherbailey@example.net','(910)709-0','South Nicholashaven'),(75,'Tammy Allen','2021-03-15','1986-11-07','richard74@example.net','776-641-75','North Jenniferstad'),(76,'Andrew Hunt','2024-07-21','1974-04-29','nicolemartinez@example.org','8563321110','Morrisonfurt'),(77,'Daniel Greene','2020-10-01','1994-06-26','jaredterry@example.com','(695)913-4','Morrisonfurt'),(78,'David Lester','2021-10-26','1995-08-01','gomezzachary@example.net','973-202-60','North Jenniferstad'),(79,'Andrea Oliver','2020-04-18','1983-09-05','timothy03@example.com','(220)544-2','Felicialand'),(80,'Tracey Ruiz','2022-01-24','1994-06-20','uwilliams@example.net','001-649-69','Felicialand'),(81,'Jessica Stewart','2023-01-30','1997-07-04','stephaniebryant@example.org','001-395-48','North Jenniferstad'),(82,'Kyle Ware','2024-11-21','2001-04-25','esilva@example.com','001-483-91','Veronicahaven'),(83,'Amanda Hurst','2022-08-18','1984-08-08','xwatson@example.net','+1-994-371','Felicialand'),(84,'Tiffany Phillips','2020-12-26','2000-11-26','kenneth07@example.net','516.792.77','Morrisonfurt'),(85,'Leslie Moore','2020-04-11','1991-10-02','qlandry@example.org','001-708-31','Morrisonfurt'),(86,'Tracy Johnson','2023-04-17','1996-04-28','ilopez@example.org','(318)832-8','South Richardville'),(87,'Abigail Gutierrez','2021-01-18','1994-06-12','kayla81@example.org','(618)951-5','South Nicholashaven'),(88,'Michael Koch','2021-12-15','2001-11-19','colin62@example.net','+1-832-787','Corybury'),(89,'Amber Kelley','2024-03-31','1986-03-12','michaelboone@example.org','321.640.21','South Richardville'),(90,'Daniel Smith','2022-10-06','1979-10-10','murphyandrew@example.com','7648117256','South Richardville'),(91,'Anthony Harvey','2023-10-21','2001-12-18','tmiranda@example.net','+1-511-563','Veronicahaven'),(92,'Holly Marshall','2020-11-24','1997-08-22','yvonne92@example.net','869-646-42','Veronicahaven'),(93,'Brianna Griffith','2021-08-08','1987-07-11','martin06@example.com','(259)605-8','South Richardville'),(94,'Shawn Miller','2023-09-14','1995-05-03','othornton@example.com','001-498-99','Morrisonfurt'),(95,'Susan Perez','2020-04-28','1976-06-13','iblack@example.net','7253832420','East Jenniferburgh'),(96,'Brandi Garcia','2021-06-16','1989-05-29','ncampbell@example.com','581-633-19','Veronicahaven'),(97,'Erica Cordova','2023-06-06','1991-12-10','gary65@example.net','728-506-16','Corybury'),(98,'John Bell MD','2021-08-18','1967-07-10','timothy02@example.org','001-230-45','South Nicholashaven'),(99,'Jodi Rodriguez','2022-02-14','1977-08-20','elynch@example.com','946-761-02','North Jenniferstad'),(100,'Alison Gomez','2021-07-30','1978-05-29','houstonjames@example.com','993.912.88','North Jenniferstad'),(101,'Jessica Mcknight','2020-08-11','1970-09-04','georgemontes@example.com','+1-433-872','South Richardville'),(102,'Ronald Morton','2020-09-18','2000-04-19','bryan02@example.com','3447768014','East Jenniferburgh'),(103,'Jared Miller','2023-09-02','1997-02-27','reyesrhonda@example.org','+1-230-953','Morrisonfurt'),(104,'Katherine Wade','2023-09-11','1991-04-12','michele27@example.org','001-577-48','Veronicahaven'),(105,'Erika Smith','2024-11-10','1998-02-28','jessica66@example.net','001-608-89','East Jenniferburgh'),(106,'Scott Huff','2020-01-30','1976-09-17','kramsey@example.com','427.634.51','Colemanview'),(107,'Robin Cannon','2023-11-21','2002-03-06','ple@example.org','(548)308-0','North Jenniferstad'),(108,'Jessica Robinson','2023-11-18','1975-01-31','robertaustin@example.net','(393)453-9','Felicialand'),(109,'James Fisher','2022-04-11','1979-08-25','williamchapman@example.net','001-374-82','South Nicholashaven'),(110,'Lindsey Alexander','2022-05-03','1978-06-26','espinozakeith@example.com','+1-403-791','Jacquelineborough'),(111,'Pamela Leon','2023-09-13','1991-07-11','johnmartin@example.org','(496)288-3','Veronicahaven'),(112,'Richard Thomas','2020-05-08','1984-06-05','strongrichard@example.org','427-733-66','East Jenniferburgh'),(113,'Charles Dean','2024-03-24','1969-06-23','chernandez@example.net','987.251.01','Morrisonfurt'),(114,'Joshua Kim','2023-09-21','1972-01-26','christinemckenzie@example.org','+1-204-261','Morrisonfurt'),(115,'Kyle Ramos','2022-01-27','1971-10-22','taylorsabrina@example.com','+1-466-465','Corybury'),(116,'Andrea Rodriguez','2021-06-19','1977-05-31','cameronchapman@example.net','745.732.79','Morrisonfurt'),(117,'Suzanne Williams','2020-09-14','1972-05-17','hjohnson@example.com','336-674-73','Veronicahaven'),(118,'Bradley Cabrera','2024-04-09','1983-08-29','johnmiller@example.com','394-945-44','North Jenniferstad'),(119,'Natalie Montes','2021-04-30','1978-04-15','qmurray@example.com','622.425.95','Corybury'),(120,'Stephanie Tate','2023-12-25','1977-12-13','imcdaniel@example.org','275.557.24','South Richardville'),(121,'Dylan Ford','2023-07-05','1978-03-20','kleinannette@example.com','994.488.33','Felicialand'),(122,'Stacey Mitchell','2024-09-15','1993-11-11','brianknox@example.org','472.211.89','Morrisonfurt'),(123,'Robert Peterson','2021-11-03','1996-03-13','patrickrivera@example.net','+1-903-948','East Jenniferburgh'),(124,'Heather Thompson','2023-06-02','1965-10-08','gutierrezangela@example.org','(595)527-2','Colemanview'),(125,'Ruth Fox','2020-10-12','1966-08-24','qramirez@example.net','(564)327-2','Corybury'),(126,'Erin Alexander','2020-10-16','1980-02-03','christophergray@example.net','812.763.11','North Jenniferstad'),(127,'Tina Morrow','2021-10-29','1986-10-13','williamcortez@example.com','(473)738-2','South Richardville'),(128,'Dennis Rogers','2024-03-11','1981-12-06','jamessmith@example.org','269.391.11','North Jenniferstad'),(129,'Robert Daniels','2022-06-21','1991-01-24','powelldawn@example.net','792.856.49','Morrisonfurt'),(130,'Douglas Kim','2022-10-12','1969-02-20','kaitlyn96@example.org','001-285-73','Colemanview'),(131,'Nicole Johnson','2023-06-20','1991-02-23','shannondesiree@example.com','877-775-98','Morrisonfurt'),(132,'Kathryn Buckley','2022-12-27','2002-05-02','michaeledwards@example.org','445-902-60','Jacquelineborough'),(133,'Benjamin Bennett','2022-11-15','1986-03-13','claire99@example.org','522.239.39','Morrisonfurt'),(134,'Rebecca Middleton','2022-02-12','1970-07-14','hallmelanie@example.org','(551)676-1','Colemanview'),(135,'Kelly Norman','2023-06-23','1985-11-28','jeffreyali@example.org','+1-794-654','North Jenniferstad'),(136,'Carrie Williams','2020-07-09','1998-01-30','sextonnicole@example.com','877-977-63','Colemanview'),(137,'Maria Singh','2023-02-09','1998-10-10','allenmason@example.net','381.830.60','Veronicahaven'),(138,'Mark Day','2023-08-04','1998-04-06','rcarson@example.com','+1-816-764','South Richardville'),(139,'Erika Thomas','2021-12-10','1973-05-18','jasmin72@example.com','465.266.62','Jacquelineborough'),(140,'Ashley Pierce','2021-02-24','1975-05-05','fbaker@example.com','600-936-56','Jacquelineborough'),(141,'Bryan Merritt','2024-09-18','1966-09-07','stephenmclean@example.org','+1-443-665','Felicialand'),(142,'Megan Wallace','2024-01-27','2001-06-02','jennifermoore@example.org','001-409-97','Morrisonfurt'),(143,'Daniel Hoffman','2021-12-06','1991-03-08','franciscojensen@example.net','(855)385-1','Felicialand'),(144,'Stephanie Ray','2021-07-11','1969-05-15','frank39@example.org','570.585.16','Veronicahaven'),(145,'Stephanie King','2023-07-20','1987-06-01','castrobrandon@example.com','(781)793-9','Felicialand'),(146,'Cindy Thomas','2022-09-17','1982-01-05','steven20@example.com','355.269.31','Jacquelineborough'),(147,'Shannon Allen','2022-11-09','1967-07-25','smithbrian@example.net','001-971-39','East Jenniferburgh'),(148,'Rebecca Cruz','2021-05-08','1984-10-18','michael86@example.org','(625)695-1','East Jenniferburgh'),(149,'James Howard','2024-03-22','1978-12-03','woodlaurie@example.com','001-849-90','Felicialand'),(150,'Manuel Thompson','2023-10-03','2000-02-05','stevensdustin@example.org','(354)846-9','Jacquelineborough'),(151,'Mr. Michael Adams','2022-03-30','2001-01-02','allisonwilliams@example.org','001-249-68','Veronicahaven'),(152,'Robin Newman','2023-08-28','1989-02-12','veronica87@example.net','+1-991-720','Morrisonfurt'),(153,'Emily Taylor','2023-02-11','1986-04-04','james04@example.net','001-277-69','Corybury'),(154,'Kimberly Cooper','2021-10-21','2001-10-08','hardingcorey@example.net','612-379-62','Colemanview'),(155,'Kimberly Bautista','2021-07-30','1987-01-06','fhughes@example.org','+1-916-899','Felicialand'),(156,'Carol Harrell','2020-10-25','1982-01-12','tatkinson@example.net','001-214-98','Felicialand'),(157,'Kim Dalton','2023-04-13','1983-05-10','michaelproctor@example.org','581.376.95','South Nicholashaven'),(158,'Michael Walker','2021-05-13','1995-03-27','xturner@example.net','(610)610-8','South Richardville'),(159,'Mrs. Rebekah Padilla DDS','2020-08-05','1989-08-25','hilljill@example.net','001-490-70','East Jenniferburgh'),(160,'Christopher Sanchez','2022-07-28','1987-05-19','gregory92@example.com','311-987-17','Felicialand'),(161,'Travis Brown','2024-09-08','1981-08-22','colleen61@example.org','2814329849','South Nicholashaven'),(162,'Elizabeth Zamora','2022-09-28','1969-08-05','joshua71@example.com','001-852-89','Colemanview'),(163,'Carolyn White','2021-05-13','1987-11-15','drobinson@example.net','706-386-10','Corybury'),(164,'Alicia King','2022-01-10','1989-04-05','donna45@example.com','001-829-97','Colemanview'),(165,'Richard Garcia','2020-08-21','1995-03-26','hubbarddenise@example.net','8242507630','Felicialand'),(166,'Morgan Williams','2023-01-17','2002-09-18','wsmith@example.com','272.948.24','South Richardville'),(167,'Brenda Ortega','2024-07-03','1970-03-24','shawn63@example.net','784.756.91','Corybury'),(168,'Wesley King','2024-06-06','1975-07-20','ojones@example.net','001-385-26','South Nicholashaven'),(169,'Randall Brown','2021-05-12','1990-06-13','leonardtiffany@example.com','490.252.35','North Jenniferstad'),(170,'Joshua Jordan','2023-09-05','1979-10-23','kimberlypierce@example.com','+1-632-395','Colemanview'),(171,'Joshua Powell','2023-06-19','1989-07-19','davidmcmillan@example.net','001-780-36','Corybury'),(172,'Michael Burnett','2021-12-08','1988-05-15','vstevenson@example.com','738-240-36','Colemanview'),(173,'Kevin Cortez','2022-01-01','1974-05-11','dkhan@example.net','683.467.87','South Nicholashaven'),(174,'Dr. Christy Moreno','2023-02-09','1977-09-25','tara16@example.org','+1-649-938','North Jenniferstad'),(175,'Aaron Owens','2024-10-26','1974-07-22','jensenkevin@example.com','(949)783-8','Jacquelineborough'),(176,'Jennifer Silva','2023-09-09','1976-01-28','phawkins@example.org','001-475-30','South Nicholashaven'),(177,'Brian Cook','2021-01-15','1973-02-15','escott@example.com','+1-724-613','Corybury'),(178,'Rebecca Riggs','2022-06-12','1968-12-10','nicholasmiller@example.net','938.760.05','Veronicahaven'),(179,'Virginia James','2022-07-22','1988-10-14','chadfoster@example.net','(339)635-9','Jacquelineborough'),(180,'Katherine Martinez','2020-08-11','1983-09-24','annepowell@example.com','+1-765-349','Jacquelineborough'),(181,'Lisa Castro','2022-11-03','1989-06-27','griley@example.net','001-917-97','North Jenniferstad'),(182,'Ricky Holmes','2023-06-16','1964-02-12','reynoldsderrick@example.com','830.958.60','Veronicahaven'),(183,'Sharon Yu','2024-08-29','1985-12-22','hamiltonstacy@example.org','+1-229-498','East Jenniferburgh'),(184,'Tonya Reid','2022-11-19','1995-07-31','walkeralexander@example.com','453-340-75','Veronicahaven'),(185,'Gary Moss MD','2024-09-29','2000-10-28','michaelevans@example.com','001-247-65','South Nicholashaven'),(186,'Stacie Thomas','2021-06-09','1994-12-03','cynthiabright@example.com','3402505847','South Nicholashaven'),(187,'Anthony Morgan','2022-02-06','1992-04-27','joel19@example.com','(474)569-9','North Jenniferstad'),(188,'Tammy Lewis','2021-10-23','1986-08-06','gbell@example.org','+1-566-368','East Jenniferburgh'),(189,'Matthew Pearson','2020-02-21','1999-11-10','carrie76@example.org','(630)487-2','Jacquelineborough'),(190,'Victoria Quinn','2020-01-16','1994-05-21','carl45@example.com','+1-770-428','Colemanview'),(191,'Michael Valdez','2023-03-18','1989-06-15','levi35@example.net','+1-604-259','Morrisonfurt'),(192,'Jacob Fowler','2023-05-10','1965-10-21','wallacejustin@example.net','454-661-66','Felicialand'),(193,'Eric Wells','2020-05-05','1965-04-07','matthew40@example.com','4835209209','Jacquelineborough'),(194,'Shelby Fuentes','2020-12-02','1977-01-14','martinezheather@example.com','(679)624-6','Morrisonfurt'),(195,'Melissa Smith','2021-01-13','2000-02-10','anne42@example.org','4035391709','East Jenniferburgh'),(196,'Jerry Carr','2023-11-05','1977-11-02','careydeborah@example.com','869.271.87','Colemanview'),(197,'Nicole Hill','2022-09-10','1991-07-14','amber92@example.com','(372)464-2','Veronicahaven'),(198,'James Deleon','2023-08-12','1993-05-10','annahenderson@example.org','(924)680-3','South Nicholashaven'),(199,'James Lloyd','2024-11-02','2000-01-06','wortega@example.org','782.741.87','Morrisonfurt'),(200,'Heather Smith','2022-07-31','1972-03-23','oclark@example.org','253.624.34','Colemanview'),(201,'Andrew Brown','2023-05-17','1967-07-05','mike57@example.org','401.592.12','North Jenniferstad'),(202,'Teresa Brown','2020-10-05','1969-07-01','andreagonzalez@example.org','894-942-51','South Richardville'),(203,'Olivia Payne','2024-05-04','1968-09-25','maryfleming@example.org','+1-954-949','Veronicahaven'),(204,'James Robinson','2020-05-18','1992-06-10','popecody@example.net','+1-370-642','Corybury'),(205,'Jose Davis','2022-04-10','1967-08-06','djones@example.org','(590)613-7','North Jenniferstad'),(206,'Madison Hernandez','2022-08-05','1978-02-21','boyerdawn@example.com','+1-531-286','South Richardville'),(207,'Edward Jackson','2023-11-01','1975-09-10','mmedina@example.net','+1-407-967','Jacquelineborough'),(208,'Stephen Thomas','2023-11-12','1997-06-19','michael85@example.com','+1-617-450','Corybury'),(209,'Michelle Chase','2020-01-03','1980-11-15','laurasantos@example.com','7263846621','North Jenniferstad'),(210,'Dennis Baldwin','2022-03-06','1995-06-05','swalls@example.net','664.561.30','South Nicholashaven'),(211,'Ashley Peterson','2024-09-10','2000-08-14','robert11@example.net','+1-237-531','North Jenniferstad'),(212,'Ashley Mclean','2020-11-28','1973-07-24','creyes@example.org','570.765.04','Morrisonfurt'),(213,'Julia Gonzales','2020-03-19','1985-09-19','joshuawilkerson@example.com','(355)983-4','Corybury'),(214,'Gerald Ellis','2022-12-02','1968-06-10','gilesjames@example.com','(459)348-3','Jacquelineborough'),(215,'Jason Cameron','2022-09-27','1975-06-07','kyleperry@example.org','001-658-68','Veronicahaven'),(216,'Christian Gutierrez','2021-12-31','1995-03-21','anthony80@example.com','+1-362-807','Colemanview'),(217,'Jane Freeman','2022-06-25','2002-01-16','hannah27@example.com','592.827.90','North Jenniferstad'),(218,'Tara Morrison','2023-07-30','1994-10-26','nealjoseph@example.net','549-945-95','Morrisonfurt'),(219,'Valerie Brooks','2024-04-18','1985-09-13','cynthiabyrd@example.com','5423235437','South Richardville'),(220,'Sara Mack','2020-10-26','1971-05-27','elizabeth55@example.com','332.472.18','East Jenniferburgh'),(221,'Elizabeth Steele','2024-08-22','1965-09-01','franciscolee@example.com','001-498-60','South Nicholashaven'),(222,'Christine Gutierrez','2024-07-21','1993-09-27','jonesbrian@example.net','+1-843-534','Veronicahaven'),(223,'Dr. Elizabeth Anderson','2022-08-24','1987-11-15','ajohnson@example.com','001-200-93','Felicialand'),(224,'Daniel Graves','2022-01-06','1972-12-07','brownjose@example.net','321-699-12','East Jenniferburgh'),(225,'Todd Griffin','2023-09-13','1988-07-13','tomreed@example.com','001-983-36','Felicialand'),(226,'Laura Johnson','2024-04-06','1967-09-30','hamiltonbrian@example.org','001-789-83','Felicialand'),(227,'Jonathan Luna','2023-08-15','1965-11-09','qfisher@example.com','+1-531-858','Morrisonfurt'),(228,'Jeremiah Jones','2021-11-05','1980-10-10','morgangillespie@example.net','(418)252-0','North Jenniferstad'),(229,'Sheena Andrade','2023-02-14','1998-03-19','jbarnes@example.org','001-235-95','North Jenniferstad'),(230,'Samantha Miller','2023-08-20','1974-01-15','alvarezjoshua@example.org','9564787033','Corybury'),(231,'Alison Rose','2021-10-24','1984-04-10','johnwashington@example.net','(959)903-9','Jacquelineborough'),(232,'Mrs. Christine Taylor','2021-06-07','1974-10-10','tony73@example.net','001-827-35','Jacquelineborough'),(233,'Pamela Summers','2024-10-31','1969-12-24','hendersonanthony@example.net','001-739-76','Jacquelineborough'),(234,'Sandra Bishop','2024-03-18','2001-12-12','umoon@example.net','+1-365-934','Felicialand'),(235,'Jennifer Tucker','2022-09-20','1971-01-24','laralaura@example.com','+1-640-841','Veronicahaven'),(236,'Steven Buckley','2023-08-16','2001-03-26','nancycabrera@example.com','8647722566','North Jenniferstad'),(237,'Mary Cochran','2024-02-06','1992-07-11','ewilliams@example.org','475.302.47','Jacquelineborough'),(238,'John Martinez','2020-07-15','1984-11-05','jthompson@example.net','405-893-25','South Richardville'),(239,'Grant Monroe DDS','2021-05-19','1980-03-22','chelsea08@example.net','362.967.31','Felicialand'),(240,'Mary Logan','2022-08-22','1974-02-07','jeffrey33@example.org','001-465-91','Jacquelineborough'),(241,'Sherri Clarke','2024-09-24','1991-09-06','melissa79@example.com','+1-621-436','South Richardville'),(242,'Brian Hopkins','2020-02-08','1967-09-22','patriciataylor@example.net','541-328-63','South Richardville'),(243,'Jason Morris','2022-01-11','1994-05-07','nbass@example.org','+1-794-818','South Nicholashaven'),(244,'Joseph Patel','2023-08-06','1997-08-10','jacquelineschultz@example.com','(763)355-5','Corybury'),(245,'Sara Valencia','2023-06-30','1997-02-08','jonathanshields@example.org','687-268-08','East Jenniferburgh'),(246,'Joshua Guerrero','2021-05-24','1987-10-02','vcox@example.net','001-264-31','Veronicahaven'),(247,'Gary Dyer','2023-05-19','1975-10-28','vwalker@example.org','(813)547-9','East Jenniferburgh'),(248,'Diana Valdez','2020-01-19','1985-07-17','imiller@example.org','+1-953-723','South Nicholashaven'),(249,'Wayne Nguyen','2022-08-25','1999-10-18','wnguyen@example.com','200.937.62','Morrisonfurt'),(250,'Matthew Howell','2021-06-02','1970-06-09','slee@example.com','205.673.47','Corybury'),(251,'Gary Le','2020-02-09','1984-04-12','jbarron@example.net','001-677-61','Corybury'),(252,'Kevin Ryan','2021-06-14','1977-05-13','jay63@example.com','(913)587-9','Felicialand'),(253,'Jerry Bates','2021-02-03','1970-07-21','steven40@example.com','4447600564','Colemanview'),(254,'Erin Price','2022-06-12','1971-08-17','brownbrian@example.org','536.872.10','South Richardville'),(255,'Kelly Thompson','2021-11-20','1972-06-25','oleonard@example.org','424-592-52','Veronicahaven'),(256,'Stephanie Watkins','2024-11-04','1968-03-12','opruitt@example.com','(699)532-5','Corybury'),(257,'James Serrano','2021-03-29','2001-08-09','ricky92@example.com','971.405.54','Colemanview'),(258,'Brian Palmer','2020-12-15','1986-06-09','braymond@example.com','928-869-20','Morrisonfurt'),(259,'Matthew Sandoval','2024-01-08','2000-03-15','johnreyes@example.com','285.336.57','East Jenniferburgh'),(260,'Sara Phelps PhD','2024-08-30','1993-03-21','cynthia34@example.net','816-391-34','Corybury'),(261,'Stacey King','2020-06-01','1997-06-06','bchristian@example.com','739.793.65','Felicialand'),(262,'Kevin Wilson','2021-03-17','1986-02-15','jonesolivia@example.org','638-569-30','Corybury'),(263,'Scott Andersen','2023-10-25','1985-01-07','millerbrandon@example.net','(810)884-7','South Nicholashaven'),(264,'Marissa Powell','2022-06-12','1967-05-20','perezjulie@example.org','+1-931-963','North Jenniferstad'),(265,'Julie Morales','2021-02-02','1984-05-30','abigail49@example.net','857.889.07','East Jenniferburgh'),(266,'Carol Green','2023-06-18','2002-07-22','jonesmatthew@example.com','221.602.83','Morrisonfurt'),(267,'Elizabeth Thompson','2022-11-03','1971-12-12','jamie17@example.com','+1-204-672','Jacquelineborough'),(268,'Robert Stokes','2022-09-01','1965-11-11','rkennedy@example.com','4242167769','South Nicholashaven'),(269,'Rhonda Smith','2021-08-31','1971-08-16','martinezluis@example.net','387-776-94','North Jenniferstad'),(270,'Gwendolyn Clark','2022-12-09','1976-04-10','utaylor@example.org','001-653-35','Morrisonfurt'),(271,'Glenda Burgess','2022-07-18','1998-09-01','whumphrey@example.org','001-417-46','Jacquelineborough'),(272,'Rachel Welch','2021-02-13','1982-01-15','scottjessica@example.org','(360)652-5','North Jenniferstad'),(273,'Alexandra Gomez','2021-07-08','1975-01-10','oespinoza@example.net','(622)306-3','Jacquelineborough'),(274,'John Myers','2020-03-08','1996-07-16','kennethcontreras@example.net','483-384-77','East Jenniferburgh'),(275,'Courtney Avila','2020-10-14','1990-10-13','wallaceeric@example.net','522-847-57','South Richardville'),(276,'Alexandria Ball','2022-01-23','1982-10-29','jay23@example.com','9413200964','Jacquelineborough'),(277,'Donald Thomas','2021-06-15','1979-03-05','smithnathan@example.com','488-734-73','Corybury'),(278,'Joseph Poole','2020-01-10','1975-03-15','jamesanderson@example.org','001-622-22','South Richardville'),(279,'Patrick Ellis','2024-10-27','1997-10-15','williamsmichael@example.net','(219)918-1','Jacquelineborough'),(280,'Meagan Mason','2020-07-28','1997-11-16','dgrant@example.org','703.938.88','North Jenniferstad'),(281,'Madison Velazquez','2022-08-11','1987-12-14','thomasnicole@example.com','685.500.27','Jacquelineborough'),(282,'Michael Melton','2020-04-02','1999-11-21','zunigashannon@example.net','7013739016','South Richardville'),(283,'Adrienne Hale','2024-05-24','1986-03-25','paulaware@example.com','(336)331-6','North Jenniferstad'),(284,'John Watkins','2020-03-22','1980-02-03','austin13@example.net','(596)861-0','North Jenniferstad'),(285,'Timothy Cruz','2023-10-20','1986-10-22','francisco11@example.net','001-801-64','South Richardville'),(286,'Regina Reed','2022-06-28','1993-08-20','fmiller@example.com','930.607.76','Felicialand'),(287,'Jill Carlson','2021-12-31','1974-01-04','ronaldadams@example.org','(647)934-5','Colemanview'),(288,'Jonathan Hernandez','2020-09-14','1995-04-26','wallacemonica@example.org','+1-824-864','Jacquelineborough'),(289,'Charles Hansen','2020-05-25','1969-04-07','sanderskevin@example.net','(279)410-5','Colemanview'),(290,'Mr. Jake Watson','2023-05-03','1974-11-18','rebecca45@example.com','001-323-98','South Nicholashaven'),(291,'Colleen Adams','2024-05-26','1964-08-02','stevencook@example.net','309-421-12','South Nicholashaven'),(292,'Pamela Hernandez','2022-08-13','1992-07-26','edelgado@example.com','(304)382-7','North Jenniferstad'),(293,'Debra Clark','2020-07-05','1979-03-05','tranjennifer@example.org','425-475-11','Jacquelineborough'),(294,'Kelsey Cooper','2022-09-11','1974-01-19','shirley65@example.com','+1-654-389','Morrisonfurt'),(295,'Richard Carroll','2022-04-28','1975-07-20','jrodriguez@example.org','9572626419','South Richardville'),(296,'Derek Keith','2021-07-23','1975-09-30','hayley70@example.net','926-248-91','East Jenniferburgh'),(297,'Michael Anderson','2020-04-22','1983-07-31','mpeters@example.org','001-508-44','South Nicholashaven'),(298,'John Smith','2020-05-13','1968-06-07','perrymatthew@example.org','+1-305-240','Veronicahaven'),(299,'Ray Jenkins','2021-05-15','1991-02-12','stephanie47@example.org','368-605-76','South Richardville'),(300,'Anna Baker','2020-07-24','1978-03-21','chambersdana@example.org','001-933-42','South Nicholashaven'),(301,'Martin Anderson','2023-02-08','1985-12-17','zjames@example.net','662.717.48','Jacquelineborough'),(302,'Tamara Ramirez','2021-07-08','1997-10-21','littleashley@example.com','945.544.21','Felicialand'),(303,'Kelly Evans','2022-10-22','1987-12-18','taylor11@example.org','(729)356-7','Morrisonfurt'),(304,'Sarah Medina','2021-06-18','1974-10-14','kimberlyblackburn@example.org','(603)250-0','South Richardville'),(305,'James Gillespie','2022-05-24','1980-01-31','zshah@example.net','+1-533-701','East Jenniferburgh'),(306,'Jessica Young','2020-06-21','1976-08-25','melanie55@example.com','296.264.03','East Jenniferburgh'),(307,'Mark Juarez','2024-10-19','1990-05-08','welchlinda@example.net','373.252.43','Veronicahaven'),(308,'Tammy Williams','2024-03-29','2001-06-04','lindaelliott@example.org','001-711-21','Morrisonfurt'),(309,'Melissa Coleman','2022-02-19','1974-06-21','hbutler@example.net','+1-817-385','Jacquelineborough'),(310,'Chad Acevedo','2021-01-13','1968-06-12','ffoster@example.net','001-507-79','Felicialand'),(311,'Brian Dominguez','2020-05-17','1996-09-13','heather95@example.org','(934)245-8','Felicialand'),(312,'Jay Hernandez','2021-08-02','1977-06-11','ayaladavid@example.org','607.415.76','Corybury'),(313,'Mary Anthony','2020-07-20','1973-12-21','pchen@example.net','(834)279-4','North Jenniferstad'),(314,'Katelyn James','2020-01-12','1997-06-02','ian38@example.org','+1-231-995','Morrisonfurt'),(315,'Isabel Foley','2024-09-25','1979-02-03','morrisondiane@example.com','+1-924-241','South Richardville'),(316,'Michael Chang','2022-01-17','1982-06-18','corey97@example.org','9058587251','Morrisonfurt'),(317,'Karen Booth','2021-01-01','1969-09-09','joannecordova@example.net','259.481.96','Corybury'),(318,'Jeffrey Bell','2020-04-20','1972-10-27','cantudouglas@example.org','672.864.96','South Richardville'),(319,'Charles Newton','2024-03-09','1964-09-19','benjamindeanna@example.com','001-792-73','North Jenniferstad'),(320,'Linda Lewis','2023-04-15','1967-04-08','hwilliams@example.com','+1-769-232','Veronicahaven'),(321,'David Frank','2023-08-01','1983-06-11','william73@example.org','(775)204-5','Jacquelineborough'),(322,'Francisco Kennedy','2020-01-01','1993-02-16','kelsey20@example.net','(365)433-9','East Jenniferburgh'),(323,'Melissa Hoover','2022-06-22','1989-05-17','tonya91@example.com','821-981-39','Colemanview'),(324,'John Schroeder','2022-01-04','1970-06-29','pking@example.com','454.952.83','Veronicahaven'),(325,'Zachary Glover','2023-09-09','1978-09-26','brendanwebb@example.net','566.552.65','East Jenniferburgh'),(326,'Ethan Miranda','2020-08-10','1989-11-15','amymcdonald@example.net','(659)516-3','South Nicholashaven'),(327,'Dawn Jones','2020-02-02','1983-07-28','darrell22@example.org','+1-820-601','South Nicholashaven'),(328,'Henry Buchanan','2024-09-19','1964-07-09','debra88@example.org','+1-412-248','Corybury'),(329,'Autumn Ritter','2021-08-15','2001-07-27','opitts@example.com','510-560-72','Corybury'),(330,'Susan Leonard','2020-08-08','1973-05-14','kelly46@example.org','(817)647-3','Felicialand'),(331,'Dr. George Brooks','2021-05-26','1975-10-22','clarkjeremy@example.org','519.380.21','Veronicahaven'),(332,'Bradley Hernandez','2020-07-08','1995-11-13','thomas95@example.com','557.777.94','Jacquelineborough'),(333,'Michael Johnson','2022-10-23','1982-09-06','ncosta@example.net','715.236.95','North Jenniferstad'),(334,'Brooke Salazar','2023-02-28','1967-12-29','dscott@example.com','+1-696-896','South Nicholashaven'),(335,'David Rose','2020-10-07','1981-10-04','alan28@example.org','(687)280-0','South Nicholashaven'),(336,'William Shea','2023-12-21','1966-10-28','alec08@example.com','(319)675-4','Colemanview'),(337,'Earl Frazier','2023-05-02','1993-05-04','michelle19@example.net','5885718503','South Richardville'),(338,'Cheryl Davenport','2024-04-27','1988-02-10','levymatthew@example.com','764-532-88','Felicialand'),(339,'Wesley Salazar','2020-11-27','1984-03-04','piercejohn@example.com','+1-557-555','Jacquelineborough'),(340,'Melanie Willis','2023-02-06','1999-03-16','david21@example.org','932.970.78','South Richardville'),(341,'Benjamin Huerta','2023-12-16','1979-09-05','nmills@example.com','550-371-87','Colemanview'),(342,'Ian Garcia','2022-05-01','1967-08-06','katrina37@example.net','213.629.67','Corybury'),(343,'Joseph Henry','2021-09-16','1972-09-24','agonzalez@example.net','(987)740-6','Corybury'),(344,'Melissa Zhang','2022-05-13','1966-02-14','charleschambers@example.org','+1-438-860','Morrisonfurt'),(345,'Jay Taylor','2024-08-05','1991-08-30','erika76@example.org','768.346.31','South Richardville'),(346,'Drew Edwards','2020-05-23','1968-05-22','jkidd@example.org','273.725.39','South Richardville'),(347,'Joseph Lee','2024-03-01','1977-04-19','idodson@example.com','939-379-30','South Richardville'),(348,'Adam Grant','2020-05-14','1986-12-29','phillipgallagher@example.com','275-466-43','South Nicholashaven'),(349,'Jennifer Norris','2020-03-31','1986-01-07','omiller@example.com','296-375-81','Morrisonfurt'),(350,'Louis Carroll','2024-06-05','1976-04-17','cooperpaula@example.com','801.420.29','South Nicholashaven'),(351,'Gina Perez','2024-04-13','1993-02-05','andrea64@example.org','767-564-88','South Richardville'),(352,'Gwendolyn Mitchell DVM','2020-10-13','1970-11-15','devinowens@example.org','+1-690-850','Felicialand'),(353,'Andrew Ramirez','2023-03-29','1977-08-17','cheryl23@example.net','+1-915-777','Corybury'),(354,'Andrew Barton','2022-04-27','1988-09-16','emily94@example.org','001-974-58','South Richardville'),(355,'Ivan Maldonado','2022-01-05','1997-06-12','isabella42@example.com','(376)967-4','Felicialand'),(356,'Ricky Compton','2020-09-17','1983-07-02','erogers@example.net','001-950-55','Veronicahaven'),(357,'Thomas Blackburn','2020-09-18','1981-09-04','snelson@example.com','(599)896-8','South Richardville'),(358,'Valerie Wolf','2022-01-21','1981-08-24','brockeric@example.net','001-890-78','Veronicahaven'),(359,'Bryan Beck','2021-11-01','1968-09-09','james40@example.com','+1-411-642','Felicialand'),(360,'Ernest Williams','2021-01-09','1998-03-28','lgomez@example.net','731.320.73','Jacquelineborough'),(361,'Justin Golden','2023-04-15','1968-12-05','webbbilly@example.org','001-251-80','Corybury'),(362,'Andrew Frederick','2020-04-02','1992-05-10','caitlin37@example.org','5853721269','Veronicahaven'),(363,'Wendy Olson','2021-04-28','1987-11-15','kroberts@example.org','001-380-69','South Nicholashaven'),(364,'Latasha Sexton','2023-10-21','1982-01-15','jacquelinenorris@example.org','3896039338','Corybury'),(365,'Manuel Jackson','2022-02-20','1989-04-27','bchang@example.org','(949)318-3','South Richardville'),(366,'Timothy Martinez','2021-08-12','1979-10-12','jasmineberg@example.net','8166923076','North Jenniferstad'),(367,'Gilbert Smith','2020-10-16','1978-06-12','chloefisher@example.com','821.531.56','Colemanview'),(368,'Alexis Gates','2021-04-21','1975-01-06','kingjohn@example.org','001-499-98','South Nicholashaven'),(369,'Linda Perry','2020-08-25','1998-04-11','kristinaorr@example.org','001-446-29','South Richardville'),(370,'Amber Miller','2023-03-21','1994-08-29','tylermiller@example.org','001-695-90','South Richardville'),(371,'Devin Burke','2023-10-18','1999-03-23','ryu@example.com','001-873-92','Colemanview'),(372,'Robert Silva','2020-02-02','2002-03-26','john83@example.com','592-466-32','Veronicahaven'),(373,'Barry White','2022-03-04','1968-11-07','mguzman@example.com','7803746750','Jacquelineborough'),(374,'Jeffrey Evans','2023-09-08','1977-08-11','christine94@example.net','678-684-45','Morrisonfurt'),(375,'Sandra Mcgrath','2023-01-23','2000-05-30','hbarnes@example.net','943-572-21','Morrisonfurt'),(376,'Tommy Mahoney','2020-08-10','1965-12-16','michael44@example.net','(893)595-1','Veronicahaven'),(377,'Cassidy Beard','2022-06-28','1999-11-18','bondsteven@example.com','630.968.68','Corybury'),(378,'Patricia Klein','2024-11-16','1966-04-12','jeremyanderson@example.com','961.926.87','Jacquelineborough'),(379,'George Stanley','2021-12-20','1998-03-29','rothjoanna@example.org','271-628-87','East Jenniferburgh'),(380,'David Stewart','2024-02-09','1979-03-14','crystal90@example.org','840-756-02','East Jenniferburgh'),(381,'Abigail Reeves','2023-10-23','1997-06-21','qgarcia@example.com','(345)863-2','South Richardville'),(382,'Matthew Price','2023-03-14','1974-07-09','sharon77@example.org','+1-988-763','Colemanview'),(383,'Keith Willis','2022-03-29','1968-09-18','nthomas@example.org','(902)532-2','Colemanview'),(384,'Sarah Washington','2023-05-30','2000-11-02','rnguyen@example.org','+1-921-267','North Jenniferstad'),(385,'Jake Hernandez','2020-03-29','1987-12-19','reyesgregory@example.com','001-326-55','Corybury'),(386,'Sheryl Garrison','2020-01-18','1997-02-07','jill47@example.net','328.341.06','Jacquelineborough'),(387,'Brian Barker','2021-04-17','1964-01-18','ggallegos@example.com','001-545-81','East Jenniferburgh'),(388,'Alicia Henry','2022-03-07','1997-03-04','frogers@example.com','7017698399','South Nicholashaven'),(389,'Ellen Marshall','2023-07-21','1984-03-08','wtaylor@example.net','+1-665-269','South Richardville'),(390,'Ashley Brooks','2023-07-02','1968-12-02','greyes@example.net','4373909612','East Jenniferburgh'),(391,'Andrea Cole','2023-03-24','1995-04-12','hodgesrichard@example.org','(490)446-3','North Jenniferstad'),(392,'Samantha Medina','2024-02-18','1971-11-05','farmeramy@example.org','3549248766','Felicialand'),(393,'Jose Beck','2024-11-18','1972-07-30','dmorales@example.com','(696)298-2','Corybury'),(394,'William Crane','2021-07-16','1985-10-06','jennifer99@example.org','(207)305-1','Corybury'),(395,'Sarah Henderson','2022-04-04','1994-03-12','nreynolds@example.org','(385)208-0','Felicialand'),(396,'Brian Sherman','2022-05-09','1999-03-27','dbentley@example.net','854-662-73','East Jenniferburgh'),(397,'Natasha Garcia DDS','2021-10-10','1967-05-11','kingronald@example.com','391.749.75','Jacquelineborough'),(398,'Rose Hale','2022-09-22','1987-09-25','jpotts@example.net','001-399-52','Corybury'),(399,'Nichole Harris','2022-04-13','1994-06-25','william33@example.net','432-717-78','North Jenniferstad'),(400,'Jane Washington','2023-09-10','2000-03-17','shermanbrooke@example.org','282-619-59','South Richardville'),(401,'Lisa Smith','2024-05-31','1970-10-09','clayton18@example.com','361.935.01','Corybury'),(402,'Marissa Lee','2020-12-14','1977-07-07','robersonnancy@example.net','344-390-12','Colemanview'),(403,'Denise White','2022-11-06','1983-04-13','yhebert@example.org','730-663-44','Jacquelineborough'),(404,'Billy Dunn','2023-07-09','1978-11-05','salazardonna@example.com','485.271.44','Corybury'),(405,'Ashley Brown','2023-12-22','1991-03-26','lindaellison@example.org','+1-621-772','East Jenniferburgh'),(406,'Chase Spencer','2021-03-22','1981-12-31','gallegossara@example.com','651.463.53','South Richardville'),(407,'Gregory Cameron','2022-06-29','1980-03-16','robbinsbrandon@example.org','747-346-76','Morrisonfurt'),(408,'Mary Davis','2020-03-16','1997-05-08','patrickmcneil@example.org','550-278-56','Colemanview'),(409,'Robin Smith','2023-09-22','1977-09-05','jason74@example.net','+1-791-934','Veronicahaven'),(410,'Christina James','2022-09-09','2000-01-25','gloriatyler@example.net','651.447.04','East Jenniferburgh'),(411,'Hayley White','2020-10-08','2001-09-13','jason67@example.net','001-324-74','Colemanview'),(412,'Lauren Stafford','2024-02-02','1984-02-22','ehenderson@example.org','+1-485-204','North Jenniferstad'),(413,'Shawn Mayo','2022-12-17','1996-11-13','yfry@example.com','+1-600-962','North Jenniferstad'),(414,'Anthony Turner','2023-10-26','1977-10-23','brianbrock@example.com','(601)597-0','East Jenniferburgh'),(415,'Steven Berger MD','2024-02-17','1985-08-12','raymond29@example.com','744.761.51','Morrisonfurt'),(416,'Courtney Wood','2024-05-01','1982-06-29','mcollins@example.com','001-623-94','Morrisonfurt'),(417,'Chad Strong','2024-06-15','1997-01-18','allison94@example.net','2406476179','Colemanview'),(418,'Julia Holmes','2021-09-16','1969-07-16','antonio22@example.net','001-284-92','Corybury'),(419,'Lori Gonzalez','2021-02-05','1985-05-01','angelawheeler@example.org','639-226-73','Jacquelineborough'),(420,'Derek Norman','2023-05-16','1985-09-21','sanchezdiane@example.org','001-709-44','Felicialand'),(421,'Jerry Johnson','2023-04-22','1977-03-26','zdunn@example.com','642-644-09','North Jenniferstad'),(422,'Christopher Gonzalez','2023-11-25','1980-10-29','murphydanielle@example.net','001-278-66','Morrisonfurt'),(423,'Sierra Stanley','2020-07-17','1973-06-30','jenniferbowen@example.org','+1-477-496','Colemanview'),(424,'Matthew Stewart','2021-02-13','1986-03-18','tandrews@example.net','+1-912-433','Jacquelineborough'),(425,'Kristen Ward','2020-10-29','1975-06-23','morganscott@example.com','(923)276-9','East Jenniferburgh'),(426,'Johnathan Cohen','2023-09-25','1984-06-01','reginald50@example.net','942-498-84','South Nicholashaven'),(427,'Robert Lynch','2023-11-04','1993-10-17','angela52@example.org','(443)363-9','Morrisonfurt'),(428,'Susan Chapman','2023-10-16','1993-06-12','uwiley@example.org','(543)458-0','South Richardville'),(429,'Ashley Long','2021-08-20','1988-02-28','christensenalexandra@example.com','001-770-25','Veronicahaven'),(430,'Kenneth Simmons','2023-03-23','1974-01-11','jacobweber@example.net','560-896-92','South Richardville'),(431,'Michelle Garcia','2022-08-09','1993-03-28','jmartin@example.com','+1-583-342','North Jenniferstad'),(432,'Kathryn Jenkins','2021-04-18','1987-02-15','joneskevin@example.net','(491)567-5','North Jenniferstad'),(433,'Cassandra Thomas','2022-07-07','1987-06-25','jhopkins@example.org','207.746.86','Morrisonfurt'),(434,'Brooke Martinez','2023-07-24','1996-02-29','thomasscott@example.net','(519)488-0','Veronicahaven'),(435,'Angela Page','2024-08-06','1984-12-04','nortonbenjamin@example.org','296-626-74','Veronicahaven'),(436,'Shawn Johnson','2023-06-06','1981-01-08','richard64@example.org','(533)334-8','Colemanview'),(437,'Susan Vargas','2022-04-08','1991-05-10','michael00@example.org','576-949-89','Jacquelineborough'),(438,'Maria Cain','2023-07-17','1986-04-19','morrismelinda@example.org','754-779-88','South Richardville'),(439,'Eric Rodriguez','2022-06-13','1964-09-13','lowekatherine@example.net','001-332-37','Morrisonfurt'),(440,'Laura Martinez','2024-10-02','1986-05-13','adamlucas@example.com','+1-326-779','Jacquelineborough'),(441,'Amanda Freeman','2023-10-14','1994-09-28','mitchelljay@example.org','+1-361-499','Veronicahaven'),(442,'Hector Martin','2022-03-25','1972-05-26','rileyjeffrey@example.org','001-672-35','Morrisonfurt'),(443,'Joseph Richards','2024-08-12','1985-08-13','hollowayjerry@example.com','001-645-66','Colemanview'),(444,'Stacey Sandoval','2023-08-11','1977-07-03','dsantos@example.org','2406110566','Colemanview'),(445,'Renee Stone','2020-01-31','1985-09-04','parksrebecca@example.com','001-709-62','Colemanview'),(446,'Shirley Miller','2020-10-06','1981-11-03','lisahall@example.com','727-732-05','East Jenniferburgh'),(447,'Heather Green','2022-04-30','1974-11-20','aprillittle@example.net','001-501-56','South Nicholashaven'),(448,'Hannah Greer','2023-01-10','1984-01-04','alexandra61@example.net','7529638883','South Nicholashaven'),(449,'Zachary Blair','2020-07-12','1979-04-11','riveraashley@example.com','001-943-88','Jacquelineborough'),(450,'Dustin Cruz','2023-06-11','1997-09-23','scotthernandez@example.net','+1-424-517','Morrisonfurt'),(451,'Jessica Perry','2020-05-20','1974-02-10','fmercer@example.org','001-912-22','South Richardville'),(452,'Jerry Jones','2024-01-25','1993-06-25','jamesjones@example.net','(662)571-0','North Jenniferstad'),(453,'William Williams','2021-12-31','1966-04-23','kalvarez@example.com','+1-677-546','Morrisonfurt'),(454,'Renee Kennedy','2020-06-07','1965-01-10','michael28@example.com','(296)233-2','South Richardville'),(455,'Madeline Gregory','2022-09-05','1997-06-11','victoriacox@example.com','201.348.14','Morrisonfurt'),(456,'Amy Wood','2024-03-20','1982-03-07','emartin@example.com','3038489010','Felicialand'),(457,'Katherine Delgado','2024-02-29','1994-09-28','smithsteven@example.net','001-436-77','South Nicholashaven'),(458,'Jeffrey Lee','2023-07-05','1972-03-06','sextonmary@example.org','706-545-37','North Jenniferstad'),(459,'Amanda Yang','2020-02-20','1991-08-18','wayne46@example.com','(904)780-4','South Nicholashaven'),(460,'Chase Davidson','2024-07-13','1989-06-10','vmcdonald@example.net','+1-714-236','Felicialand'),(461,'Justin Higgins','2022-03-31','2001-04-01','curryjulie@example.org','001-343-24','Veronicahaven'),(462,'Cody Haynes','2022-04-05','1984-02-09','rrichardson@example.org','001-630-22','North Jenniferstad'),(463,'Marie Oneal','2024-10-02','1980-04-08','gthornton@example.org','001-688-51','Felicialand'),(464,'Kristy Golden','2023-07-20','1980-02-16','aaronharris@example.com','357.888.37','South Nicholashaven'),(465,'Devin Myers','2021-07-29','1998-02-04','singhvictoria@example.com','863-923-31','Corybury'),(466,'Paula Jennings','2021-09-05','1988-11-20','christopher06@example.net','394-523-34','South Nicholashaven'),(467,'Jordan Hill','2024-05-30','1995-12-11','pwalker@example.net','7517011419','Veronicahaven'),(468,'Caitlin Rasmussen','2020-09-26','1995-06-02','andreaclements@example.net','246-513-51','Jacquelineborough'),(469,'Jordan Brown','2024-06-02','1999-07-03','thomasburke@example.net','+1-390-903','North Jenniferstad'),(470,'Kevin Ortega','2020-06-07','2001-02-21','mprice@example.net','001-981-30','Morrisonfurt'),(471,'Victoria Sullivan','2021-03-19','1998-01-17','catherinelevy@example.org','+1-971-441','South Nicholashaven'),(472,'Kimberly Fuller','2023-01-05','1979-08-27','lopezmichael@example.org','408.776.69','Corybury'),(473,'Valerie Rodriguez','2023-08-29','1972-10-18','awheeler@example.com','598.950.99','Morrisonfurt'),(474,'Wayne Brooks','2021-10-01','1999-09-09','tylercatherine@example.com','(949)612-5','South Nicholashaven'),(475,'Troy Henry','2020-10-19','1964-06-22','ccox@example.com','(691)582-1','Veronicahaven'),(476,'Tyrone Lloyd','2023-08-14','1994-02-22','alexandra38@example.com','767.419.77','East Jenniferburgh'),(477,'Nancy Johnson','2023-08-23','1998-09-21','lhanson@example.net','001-612-41','Corybury'),(478,'Sue Stevens','2023-10-31','1975-03-07','catherine27@example.net','408.886.62','Corybury'),(479,'Timothy Herman','2020-09-07','1964-10-09','mcbriderandy@example.org','001-788-26','Felicialand'),(480,'Jodi Patterson','2022-08-17','1987-03-25','suttonsara@example.com','(360)603-1','East Jenniferburgh'),(481,'Sean Lopez','2022-03-23','1981-03-20','kneal@example.net','7739801930','Veronicahaven'),(482,'Emily Little','2022-11-23','1982-12-14','fernandezbrandon@example.org','9184239242','Jacquelineborough'),(483,'Desiree Myers','2022-07-21','1985-12-16','joseph39@example.com','001-562-73','East Jenniferburgh'),(484,'Julie Adams','2024-02-09','1984-02-28','snowmichael@example.com','001-532-72','South Nicholashaven'),(485,'Joseph Walker','2024-09-03','1976-03-19','lindaortiz@example.com','988-550-55','East Jenniferburgh'),(486,'Thomas Richardson','2022-04-25','1996-02-02','theresa60@example.net','892-683-04','Veronicahaven'),(487,'Kimberly Thompson','2020-05-21','1980-09-12','richardsonmichael@example.net','(489)437-2','Colemanview'),(488,'Joyce Dillon','2024-10-04','1999-06-28','laura14@example.net','+1-306-237','Morrisonfurt'),(489,'Brian Rhodes','2022-05-03','1986-09-15','agay@example.net','(798)235-2','South Nicholashaven'),(490,'Barbara Martinez','2023-11-12','1980-06-14','nwallace@example.org','563.425.78','Corybury'),(491,'Troy Jones','2021-11-30','1996-02-10','charlesdanny@example.net','+1-356-971','Colemanview'),(492,'Darrell Hayes','2022-09-10','1998-01-31','christina81@example.org','001-838-41','Jacquelineborough'),(493,'Robert Perez','2023-05-18','1968-03-07','urivera@example.com','417-847-16','South Nicholashaven'),(494,'Angela Davis','2020-09-20','1998-04-16','april47@example.net','214-913-26','Corybury'),(495,'Kevin Brown','2023-03-09','1978-04-30','gutierrezmonica@example.com','270.802.18','North Jenniferstad'),(496,'Jennifer Fisher','2022-11-22','2001-02-22','lovekimberly@example.net','(598)545-4','Corybury'),(497,'James Phillips','2023-08-20','1990-07-20','ukelly@example.net','975.585.85','South Richardville'),(498,'Rebekah Smith','2022-11-05','1985-03-12','wrightjoseph@example.com','567.559.53','North Jenniferstad'),(499,'Daniel Cook','2020-10-21','1994-10-29','rdalton@example.com','630.587.61','South Nicholashaven'),(500,'Courtney Hayes','2024-09-15','1982-10-28','jerry99@example.org','001-893-25','Morrisonfurt');
/*!40000 ALTER TABLE `policeofficer` ENABLE KEYS */;
UNLOCK TABLES;

--
-- Table structure for table `policeofficer_incident`
--

DROP TABLE IF EXISTS `policeofficer_incident`;
/*!40101 SET @saved_cs_client     = @@character_set_client */;
/*!50503 SET character_set_client = utf8mb4 */;
CREATE TABLE `policeofficer_incident` (
  `incidentNumber` int NOT NULL,
  `staffEmail` varchar(255) NOT NULL,
  `assignmentDate` date NOT NULL,
  `assignmentRole` varchar(255) NOT NULL,
  PRIMARY KEY (`incidentNumber`,`staffEmail`),
  KEY `staffEmail` (`staffEmail`),
  CONSTRAINT `policeofficer_incident_ibfk_1` FOREIGN KEY (`incidentNumber`) REFERENCES `incident` (`incidentNumber`) ON DELETE CASCADE ON UPDATE CASCADE,
  CONSTRAINT `policeofficer_incident_ibfk_2` FOREIGN KEY (`staffEmail`) REFERENCES `policeofficer` (`staffEmail`) ON DELETE CASCADE ON UPDATE CASCADE
) ENGINE=InnoDB DEFAULT CHARSET=utf8mb4 COLLATE=utf8mb4_0900_ai_ci;
/*!40101 SET character_set_client = @saved_cs_client */;

--
-- Dumping data for table `policeofficer_incident`
--

LOCK TABLES `policeofficer_incident` WRITE;
/*!40000 ALTER TABLE `policeofficer_incident` DISABLE KEYS */;
INSERT INTO `policeofficer_incident` VALUES (9,'darrell22@example.org','2023-07-18','Support'),(23,'brendanwebb@example.net','2022-05-03','Investigator'),(23,'woodlaurie@example.com','2021-05-20','Lead'),(26,'iblack@example.net','2023-05-08','Lead'),(26,'stephanie47@example.org','2023-11-24','Lead'),(35,'harrisaustin@example.org','2022-06-29','Support'),(39,'rileyjeffrey@example.org','2021-04-16','Support'),(41,'jill47@example.net','2020-04-08','Lead'),(42,'cheryl23@example.net','2022-08-25','Investigator'),(52,'christine94@example.net','2023-10-16','Support'),(53,'charlesdanny@example.net','2024-05-19','Support'),(57,'tylermiller@example.org','2021-01-24','Support'),(59,'scottjessica@example.org','2023-07-13','Support'),(63,'othornton@example.com','2021-05-02','Support'),(64,'colin62@example.net','2022-06-10','Investigator'),(68,'carl45@example.com','2021-08-19','Lead'),(73,'dscott@example.com','2020-12-30','Lead'),(75,'johnwashington@example.net','2023-07-29','Support'),(76,'elynch@example.com','2022-11-29','Lead'),(84,'tara16@example.org','2020-07-27','Investigator'),(85,'jessica66@example.net','2021-08-21','Lead'),(87,'robertaustin@example.net','2021-06-28','Investigator'),(89,'johnmartin@example.org','2024-10-26','Support'),(101,'kcastillo@example.com','2024-11-14','Support'),(105,'dbentley@example.net','2020-01-06','Support'),(105,'dkhan@example.net','2020-06-25','Lead'),(107,'zdunn@example.com','2022-06-11','Lead'),(112,'matthew40@example.com','2021-06-07','Lead'),(115,'suttonsara@example.com','2021-11-08','Lead'),(118,'jennifer99@example.org','2021-12-18','Lead'),(118,'steven40@example.com','2022-12-06','Investigator'),(118,'stevencook@example.net','2021-04-19','Support'),(124,'idodson@example.com','2024-09-09','Lead'),(130,'mike57@example.org','2020-10-28','Investigator'),(139,'chloefisher@example.com','2022-01-05','Lead'),(146,'richard74@example.net','2024-03-14','Investigator'),(155,'gthornton@example.org','2021-04-01','Investigator'),(163,'briannagonzales@example.org','2020-12-01','Investigator'),(166,'esilva@example.com','2024-05-18','Lead'),(171,'sextonnicole@example.com','2021-01-05','Investigator'),(174,'kristinaorr@example.org','2023-03-22','Investigator'),(175,'georgemontes@example.com','2023-03-24','Investigator'),(176,'michelle33@example.net','2020-06-05','Lead'),(187,'robersonnancy@example.net','2021-01-01','Lead'),(193,'levymatthew@example.com','2021-01-20','Investigator'),(203,'jamesjones@example.net','2021-01-29','Support'),(211,'catherinelevy@example.org','2024-02-04','Support'),(219,'robbinsbrandon@example.org','2022-03-14','Lead'),(223,'brockeric@example.net','2023-11-13','Lead'),(223,'cantudouglas@example.org','2022-09-07','Support'),(228,'mike57@example.org','2020-07-30','Support'),(230,'esilva@example.com','2023-11-18','Support'),(230,'rrichardson@example.org','2024-05-22','Support'),(237,'tonya91@example.com','2022-08-29','Investigator'),(249,'michelle19@example.net','2023-02-14','Support'),(250,'gloria64@example.org','2024-03-22','Lead'),(252,'johnmiller@example.com','2022-08-10','Investigator'),(257,'kyleperry@example.org','2020-09-24','Investigator'),(277,'kelly46@example.org','2020-08-13','Support'),(277,'nicolemartinez@example.org','2020-06-28','Lead'),(278,'brianknox@example.org','2020-11-06','Investigator'),(290,'nreynolds@example.org','2021-12-14','Support'),(291,'yhebert@example.org','2022-12-21','Support'),(300,'charleschambers@example.org','2023-10-17','Lead'),(311,'gloriatyler@example.net','2020-04-26','Investigator'),(311,'rileyjeffrey@example.org','2020-07-17','Support'),(316,'dscott@example.com','2024-03-27','Lead'),(327,'jaredterry@example.com','2022-01-13','Investigator'),(332,'emartin@example.com','2023-08-23','Lead'),(335,'lopezmichelle@example.org','2020-09-27','Lead'),(341,'qramirez@example.org','2020-10-21','Lead'),(344,'millerbrandon@example.net','2023-06-24','Lead'),(344,'wallacejustin@example.net','2023-07-26','Lead'),(355,'julie05@example.com','2024-08-26','Investigator'),(368,'timothy03@example.com','2020-10-12','Lead'),(370,'davidmcmillan@example.net','2024-04-23','Support'),(407,'nreynolds@example.org','2023-02-10','Support'),(413,'phawkins@example.org','2022-10-13','Support'),(414,'djones@example.org','2021-03-04','Support'),(418,'sextonmary@example.org','2024-08-15','Lead'),(420,'christopherbailey@example.net','2023-10-31','Lead'),(426,'silvalisa@example.net','2022-05-10','Lead'),(428,'ncampbell@example.com','2021-10-31','Investigator'),(429,'jacquelinenorris@example.org','2022-11-26','Support'),(435,'morgangillespie@example.net','2023-08-20','Support'),(436,'wsmith@example.com','2021-09-04','Investigator'),(441,'martinezheather@example.com','2022-01-15','Investigator'),(447,'frank39@example.org','2023-06-13','Support'),(449,'egutierrez@example.org','2023-06-06','Investigator'),(461,'zcurtis@example.com','2020-09-02','Support'),(476,'slee@example.com','2020-09-01','Support'),(477,'nmills@example.com','2023-05-10','Investigator'),(480,'ukelly@example.net','2022-07-01','Lead'),(481,'suttonsara@example.com','2021-08-22','Investigator'),(488,'smithnathan@example.com','2023-05-13','Lead'),(491,'austin07@example.com','2020-09-16','Lead'),(502,'smithnathan@example.com','2023-12-28','Support'),(505,'tranjennifer@example.org','2021-09-11','Lead'),(512,'brianbrock@example.com','2022-02-10','Investigator'),(514,'fernandezbrandon@example.org','2024-09-12','Support'),(518,'thomasburke@example.net','2024-06-05','Lead'),(546,'jasmin72@example.com','2022-09-14','Lead'),(547,'ffoster@example.net','2020-04-30','Investigator'),(556,'fbaker@example.com','2022-10-01','Investigator'),(567,'vstevenson@example.com','2022-09-28','Lead'),(572,'gary65@example.net','2021-06-20','Lead'),(577,'vcox@example.net','2021-05-06','Lead'),(580,'charleschambers@example.org','2023-09-21','Lead'),(583,'jbarron@example.net','2024-06-26','Lead'),(592,'tony73@example.net','2023-07-24','Lead'),(594,'anne42@example.org','2024-06-14','Investigator'),(609,'jessica66@example.net','2022-06-07','Support'),(610,'rdalton@example.com','2022-01-21','Support'),(620,'corey97@example.org','2023-08-18','Investigator'),(621,'qramirez@example.net','2022-01-26','Lead'),(633,'kbrown@example.net','2024-02-07','Support'),(637,'griley@example.net','2022-04-19','Investigator'),(640,'cynthiabright@example.com','2021-04-10','Support'),(652,'austin13@example.net','2023-02-02','Support'),(657,'morganscott@example.com','2023-08-31','Lead'),(658,'wallacejustin@example.net','2022-06-15','Lead'),(673,'griley@example.net','2020-09-05','Support'),(683,'lindaellison@example.org','2022-11-17','Lead'),(684,'christensenalexandra@example.com','2023-10-09','Investigator'),(684,'dkhan@example.net','2023-06-07','Lead'),(689,'wsmith@example.com','2022-10-18','Investigator'),(695,'austin07@example.com','2022-08-04','Support'),(697,'brownbrian@example.org','2021-02-25','Lead'),(712,'carrie76@example.org','2022-03-19','Lead'),(713,'jasminealexander@example.org','2024-10-23','Support'),(714,'pking@example.com','2023-07-23','Lead'),(717,'james40@example.com','2023-08-30','Lead'),(717,'xturner@example.net','2020-12-15','Investigator'),(727,'chloe32@example.net','2022-10-21','Investigator'),(729,'darrell22@example.org','2020-03-25','Lead'),(730,'erogers@example.net','2020-08-08','Support'),(735,'tylermiller@example.org','2024-01-15','Investigator'),(742,'jacobweber@example.net','2023-12-11','Lead'),(745,'wtaylor@example.net','2020-04-14','Support'),(751,'michael85@example.com','2023-10-25','Support'),(755,'urivera@example.com','2020-05-17','Support'),(771,'brockeric@example.net','2020-07-29','Support'),(772,'catherinelevy@example.org','2020-03-01','Investigator'),(772,'hamiltonstacy@example.org','2020-01-24','Support'),(773,'houstonjames@example.com','2022-10-31','Investigator'),(776,'murphydanielle@example.net','2022-08-23','Lead'),(780,'swalls@example.net','2021-10-08','Investigator'),(782,'ncampbell@example.com','2024-04-18','Investigator'),(782,'qramirez@example.org','2020-01-07','Investigator'),(782,'sharon77@example.org','2022-08-20','Investigator'),(792,'yhebert@example.org','2024-10-11','Investigator'),(796,'silvalisa@example.net','2021-01-08','Investigator'),(801,'annepowell@example.com','2024-05-06','Lead'),(801,'kimberlypierce@example.com','2021-02-07','Lead'),(808,'john83@example.com','2024-01-19','Support'),(809,'stevencook@example.net','2020-03-12','Lead'),(816,'ncampbell@example.com','2024-10-05','Lead'),(818,'tylermiller@example.org','2020-11-04','Lead'),(822,'kingronald@example.com','2021-03-27','Investigator'),(823,'michaelboone@example.org','2022-09-07','Support'),(839,'smithsteven@example.net','2021-11-10','Investigator'),(843,'austin07@example.com','2022-08-16','Support'),(843,'christina81@example.org','2022-06-20','Lead'),(851,'james40@example.com','2023-11-15','Lead'),(852,'rothjoanna@example.org','2020-03-21','Lead'),(859,'ayaladavid@example.org','2022-07-23','Support'),(865,'debra88@example.org','2023-05-26','Investigator'),(870,'imiller@example.org','2021-11-10','Lead'),(871,'nancycabrera@example.com','2024-05-26','Investigator'),(873,'opitts@example.com','2022-05-13','Lead'),(875,'james40@example.com','2021-11-07','Investigator'),(876,'christophergray@example.net','2022-06-11','Investigator'),(882,'hubbarddenise@example.net','2021-04-17','Support'),(885,'adam48@example.com','2022-01-01','Support'),(890,'mmason@example.org','2023-01-17','Lead'),(894,'powelldawn@example.net','2024-03-10','Investigator'),(897,'rileyjeffrey@example.org','2021-10-01','Support'),(901,'ian38@example.org','2020-05-12','Support'),(910,'richard64@example.org','2020-11-05','Investigator'),(911,'michaelboone@example.org','2022-06-05','Investigator'),(923,'dscott@example.com','2024-08-13','Lead'),(925,'melindaguzman@example.net','2021-08-18','Investigator'),(936,'taylorsabrina@example.com','2021-06-23','Lead'),(937,'davidmcmillan@example.net','2022-03-31','Support'),(940,'phillipgallagher@example.com','2022-08-02','Investigator'),(940,'qramirez@example.net','2024-10-07','Lead'),(943,'bguerra@example.com','2021-11-18','Investigator'),(951,'frogers@example.com','2022-04-18','Investigator'),(954,'andersonnicholas@example.net','2024-09-15','Investigator'),(956,'jennifer99@example.org','2020-12-07','Lead'),(968,'escott@example.com','2021-01-04','Support'),(974,'austin13@example.net','2024-05-21','Investigator'),(975,'lopezmichael@example.org','2024-04-23','Lead'),(976,'stephaniebryant@example.org','2024-09-07','Support'),(978,'morgangillespie@example.net','2022-08-06','Support'),(980,'braymond@example.com','2024-11-03','Support'),(982,'hilljill@example.net','2024-03-02','Investigator'),(982,'jacobweber@example.net','2020-01-15','Investigator'),(989,'xwatson@example.net','2020-04-11','Support'),(997,'thomas95@example.com','2021-08-01','Lead');
/*!40000 ALTER TABLE `policeofficer_incident` ENABLE KEYS */;
UNLOCK TABLES;

--
-- Table structure for table `policestation`
--

DROP TABLE IF EXISTS `policestation`;
/*!40101 SET @saved_cs_client     = @@character_set_client */;
/*!50503 SET character_set_client = utf8mb4 */;
CREATE TABLE `policestation` (
  `location` varchar(255) NOT NULL,
  `stationName` varchar(255) NOT NULL,
  `contactNumber` varchar(10) NOT NULL,
  PRIMARY KEY (`location`),
  UNIQUE KEY `contactNumber` (`contactNumber`)
) ENGINE=InnoDB DEFAULT CHARSET=utf8mb4 COLLATE=utf8mb4_0900_ai_ci;
/*!40101 SET character_set_client = @saved_cs_client */;

--
-- Dumping data for table `policestation`
--

LOCK TABLES `policestation` WRITE;
/*!40000 ALTER TABLE `policestation` DISABLE KEYS */;
INSERT INTO `policestation` VALUES ('Colemanview','Johnson, Bradshaw and Curtis','697.397.71'),('Corybury','Benton, Lee and Cruz','419-664-58'),('East Jenniferburgh','Castaneda-Hunt','(990)569-2'),('Felicialand','Hayes-Harris','739.517.79'),('Jacquelineborough','Carlson Inc','443-302-09'),('Morrisonfurt','Bush-Wilson','+1-972-859'),('North Jenniferstad','Mccullough-Mcdaniel','001-639-72'),('South Nicholashaven','Hayden-Hess','701.845.84'),('South Richardville','Wagner-Lewis','001-537-89'),('Veronicahaven','Gordon, Williams and Torres','001-720-59');
/*!40000 ALTER TABLE `policestation` ENABLE KEYS */;
UNLOCK TABLES;

--
-- Table structure for table `suspect`
--

DROP TABLE IF EXISTS `suspect`;
/*!40101 SET @saved_cs_client     = @@character_set_client */;
/*!50503 SET character_set_client = utf8mb4 */;
CREATE TABLE `suspect` (
  `suspectID` int NOT NULL AUTO_INCREMENT,
  `fullName` varchar(255) NOT NULL,
  `dateOfBirth` date NOT NULL,
  `Address` varchar(255) DEFAULT NULL,
  `CriminalRecord` tinyint(1) NOT NULL DEFAULT '0',
  PRIMARY KEY (`suspectID`),
  UNIQUE KEY `fullName` (`fullName`,`dateOfBirth`)
) ENGINE=InnoDB AUTO_INCREMENT=2001 DEFAULT CHARSET=utf8mb4 COLLATE=utf8mb4_0900_ai_ci;
/*!40101 SET character_set_client = @saved_cs_client */;

--
-- Dumping data for table `suspect`
--

LOCK TABLES `suspect` WRITE;
/*!40000 ALTER TABLE `suspect` DISABLE KEYS */;
INSERT INTO `suspect` VALUES (1,'Evelyn Young','1969-06-23','3885 Bright Ferry\nNew Melissaton, OK 64448',0),(2,'Michael Bray','1965-07-24','85017 Robert Union Apt. 227\nEast Carrie, ME 97492',0),(3,'Daniel Dean','1989-12-08','8635 Sarah Keys Apt. 061\nEast Calvin, MD 36432',0),(4,'Jake Marshall','1957-10-22','9668 Zimmerman Isle Suite 902\nLyonsville, FM 13203',1),(5,'Jennifer Butler','1993-03-19','953 Chad Cape\nToddside, VI 74745',1),(6,'Haley Sanchez','1957-10-28','4753 Green Cove Suite 937\nMoraview, OR 87982',0),(7,'Joseph Robbins','2005-02-05','772 Martinez Avenue Suite 893\nBlakefort, FL 68005',0),(8,'Valerie Gallagher','1998-04-27','08699 Stephen Route Apt. 089\nWest Raymond, VI 00564',0),(9,'John Johnson','1954-01-10','42894 Evans Dale\nKellerchester, LA 78830',1),(10,'Brian Foster','1987-06-07','48165 Kenneth Cove Apt. 565\nSouth Amandastad, MA 99890',0),(11,'Susan Clark','1998-03-13','17733 Caleb Park Suite 962\nNorth Dakota, WV 00557',0),(12,'Andrew Wright','1977-12-10','37888 Morales Gateway\nMarkbury, HI 13041',1),(13,'Troy Gilmore','1954-10-18','948 Diaz View Suite 217\nEast Laura, NV 22370',1),(14,'Jessica Mendoza','1982-07-11','45725 Lane Shoals Apt. 761\nNunezland, AK 23663',1),(15,'John Hernandez','1961-01-14','1030 Jessica Place\nEast Tony, NM 35386',0),(16,'Kimberly Austin','2004-12-20','95721 Adam Drive\nGonzalezberg, DC 66802',0),(17,'Christian Harris','1990-03-17','523 Richard Mill Apt. 256\nNorth Frederickfort, ID 15655',1),(18,'Carol Moss','1987-09-09','375 Goodman Tunnel\nSouth Jenniferbury, ND 44905',0),(19,'Allison Campos','2005-12-29','05935 Krystal Knoll\nLake William, IN 07528',1),(20,'Damon Powell','2005-07-23','960 Franklin Ford Suite 338\nPort Deborahton, SD 89715',1),(21,'Jeffrey Miller','1980-08-07','036 Leblanc Oval\nPort Jeffrey, CA 98841',1),(22,'Shannon Fowler','1980-02-18','0554 Christopher Burgs Suite 068\nNew Sheribury, NV 46603',1),(23,'Brian Ryan','2000-12-24','822 Mueller Court\nBowentown, WI 69902',1),(24,'Jimmy Martin','1997-09-05','455 Pitts Station Suite 409\nDunnfurt, WV 79966',1),(25,'Kimberly Spencer','1960-02-29','1743 April Creek\nRobinsonfort, ID 23677',0),(26,'Paul Morris','1974-08-13','7806 Marshall Walk Apt. 452\nFitzgeraldhaven, NY 50402',0),(27,'Logan Mccarthy','1957-07-04','1503 Michelle Causeway Apt. 256\nPayneberg, HI 97266',0),(28,'Samantha Price','1963-06-20','01805 Christopher Rapids Apt. 903\nThomashaven, DE 26131',0),(29,'Michelle Schultz','1955-10-12','604 Hunter Path Apt. 983\nPort Timothy, OK 29601',0),(30,'Wanda Green MD','1985-08-19','746 Brian Forges Apt. 142\nNorth Jamesport, OK 04002',0),(31,'Kaitlin Quinn','1957-06-11','3981 Love Corners\nEast Blakeburgh, MO 40910',1),(32,'James Bishop','1986-11-12','931 Becker River Suite 783\nWest Kristen, OR 36260',1),(33,'Tara Harrison','1983-09-24','80551 Anthony Run Suite 538\nSarahhaven, MA 92357',0),(34,'Dr. Ryan Hoffman','1976-06-08','Unit 5528 Box 5120\nDPO AP 21329',1),(35,'Courtney Jackson','1968-10-21','69614 Ellis Oval\nEast Amberville, PR 78302',0),(36,'Kathleen Johnson','1964-09-15','8224 Walls Wells Apt. 056\nMccallton, VI 63651',1),(37,'Ashley Chavez','2005-10-14','4591 Crane Cliffs\nHarrisshire, PR 70131',0),(38,'Jordan Fisher','1996-12-26','30958 Sally Wall\nNorth Richard, UT 10204',0),(39,'Daniel Harrell','1953-12-22','746 Michael Flat\nWest Kaylachester, DE 69700',0),(40,'Brian Brown','1977-03-29','PSC 7940, Box 4896\nAPO AA 09546',1),(41,'Tiffany Spencer','1993-11-02','Unit 1958 Box 9640\nDPO AE 96061',0),(42,'Michael Mayer','1985-02-14','0458 Andrews Square Suite 014\nAngelaberg, FL 75843',1),(43,'Benjamin Cruz','1991-10-14','45768 Davis Tunnel Suite 745\nSouth Andrew, HI 73106',0),(44,'Jennifer Hall','1971-09-12','170 Sarah Road Suite 986\nKatherinemouth, MS 70058',0),(45,'Amy Smith','1956-12-20','826 Belinda Lodge Suite 537\nLake Laurenshire, DE 59653',1),(46,'Kyle Davis','1985-05-21','095 Gregory Loop Suite 982\nSimsview, NJ 03650',1),(47,'Virginia Moore','1978-01-04','62034 Marsh Ville\nNew Randy, MH 72926',0),(48,'Rodney Robinson','1970-04-14','486 Schultz Camp Suite 577\nChristopherport, OR 57765',0),(49,'Virginia White','1971-07-19','2964 Nicholas Parks\nLake William, NC 89593',1),(50,'Jacob Erickson','1988-09-07','569 Sarah Ramp\nLake Andrewchester, TX 42004',1),(51,'Robert Hall','1994-09-10','800 Terry Station\nSeanside, AK 96102',0),(52,'George Cannon','1965-08-30','533 Ochoa Rest Suite 743\nLake Isaiahport, WV 94043',0),(53,'Paul Lane','1962-07-27','98364 Elizabeth Tunnel\nRobertton, AZ 97978',1),(54,'Zachary Bautista','1998-03-14','212 Tammy Shoal Apt. 296\nWest Jason, NJ 47649',1),(55,'Tami Contreras','1961-01-13','8535 Alison Coves Suite 200\nEast Catherine, MI 79883',1),(56,'David Johnson','1960-05-05','0021 Troy Fort\nBrownbury, MD 91940',0),(57,'David Hudson','1995-06-18','7789 Ryan Locks Apt. 885\nSouth Robert, WV 72420',1),(58,'Robert Marquez','1973-07-06','133 Barnes Trafficway\nHannahfort, PA 20540',0),(59,'Tammy Gonzales','1955-05-31','17632 Benjamin Ports Suite 560\nGloriaborough, SC 90018',0),(60,'Shannon Garcia','1965-02-08','4323 Keith Viaduct Suite 739\nNicoleton, AR 17630',1),(61,'Jessica Green','1972-02-27','0539 Neil Radial Apt. 750\nPort Lucasside, SC 07700',1),(62,'Yesenia Kramer','1954-03-18','657 James Motorway Apt. 768\nNew Cheryl, VI 61905',0),(63,'Bruce Rodriguez','2000-06-24','56383 Stevenson Branch Suite 549\nAaronmouth, NC 32872',0),(64,'Wyatt Shelton','1954-10-28','50630 Cole Inlet Suite 300\nAlvaradoberg, MT 21014',1),(65,'Robert Gill','1969-02-09','739 Julie Inlet\nPort Adam, ID 65260',0),(66,'Taylor Lucero','1967-07-09','Unit 3996 Box 4268\nDPO AP 64267',1),(67,'Jessica Wells','1957-11-17','65335 Jones Junction Suite 843\nRachaelshire, NV 23723',1),(68,'Anna Phillips','1956-03-13','77609 Amanda Isle\nSanchezborough, WI 63429',1),(69,'Sarah Moore','2001-02-11','6671 Danielle Springs\nEast Veronica, WY 61893',1),(70,'Scott Ryan','2005-02-11','958 Cruz Inlet Suite 840\nSouth Michelle, KS 62614',0),(71,'Alicia Zimmerman','1954-05-31','4589 Gaines Street\nKramerberg, WY 95362',0),(72,'Donald Bender','1972-08-24','42771 Hayes Estates\nAaronton, AS 62857',0),(73,'Katherine Nguyen','1958-03-11','1737 Espinoza Pine Suite 852\nLake Robert, VT 95100',1),(74,'Susan Thompson','2003-06-24','373 Thomas Pike\nHeatherside, AZ 46116',1),(75,'Emily Coleman','1956-07-04','7309 Adams Island Apt. 751\nJohnsonland, ID 67357',0),(76,'Lisa Nixon','1982-10-13','913 Lee Tunnel\nKevinshire, WY 82417',0),(77,'Jessica Morris','1954-11-09','704 Paul Square\nCaitlinberg, PA 61089',1),(78,'Jennifer Jones','1992-09-25','80058 Emily Ranch Apt. 947\nSandersborough, VA 64498',0),(79,'Debra Serrano','1995-04-11','577 Webb Key Apt. 435\nCastilloshire, AZ 20706',1),(80,'Jackie Cherry','1991-07-12','684 Joshua Hollow Apt. 399\nJacobview, VA 79061',0),(81,'Katie Johnson','1973-01-02','4152 Mcgee Coves Suite 098\nPetersonburgh, IN 10729',0),(82,'Kristen Clay','2005-01-27','826 Graham Plain\nSouth James, FM 70050',1),(83,'James Jones','1993-06-12','610 Hernandez Greens\nWest Briantown, ME 28242',0),(84,'Justin Miller','1983-09-02','77841 Mueller Mews Suite 135\nJennifermouth, CT 22854',0),(85,'Sean Perez','1997-04-18','16515 Jonathan Walk\nNew Kathleenland, PR 86940',0),(86,'Mary Johnson','1999-02-24','0090 Hodge Park Apt. 475\nBurtonmouth, KS 65242',1),(87,'David Thompson','1965-08-23','393 Paul Underpass\nBrewertown, WV 37135',0),(88,'Debra Stanley','1992-07-02','006 Tran Estate Apt. 662\nMichelleton, DE 59655',0),(89,'James Holmes','1973-12-20','73255 Michael Forest\nMarcport, SD 67108',1),(90,'Alicia Jennings','1965-02-18','20621 Rios Extension\nNew Michaelberg, WA 61583',1),(91,'Monica Rivera','1975-03-06','17492 Jennifer Prairie\nPort Sandratown, CO 07749',0),(92,'Mary Crawford','1992-04-07','499 Regina Junction\nPort Henryburgh, RI 60969',0),(93,'Rebecca Haynes','1993-04-02','70901 Weaver Village\nMartinezbury, MI 91783',1),(94,'Monica Ramirez','1978-11-13','42622 Gregory Crossroad\nBullockchester, AL 38739',0),(95,'Chelsea Gonzalez','1992-02-01','0251 Robin Lodge Suite 202\nNorth Leonard, OR 61528',1),(96,'Thomas Tucker','1989-09-09','5020 Kimberly Spring Apt. 708\nSouth Katherineville, CO 95618',1),(97,'Paul Mccullough','1990-05-06','Unit 0624 Box 2239\nDPO AE 78293',1),(98,'Brian Weber','1954-02-16','9496 Hill Avenue Suite 937\nNorth Melissa, NY 26638',0),(99,'Joshua Rice','1992-10-22','8911 Le Wall Apt. 592\nJohnsonberg, KS 56546',1),(100,'Mark Glenn','1968-09-24','7315 Pedro Hill Suite 126\nNew Michael, OK 31464',0),(101,'Fernando Miller','1996-08-30','1780 Roberts Avenue Apt. 142\nNew Jonathanstad, IL 61249',0),(102,'Ryan Juarez','2002-09-28','Unit 0460 Box 3662\nDPO AE 57982',1),(103,'Wendy Thomas','1996-12-16','4338 Jon Union\nLake Robin, MP 65198',1),(104,'Denise Moore','1962-10-15','730 Andrew Rest\nElijahton, IA 57679',1),(105,'Sean Andrews','1960-07-01','5616 Todd Fort\nWoodmouth, PR 59164',1),(106,'Jonathan Maynard','1956-03-14','628 Holden Terrace Suite 210\nChristopherstad, AS 82622',1),(107,'Michele Stafford','1972-09-02','722 Sarah Falls\nEast Michael, CA 69539',1),(108,'Jeremy Chambers','1973-08-30','41571 Joseph Trace Suite 732\nCurrymouth, DE 30493',1),(109,'Adrienne Foster','1970-12-10','6577 Lynn Avenue Apt. 455\nBrianstad, MI 48283',0),(110,'Hunter Rodriguez','1964-10-20','15945 Ewing Expressway Suite 576\nMatthewbury, NV 77365',0),(111,'Chelsea Walker','1995-06-27','95574 Downs Overpass Apt. 605\nPort Ronald, SD 52533',1),(112,'Raymond Bautista','1965-06-28','5864 Parks Locks\nNew Debbieberg, KS 53539',1),(113,'Robert Herrera','1978-02-07','500 Henderson Passage Apt. 923\nCortezborough, DC 05642',0),(114,'Paul Duncan','1979-11-08','31269 David Pine\nWest Jessica, KY 60358',1),(115,'Tiffany Hale','1981-08-30','Unit 6129 Box 7885\nDPO AP 19317',1),(116,'Lee Palmer MD','1986-08-06','4856 Dudley Estate\nPort Jeremyshire, PW 51622',1),(117,'Nicholas Sanders','1966-05-19','7311 Kimberly Shoal Suite 839\nDunnburgh, MH 19344',1),(118,'Kenneth Schneider','1992-12-10','831 Rachael Neck Suite 728\nWest Kaitlyn, CO 18172',0),(119,'Paul Combs','1993-06-14','207 Anthony Roads\nOliverview, AZ 66052',1),(120,'Steven Wright','1996-05-18','Unit 9331 Box 7599\nDPO AA 34492',0),(121,'Susan Collins','1956-07-14','USNV Robinson\nFPO AE 50094',1),(122,'Michelle Shah','1995-11-08','PSC 6373, Box 8222\nAPO AA 66934',0),(123,'Arthur Morales','1974-04-19','39655 Garrett Heights Suite 272\nSouth Jeanborough, PW 39171',1),(124,'Mark White','1995-07-07','027 Bryan Shore Apt. 097\nNorth Melissafort, AK 12544',0),(125,'Melissa Moran','1989-09-25','9725 Renee Flats\nSuzanneshire, UT 04145',1),(126,'Gary Price','2002-09-23','8735 Donna Landing Suite 859\nJanetton, OK 53325',0),(127,'Colleen Luna','1992-04-15','1532 John Route Apt. 394\nSmithville, OH 99445',1),(128,'Heather Luna','1969-09-17','80107 Bailey Hollow\nEmilyside, WA 15570',0),(129,'Jessica Hunt','1956-06-15','91430 Andrew Fall Suite 398\nCynthiafurt, GA 82827',1),(130,'Jennifer Thomas','1996-12-02','11469 Jodi Run\nPort Amandafurt, DC 08717',0),(131,'Jason Li','1963-11-20','024 Edward Walk\nBartletthaven, ND 11485',0),(132,'Thomas Colon','1995-05-18','0934 Murray Alley\nNorth Alyssa, FL 45959',0),(133,'Cassandra Randolph','1973-06-18','388 Miller Trafficway Suite 092\nNorth Jamesfurt, VI 39026',1),(134,'Andrea Barajas','1957-04-07','051 Jones Fields Suite 800\nMckinneychester, IN 84212',1),(135,'Christopher May','1960-11-27','400 Tracy Rue Apt. 499\nRodriguezbury, LA 59054',1),(136,'Michael Cannon','1968-09-12','Unit 1174 Box 0553\nDPO AE 13239',1),(137,'Sarah Rodgers','1959-01-11','7860 Graham Spurs Apt. 271\nAlexandershire, MI 28658',0),(138,'Tyrone Morales','1983-06-16','17125 Espinoza Neck Apt. 129\nWrightstad, IL 18516',0),(139,'Nicole White','1984-03-22','398 Lynn Isle\nPort Peter, AR 76151',1),(140,'Shawna Parker','1972-04-25','4093 Brendan Union\nScottfort, MI 03446',0),(141,'Allison Moore','1985-02-13','595 Melton Alley Suite 720\nAndreashire, AR 33230',0),(142,'Susan Ford','1964-11-12','970 Ashley Turnpike\nSouth Shelby, MA 02916',1),(143,'James Flores','1976-05-04','878 Timothy Burg\nOnealbury, TX 97120',0),(144,'Jorge Arias','1984-12-09','699 Campbell Club\nBrandtbury, LA 82590',0),(145,'Peter King','1965-03-30','2608 Debra Garden Apt. 486\nDavidton, FM 61722',0),(146,'Thomas Mitchell','1990-08-24','359 Michael Turnpike Apt. 508\nPort Paulshire, MT 03011',1),(147,'Alicia Howard','1954-06-21','Unit 7365 Box 5086\nDPO AP 93570',0),(148,'David Thomas','1978-05-13','24879 Ryan Mountain Apt. 653\nWest Lawrencehaven, VI 67817',1),(149,'Francis Dennis','1996-05-20','808 Jacob Tunnel Apt. 320\nParkerborough, KS 78756',1),(150,'Emily Vargas','1991-01-29','375 Thomas Avenue Apt. 572\nEast Jeff, MT 17401',0),(151,'Craig Elliott','1963-07-11','808 Wolf Mews\nRamirezborough, FL 32847',0),(152,'Kristin Brown','1969-03-15','410 Castro Square Suite 055\nTroyfort, WA 97188',1),(153,'Mr. Gregory Anderson','1993-03-21','544 Zachary Creek\nNorth Elizabeth, NM 71108',1),(154,'Kristi Jones','1960-12-02','775 Katherine Inlet\nEast Sergiotown, SC 23894',0),(155,'Ryan Medina','1980-02-27','USS Jackson\nFPO AA 70874',1),(156,'Jeffrey Webb','1991-11-22','837 Heather Shores\nNorth Joseph, TN 69175',0),(157,'Alan Davenport','1980-07-07','4010 Allison Course\nEast Kathleen, KY 93387',1),(158,'Cassandra Curtis','1959-08-13','04526 Karen Springs Apt. 388\nHowardborough, FM 39255',0),(159,'Eddie Parker MD','1985-02-05','705 Stone Villages Suite 768\nNorth Shelby, SD 91653',1),(160,'Donald Berry','1969-07-30','0548 Justin Viaduct Suite 557\nStevenville, VA 08322',1),(161,'Christina Mcmillan','1991-12-29','USCGC Terry\nFPO AA 56896',0),(162,'Kayla Sharp','1967-11-17','747 Smith Parkway Apt. 707\nSouth Nicole, AK 62111',0),(163,'Tamara Mullins','1986-01-02','18864 Odom Shores\nNew Michael, NY 73193',0),(164,'Tracy Jackson','1961-02-21','327 Evans Trail Apt. 133\nEast Elizabeth, AS 34475',1),(165,'Cindy Alvarado','1967-12-23','086 Victor Isle\nTerrybury, NH 70234',0),(166,'Nicole Aguilar','1990-07-25','275 Joanna Keys\nJackiehaven, PR 64934',0),(167,'Shannon Morris','1975-06-26','474 Ferguson Well\nHigginschester, MN 47679',1),(168,'Martin Kramer','1954-05-24','4954 Mcclain Villages\nWest Julieland, DE 05218',0),(169,'Sheila Baldwin','1968-06-24','PSC 8290, Box 6124\nAPO AA 17320',0),(170,'Mariah Evans','1978-09-07','8649 Walker Village\nBarnesland, WY 90436',1),(171,'Amanda Kirk','1983-10-16','33957 Landry Field Suite 196\nPort Brandon, NJ 43904',1),(172,'Carol Jones','1992-03-15','Unit 4024 Box 2225\nDPO AA 25179',1),(173,'Mark Smith','1953-12-30','5286 Rose Ferry\nSouth Michael, MH 38225',0),(174,'Lindsay Johnson','1960-05-11','815 Kathy Common\nStaceyport, MT 51036',0),(175,'Brandi Davis','1973-02-26','7017 Mcclure Plains Suite 203\nVasquezport, SD 14060',0),(176,'Kelly Taylor','2001-12-16','USCGC Duncan\nFPO AE 36829',1),(177,'Kara Ortiz','1975-06-30','1378 Mark Drive\nGonzalezmouth, UT 33217',1),(178,'Spencer Gray','1956-02-02','3413 Jessica Station Apt. 420\nSharonchester, MS 14594',1),(179,'Ariana Perez','1957-12-05','USNS Wheeler\nFPO AA 32312',1),(180,'Jim Jackson','1962-05-22','95398 Small Isle\nNorth Janet, TX 96628',0),(181,'Nicholas Willis','1959-11-28','348 Hector Isle\nWest Josechester, MN 75554',1),(182,'Rebecca Aguilar','1979-07-03','27605 Michael Orchard Apt. 065\nLeahbury, AK 02061',0),(183,'Kyle Moreno','1967-06-11','Unit 5977 Box 2755\nDPO AP 62570',0),(184,'Donna Riley','1958-04-08','4911 Martin Well Suite 602\nEast Lindaside, MT 78834',1),(185,'Melanie Kim','1959-08-22','81207 Romero Square Apt. 603\nKimland, WI 74434',1),(186,'Brenda Harris','1975-01-11','12146 Whitney Mountains\nDennisshire, CA 14111',0),(187,'James Dixon','2001-09-16','82952 Jack Plaza Suite 804\nOliverville, DC 76670',1),(188,'Tyler Terry','1988-06-28','97756 David Cliff\nJohnfort, SD 76969',1),(189,'Casey Cabrera','1976-11-05','78959 Tyrone Fall\nNorth Jennifer, AZ 93631',0),(190,'Taylor Dickerson','2005-07-18','05680 David Course Apt. 442\nLake Christopher, NM 49225',1),(191,'Nicholas Mitchell','1986-08-12','6842 Scott Alley Suite 707\nNew Jamesshire, CA 17096',1),(192,'Carrie Walker','1959-03-25','05425 Mitchell Curve Apt. 406\nNew Miguel, VT 79273',1),(193,'Melissa Simmons','1964-06-06','6769 Frye Crescent Suite 281\nWest Kimberly, FL 92327',0),(194,'Cynthia Cochran','2003-09-01','85858 David Ports\nParkerland, NC 94658',0),(195,'Mallory Nichols MD','1958-08-13','37436 Kristina Street\nShawntown, MI 01912',0),(196,'Marco Russell','1962-03-07','967 Jones Well\nMichaelchester, FL 98122',0),(197,'Luis Thomas','1985-10-29','4810 Brady Corner Apt. 446\nFosterfurt, GA 76175',1),(198,'Shirley Jenkins','1957-01-13','635 Bass Plaza Suite 491\nNicholasborough, MI 45651',0),(199,'Brian Armstrong','1987-12-21','06324 Bowers Isle Apt. 294\nAngelaton, MT 63358',0),(200,'Donald Smith','1966-09-23','91160 Kari Extension Apt. 987\nPort Leslie, CT 21543',0),(201,'Robert Branch','1967-12-29','3295 Brian Falls\nWest Margaretstad, ND 90286',1),(202,'Susan Morgan','1964-12-20','771 Deanna Bypass Suite 147\nMosesbury, MI 10467',0),(203,'Kevin Yates','1979-04-02','36571 Pamela Tunnel\nNew Benjamin, OR 22282',0),(204,'Norma Mahoney','1965-05-04','94263 Hunt Parks\nSimsside, IA 52707',1),(205,'Erik Parker','1983-02-12','78299 Wesley Groves Suite 679\nLisafurt, HI 93020',0),(206,'Lisa Turner','1983-01-08','PSC 3402, Box 1895\nAPO AA 57263',1),(207,'Mrs. Barbara Huber','2000-08-25','670 Jacobson Mountain\nCarolineborough, AR 87394',0),(208,'John Bailey','1959-10-10','735 Kenneth Isle\nWest Aliciafurt, FL 90197',0),(209,'Sierra Summers','1974-06-07','897 Debra Fords\nChristinaland, NM 45063',1),(210,'Sheena Johnson','1965-11-15','288 Douglas Port\nJohnsfurt, DE 41227',0),(211,'Philip Nichols','1959-08-03','59060 Gloria View Suite 847\nWest Natalieland, RI 62125',0),(212,'Leslie Palmer','1995-02-07','51155 Renee Groves Suite 278\nThompsonview, IL 42705',1),(213,'Andrew Adams','1967-04-30','968 Alyssa Gardens Suite 551\nMariaberg, NV 70511',1),(214,'Andrea Jones MD','1960-10-08','718 John Summit Suite 088\nMelaniestad, RI 54786',1),(215,'Maria Buchanan','1960-08-27','0550 Lisa Stream\nJeffreyfurt, UT 42584',1),(216,'Mandy Coffey','1999-03-19','93799 George Estate\nNew Elizabeth, AK 87267',1),(217,'Danielle Chang','1974-03-05','5176 Valdez Flat Suite 390\nNew Carriefurt, ID 23337',1),(218,'Olivia Gomez','1957-12-15','575 Harmon Islands\nWilliamsville, LA 34028',0),(219,'Rebecca Owens','1962-05-25','26500 Roth Club\nKimberlyberg, NM 10387',1),(220,'Lori Flores','1964-09-07','19536 Tyler Neck Apt. 173\nPort Christopher, NC 92765',1),(221,'Kayla Stone','1959-03-12','4034 Tony Courts Apt. 945\nEast Marytown, NJ 15894',1),(222,'Joshua Green','1959-05-18','784 Andrew Manors Suite 235\nNew Tiffanyland, CT 33076',0),(223,'Hector Avila','1958-03-12','085 Kevin Tunnel\nYoungfort, CT 43296',1),(224,'Samuel Dixon','1978-05-04','660 Stephanie Walk\nPort Elizabeth, NC 14501',0),(225,'Melissa Campbell','1970-05-15','64905 Lane Squares Apt. 647\nSouth Lori, CT 88384',0),(226,'Heather Johnson','1985-04-19','84523 Shannon Flat\nSouth Biancaport, VT 13892',1),(227,'Nicholas Weaver','1991-03-09','05294 Paula Courts\nNavarroborough, SC 53245',1),(228,'Jennifer Bradford','1964-03-29','615 Helen Trace\nCollinshaven, MD 37002',1),(229,'Alexander Wilkins','1959-11-14','530 Hernandez Streets\nWilliamsstad, MN 83195',0),(230,'Alexis Richardson','1989-04-15','12042 Eaton Stream Suite 049\nEnglishbury, MA 43333',0),(231,'Mark Johnson','1986-09-11','971 Christopher Mill Suite 157\nEast Ericastad, NM 46873',0),(232,'Christopher Johnson','1978-04-04','89166 Campbell Landing\nNew Melissaberg, OK 80960',0),(233,'Joshua King','1976-02-08','459 Davidson Expressway\nMaryport, WI 50648',1),(234,'Kevin Jefferson','1985-06-17','554 John Club Suite 236\nWest Mike, MH 42360',1),(235,'Leslie Holland','2006-09-20','6839 Morton Key\nSmithland, VT 46041',1),(236,'Jose Douglas','2006-11-12','78939 Miller Extension Suite 716\nRivaschester, ND 83081',0),(237,'Jacob Martin','1965-11-07','48114 Gary Inlet Apt. 888\nPort Eugenefort, MT 22694',0),(238,'Brandon Christensen','1967-02-17','Unit 0604 Box 4922\nDPO AA 71525',0),(239,'Kevin Lambert','1987-01-15','61180 Hopkins Walks Suite 236\nMccarthyton, PR 04683',0),(240,'Susan Hernandez','1982-01-21','PSC 0995, Box 8086\nAPO AA 67965',1),(241,'April Brown','1961-03-31','273 Daniel Branch Apt. 860\nWatkinsshire, NH 48523',0),(242,'Brian Romero','1980-01-15','Unit 5965 Box 0421\nDPO AE 05500',0),(243,'James Gonzalez','1980-12-11','892 Rebecca Wall\nWest Dana, NM 78966',0),(244,'Dr. Nicole Carlson DDS','1988-10-13','7861 Lawrence Well\nSouth John, NH 01882',0),(245,'Jason Crawford','1976-09-30','24927 Castillo Shore Suite 475\nSilvabury, FM 43442',0),(246,'Jennifer Cannon','1961-09-28','4020 Wong Islands\nPort Samanthatown, RI 80006',0),(247,'Brian Nguyen','1987-04-10','USCGC Baxter\nFPO AA 60524',0),(248,'Samuel Sutton','1994-05-25','5278 Greer Vista\nPaulamouth, GU 02455',0),(249,'Bryan Moore','1968-03-15','5211 Laura Trail\nEast Cathy, WY 67301',0),(250,'Mary Rangel','1982-06-23','6986 Collin Summit Suite 326\nCarrollborough, MA 90367',0),(251,'Angela Davis','1965-09-30','65953 Shea Shore Suite 152\nDanielville, AL 60536',0),(252,'Nicole Lewis','1996-09-05','5030 Lori Pike\nNorth Andrew, PA 52118',0),(253,'Rhonda Smith','1958-06-22','353 Cassandra Circle\nThomasfort, HI 55899',1),(254,'Jennifer Lewis','1958-08-17','1083 Hall Islands Apt. 954\nMillermouth, NJ 91039',1),(255,'Andrea Bates','2000-09-17','PSC 0973, Box 0937\nAPO AE 39514',0),(256,'Harry Wilkins','1972-02-22','720 Smith Summit\nLake Cliffordmouth, AS 20050',1),(257,'Nicholas Garcia','1975-09-06','7328 Robinson Extension Suite 232\nLake Michael, KS 94368',0),(258,'George Bates','1968-11-05','655 Cunningham Forest Suite 054\nRobinsonton, NY 91205',1),(259,'Mary Woods','1980-03-01','394 David Union\nLake Andrea, KS 30601',0),(260,'Jacob Cisneros','1979-10-01','90979 Simpson Prairie Apt. 456\nWest Debraville, NC 97906',1),(261,'Matthew Hopkins','2001-10-06','87346 Carol Springs\nChambersview, CO 53657',1),(262,'Randy Keller Jr.','1962-08-30','04945 Fowler Loop Suite 544\nWest Jamesbury, RI 47391',0),(263,'Tony Lawrence DDS','1956-12-25','45283 Rubio Ford\nSandraburgh, HI 19636',1),(264,'Christian Jenkins','1962-05-03','3407 Aguilar Port Suite 445\nMatthewchester, AK 24799',0),(265,'Kimberly Macdonald','1979-06-17','15654 Hopkins Ports\nStevenfort, ND 53744',0),(266,'Mathew Perez','1960-05-16','PSC 5003, Box 7945\nAPO AE 53970',0),(267,'Jennifer Hale','1955-12-05','Unit 1901 Box 4376\nDPO AP 66157',1),(268,'David Lee','1978-04-27','04785 Edward Village Suite 623\nBlackside, WV 71121',1),(269,'David Ortiz','1960-09-04','9933 Richard Junctions Apt. 356\nKarenport, GA 84887',0),(270,'Rebecca Nelson','1988-09-09','2066 Moody Mission Suite 566\nThomasland, PR 09669',1),(271,'Brenda Douglas','1976-05-14','2244 Jennifer Camp Apt. 742\nPort Christopher, WI 90580',1),(272,'Ricardo Wright','1995-02-10','90282 Tyler Course Apt. 082\nEast Joyceview, CT 91560',1),(273,'Ryan King','1965-06-21','PSC 8711, Box 6123\nAPO AA 38256',1),(274,'Rachel Moody','1968-03-29','70648 Turner Trail Suite 728\nNorth David, MT 90078',0),(275,'Jane Johnson','1986-11-19','04717 Johnson Mission Suite 943\nLake Sharonton, TN 67603',1),(276,'Brian Butler','1962-10-01','7095 Carpenter Port\nEast Pam, KS 54784',0),(277,'Justin Smith','1979-01-29','1922 Scott Gateway Suite 311\nCamposbury, IA 33564',0),(278,'Samantha Blackwell','1987-06-28','372 Duncan Groves\nNew Georgeberg, RI 25899',0),(279,'Mrs. Amanda Stafford','2001-07-11','5528 Rebecca Cliff\nDawnchester, KY 68834',0),(280,'Michael Mitchell','1984-12-23','7220 Adams Lock\nSouth Kevin, NJ 36566',0),(281,'Amanda Webb','1985-05-23','524 Williams Islands\nEast Caroline, WA 86596',0),(282,'John Ryan','1980-10-17','2245 Rogers Plaza Apt. 479\nBrightborough, VI 45736',1),(283,'Matthew Jones','1958-06-16','2474 Murphy Corners Apt. 004\nAprilburgh, MT 34086',1),(284,'Alexandria Mills','1971-11-10','80323 White Parks Suite 078\nLake Williamstad, AR 28746',1),(285,'Leslie Lucas','1994-08-05','692 Bryan Spurs Apt. 867\nNancyfurt, PW 72229',1),(286,'Joel Meyer','1962-09-05','51742 Martinez Mews Apt. 847\nNew Ana, MP 82891',0),(287,'Kimberly Williams','1972-05-21','20280 Scott Mills\nNew Laurenchester, TN 83141',0),(288,'Steven Anderson','1960-03-17','49488 Morales Crest Apt. 506\nBrianmouth, IA 69005',1),(289,'Joshua Evans','1983-03-19','420 Kyle Freeway\nPort Gary, AS 92236',1),(290,'Regina Myers','1965-08-05','31070 Andrew Village\nJenningsborough, CA 19960',0),(291,'Shannon Pena','2000-01-12','036 Brown Knoll\nNew Joseph, GA 27105',0),(292,'Charles Hays','1994-08-30','4923 Moore Point Apt. 092\nWest Rhonda, ID 39453',1),(293,'Teresa Taylor','2003-11-28','143 Taylor Pass\nLake Cathy, DC 05845',0),(294,'Jimmy Guzman','1968-08-30','84167 Melissa Common Suite 862\nNew Jessicaville, RI 36201',1),(295,'Cathy Brennan','1954-09-27','56868 Herrera Harbor\nWolfside, DC 86842',0),(296,'Leslie Mccall','1996-02-07','1791 Teresa Port\nDelgadohaven, ND 10689',0),(297,'Justin Green','1994-12-26','9618 Robert Well\nSouth Michael, NH 38734',0),(298,'Melinda Torres','1981-02-25','558 Ayala Harbor\nWadetown, OK 91925',1),(299,'Joshua Martinez','1986-01-15','034 Tina Hollow\nLake Jennifer, DC 10793',0),(300,'Charles Frye','1962-06-30','61416 Samuel Village Apt. 475\nNorth Karen, NC 66689',0),(301,'Matthew Richards PhD','1958-12-26','433 Judith Pines Suite 600\nBrooketon, CT 52431',0),(302,'Alejandra Young','1989-04-01','094 Fleming Overpass Suite 833\nEast Briantown, AR 09659',0),(303,'Shannon Ponce','1990-05-01','151 Angela Summit\nJoebury, WA 08081',0),(304,'Angela Kent','2003-04-14','84701 David Haven Apt. 966\nSouth Manuelville, NH 96324',1),(305,'Roberto Berg','2006-10-04','713 West Burgs Suite 713\nNew Nicholasberg, FL 88811',0),(306,'Amy Wall DVM','1970-04-12','3266 Robin Village Apt. 887\nJulianfurt, DE 96048',1),(307,'Joshua Rosales','2001-07-24','277 Summers Junction Apt. 690\nWest Kayla, VT 92300',0),(308,'Logan Fisher','1993-10-23','USCGC Patterson\nFPO AA 39871',0),(309,'Bryan Brown','1960-12-08','262 Theresa Fields\nNew Andrew, WV 38924',1),(310,'Keith Williams','1989-03-25','171 Brandon Glen\nPort Tinaton, WI 02469',0),(311,'Taylor Johnson','1993-01-29','110 Carrillo Trafficway Suite 095\nNorth Brookeberg, DC 55135',0),(312,'Katherine Hawkins','1999-08-11','739 Kenneth Plains\nEast Justin, RI 33500',1),(313,'Megan Lewis DDS','1980-12-12','072 Gene Fields\nPaulburgh, MT 26423',0),(314,'Emily Dennis','1985-12-17','128 Chelsea Stravenue\nJoshuaville, UT 83085',0),(315,'Carla Palmer','1970-03-03','3263 Thomas Ridges Suite 389\nAngelaport, NV 42649',1),(316,'Brittany Barker','1990-06-13','4690 Barry Estate Apt. 576\nNew Timothyview, TN 09512',1),(317,'Pamela Rose','1955-08-25','PSC 5729, Box 8781\nAPO AA 19114',0),(318,'Tammy Rogers','1970-03-02','00987 Wagner Rest Apt. 654\nBrianberg, CO 43666',1),(319,'Steven Martinez','1960-03-31','PSC 5468, Box 4226\nAPO AE 38542',0),(320,'Karen Jones','2002-11-02','1577 Harvey Fort Suite 977\nLake Jerry, SD 11004',1),(321,'Madeline Thompson','1956-06-21','69140 Howard Vista\nNorth Andrew, AK 80087',1),(322,'Amber Tran','1994-03-24','7857 Douglas Crest\nLake Jamie, PR 04551',0),(323,'Andrew Thompson','1962-08-17','1983 Marco Centers Suite 759\nLake Melanie, WY 29335',0),(324,'Jeffery Moore','1972-01-17','3062 James Trail Suite 478\nCrawfordmouth, MT 39861',0),(325,'Nicholas Peterson','1983-11-26','197 Reynolds Ramp Apt. 909\nSouth Luishaven, SD 38965',1),(326,'Amanda Blake','1971-06-16','748 Rios Lights\nNorth Kellytown, AZ 27650',0),(327,'Joshua Dennis Jr.','1991-08-27','7869 Anderson Court\nLake Joshua, MH 37327',1),(328,'Timothy Pineda','2005-06-29','445 Emily Prairie\nRebeccafurt, LA 12129',0),(329,'Jeffrey Le','1981-09-23','47518 Garcia Trail\nPort Breannaside, AS 04796',0),(330,'Eric Shepherd','1959-01-25','PSC 1987, Box 2451\nAPO AE 57391',0),(331,'Martin Johnson','1993-02-21','PSC 5636, Box 7744\nAPO AA 33388',1),(332,'Marc Lucas','1954-12-15','035 Brooke Tunnel Apt. 647\nJordantown, CT 92626',1),(333,'Jacob Ross','1974-02-04','48848 Robertson Lodge Suite 079\nMollyland, ID 41215',1),(334,'Matthew Torres','1997-05-15','36087 Ryan Club Suite 224\nNorth Christopherland, TX 47110',1),(335,'Gabriella Lynch','1966-05-20','3839 Juarez Ports Apt. 169\nNorth Ryan, NE 60583',1),(336,'Karen Rowe','1971-12-25','PSC 9712, Box 1710\nAPO AA 68293',1),(337,'Aaron Valdez','1968-09-13','8777 Joanna Common\nLake Jose, SC 71942',1),(338,'Dawn Mendoza','1996-10-07','646 John Path\nEstradamouth, AZ 64217',1),(339,'Jacqueline Beard','1959-11-12','4907 Elizabeth Mountains Suite 489\nWest Justinfort, PR 65470',1),(340,'Antonio Torres','1992-05-23','454 Mark Garden Apt. 649\nDerekberg, MN 90107',0),(341,'Mary Perry','1996-11-30','8185 Mata Common\nEast Normafort, OH 40463',1),(342,'Valerie Shaw','1985-07-05','7959 Nelson Parkway Suite 073\nStricklandmouth, AR 69609',1),(343,'Corey Stewart','1955-05-04','Unit 2940 Box 5833\nDPO AA 60078',0),(344,'Carolyn Cross','1995-05-14','6857 Kane Grove Suite 141\nWest Yeseniaberg, TX 77571',1),(345,'Jeffrey Jimenez','1986-06-16','311 Shelley Keys\nLake Courtney, ID 41061',1),(346,'Lauren Reyes','1966-05-27','3465 Kimberly Unions Suite 224\nPort Michelletown, MN 47555',0),(347,'Sarah Klein','1980-06-29','Unit 7942 Box 1155\nDPO AP 96276',1),(348,'Sheila Mitchell','1978-02-10','55814 Hoover Estates\nLisafurt, NH 59842',1),(349,'Michelle Bryant','2005-06-07','80629 James Overpass Apt. 105\nSouth Timothyside, PA 96159',1),(350,'Melissa Lawrence','1984-12-30','Unit 7010 Box 9115\nDPO AE 62150',0),(351,'Mrs. Kimberly Turner MD','1984-04-23','98232 Matthew Spurs Apt. 288\nEast Audreyborough, SD 39652',0),(352,'Diane King','1963-03-20','71002 Robles Flats\nAndreafurt, NH 42001',1),(353,'Joy Smith','1968-05-31','788 Jon Crest Suite 203\nEast Alexandramouth, ME 68133',0),(354,'Nathan Norman','1976-08-11','74639 Brenda Plaza Suite 856\nNew Lanceburgh, TX 72728',1),(355,'Kimberly Coleman','2000-06-23','111 Reynolds Landing Suite 295\nTorreshaven, AK 43897',0),(356,'Karen Savage','1990-09-14','400 Carol Crescent\nJameshaven, CA 07274',0),(357,'Andrew Ellis','2004-10-28','492 Andrea Mountains Suite 495\nMarkshire, ID 55786',1),(358,'Brittany Brown','1984-11-12','821 Troy Passage Apt. 085\nRichardfort, KY 27560',1),(359,'Spencer Guzman','1974-12-06','PSC 2724, Box 5471\nAPO AP 68797',1),(360,'Richard Randolph','1971-12-30','Unit 0879 Box 1548\nDPO AA 37744',0),(361,'Daniel Parker','1964-01-23','38953 William Unions Apt. 497\nEast Clifford, WA 13998',0),(362,'Robert Pacheco','1963-03-09','1136 Christine Common\nPort Austinstad, VI 18650',1),(363,'Diana Mason','1996-01-24','574 Alexander Track Suite 901\nHannahside, OR 26887',1),(364,'Cindy Fields','1996-02-19','55666 Bridget Summit Apt. 442\nSalasside, IA 86715',0),(365,'Carrie Zuniga','1994-12-31','35929 Brad Locks\nEast Aimeemouth, WI 88976',0),(366,'Steven Clark','1990-04-18','749 Lisa Parks\nMitchellborough, WI 73207',0),(367,'Madison Russell','1983-09-06','48497 Quinn Path\nEast Gregory, AR 29121',0),(368,'Adam Thompson','1993-09-29','795 Frank Common Suite 517\nLake Marymouth, SD 92892',1),(369,'Lori Turner','1981-01-26','PSC 4779, Box 9709\nAPO AE 36783',0),(370,'Gabriel Lloyd','1987-01-18','8710 Phillips Brooks\nNorth Dannyland, CA 26961',0),(371,'Mary Roberts DDS','1961-01-30','510 Matthew Skyway\nMoralesfort, OH 15424',0),(372,'Stephen Bush','1981-03-01','76795 Cody Tunnel Apt. 572\nSouth Kathrynborough, KY 62383',0),(373,'Cynthia Forbes','1991-01-08','3698 Charles Plains Apt. 940\nWest Neilland, WI 63954',0),(374,'Melissa Banks','1956-04-14','8549 Castro Alley\nNorth Heidi, AZ 73857',1),(375,'Cody Anderson','1994-09-02','607 Barnes Canyon\nWest Christinehaven, ND 14420',1),(376,'Alexander Porter Jr.','1999-12-20','USNV Moyer\nFPO AA 82821',0),(377,'Dennis Charles','1977-11-07','72855 Miller Row Apt. 306\nSouth Carl, LA 76315',0),(378,'Nancy Jackson','1971-01-02','35309 Campbell Plains Suite 606\nPrattton, MI 58562',1),(379,'Amanda Anderson','2002-09-23','083 Juan Landing Suite 271\nJessicashire, RI 26674',1),(380,'Nichole Klein','1956-02-14','870 Glenn Flat Suite 736\nNew Stacey, ME 44985',1),(381,'Nicole Cook','2004-02-06','7633 Davidson Pine Apt. 931\nWeeksland, PA 35695',1),(382,'Melissa Conner','1966-12-22','160 Smith Knoll Suite 802\nStephanieland, TN 15429',1),(383,'Mrs. Kim Ruiz MD','2000-06-15','PSC 3829, Box 7774\nAPO AA 45093',1),(384,'Jamie Hubbard','1995-09-20','265 Taylor Key\nWest Anthony, MA 06365',0),(385,'Linda Cain','1968-07-04','7627 Randy Underpass\nPort Gerald, VI 10143',1),(386,'Joseph Hill','1973-12-27','PSC 6169, Box 0087\nAPO AP 51492',1),(387,'William Hogan','1970-11-02','7123 Kristin Stravenue\nNew Phillip, SC 68943',0),(388,'Samuel Harris','1990-05-05','795 Donald Shore Suite 125\nGamblefurt, MA 96265',1),(389,'Vicki Cervantes','1971-04-22','000 Bird Via Apt. 842\nAndreaport, MO 39208',0),(390,'Vincent Hill','1987-01-16','6946 Webster Via Apt. 387\nLake Angela, LA 68307',0),(391,'Robin Pena','1962-12-06','USNV Lang\nFPO AE 52255',1),(392,'Jeffrey Garcia','1966-09-11','84826 Tanner Mews\nNorth Scotttown, OR 04414',1),(393,'Mario Williams','2000-01-11','403 David Orchard Suite 653\nEast John, ME 30557',0),(394,'Amber Sandoval','1976-02-17','585 Amy Rue\nCindymouth, MO 82980',1),(395,'Justin Bryant','1971-10-18','949 Elliott Common\nLake Richard, MS 15543',1),(396,'Christopher Mccann','1959-04-04','USS Miller\nFPO AP 17229',1),(397,'Jessica Graves','1978-03-08','02848 Caitlin Mill Suite 097\nSouth Amy, CA 53502',0),(398,'Robert Marshall','1963-04-01','4124 Leah Ways\nLake Roger, ID 62442',1),(399,'Cameron Brock','2005-02-20','3588 Chelsea Ferry\nNew Jasminechester, OR 24441',1),(400,'Alisha Young','1981-12-24','22455 Victor Harbor\nPerryfurt, OH 09690',0),(401,'Danielle Rivas','1994-11-07','78275 Stacey Summit Apt. 012\nDarylmouth, NH 66725',0),(402,'Jose Barnes','1963-07-17','8972 Allen Flats Apt. 106\nNorth Christina, AS 90606',1),(403,'Troy Harris','1986-02-28','Unit 8595 Box 4300\nDPO AA 60236',1),(404,'Rodney Anderson','1983-02-12','18534 Allen Mountains Suite 740\nKellimouth, SC 22220',1),(405,'Steven Montoya','1976-11-01','092 Zimmerman Square Apt. 626\nDawsonhaven, MI 66713',0),(406,'Rebekah Gomez','1973-11-03','0449 Everett Pike Suite 945\nJenniferhaven, NE 14794',1),(407,'Sarah Smith','1968-11-22','0964 Melissa Pine Suite 511\nPort Johnmouth, MP 85466',1),(408,'Crystal Jackson','1987-04-10','272 Gibbs View\nDavidborough, GA 21816',1),(409,'Cathy Waters','1971-03-18','PSC 7203, Box 7682\nAPO AP 83521',0),(410,'Jesus Jones','1984-02-17','24466 Fletcher Lake Apt. 971\nNorth Regina, NV 04405',1),(411,'Michael Donaldson','1954-03-29','8001 Eric Burgs Apt. 255\nMoralesmouth, MT 68288',0),(412,'Gregory Sullivan','1989-06-05','6611 Casey Walk Apt. 450\nEast Matthew, IL 17770',0),(413,'Charles Welch','1959-10-09','331 Diaz Mill Suite 427\nBakerfurt, OR 12981',0),(414,'Paul Mckay','1957-04-30','71824 Washington Road\nPort Codyhaven, NE 61255',0),(415,'Cassidy Bishop','1986-06-28','611 Samantha Rapids\nKempfurt, MA 52601',1),(416,'Craig Cisneros','1983-11-21','031 Judith Mountains Apt. 041\nBrandonhaven, IL 95194',0),(417,'Caleb Green','1970-12-18','Unit 4635 Box 9647\nDPO AP 21072',1),(418,'Keith Smith','1969-05-03','100 Galvan Corners\nSherriview, PW 62056',1),(419,'Lisa Mendoza','1983-11-02','199 Peterson Court Apt. 858\nScottfort, CO 14218',0),(420,'Justin Hubbard','2006-02-16','596 Bethany Creek\nWilsonhaven, ID 44198',0),(421,'Tammie Jackson','1997-05-27','107 John Gateway Apt. 937\nRobinsonshire, KS 06811',1),(422,'Natasha Long','1962-10-13','81736 Smith Islands Suite 480\nNew Mary, VT 87848',0),(423,'Kristen Henson','1974-12-30','32219 Colon Centers Suite 068\nWallaceville, WY 17054',0),(424,'Vicki Wilson','1974-03-26','5597 Gibbs Falls Apt. 662\nJamesbury, UT 94402',1),(425,'Benjamin Mayer','1960-10-11','434 Davis Cove Apt. 946\nNorth Raymondfort, MS 45413',1),(426,'Christina Novak','1954-06-04','3634 Novak Run Suite 555\nJimmyfurt, NM 36754',0),(427,'Mark Jacobson','1974-02-03','8061 Phillips Isle Apt. 054\nPort Joseph, VI 72410',1),(428,'Crystal Holloway','1959-10-17','14680 Davis Streets\nPort Dale, DC 94901',1),(429,'Timothy Buchanan','1970-12-07','Unit 3487 Box 8713\nDPO AE 27913',1),(430,'Jennifer Curry','1968-07-22','8300 Blankenship Causeway\nNew Ashleychester, KY 84882',1),(431,'Matthew Schultz','1974-11-25','4121 Jasmine Skyway Apt. 400\nEast Jacob, ND 32315',1),(432,'David Glenn','1964-04-14','415 Fitzgerald Squares Apt. 665\nWilsonstad, MT 31524',1),(433,'Jeremy Hill','1967-02-15','3343 Mary Spur\nNew Sherryton, ND 26408',1),(434,'Kendra Hamilton','1984-01-21','3490 Conway Prairie\nPort Laura, WA 67817',0),(435,'Russell Fry','1986-06-09','973 Roy Springs\nWilliamston, NY 09440',0),(436,'Jessica Friedman','1998-07-03','1304 Leslie Manor Apt. 132\nSouth Stephanieville, DE 94424',0),(437,'Dennis Watkins','1978-03-09','97987 Jose Burg Suite 580\nPort Caseychester, NH 89362',0),(438,'Kimberly Martin','1976-12-06','4810 Mark Haven\nEast Jacksonmouth, PR 85763',1),(439,'Jeffrey Davis','1967-12-27','932 Bryan Stream\nSusanborough, FM 22202',0),(440,'Raymond Woodard','1967-03-12','767 Carrie Station Apt. 593\nSouth Angel, OK 72482',0),(441,'Francisco Johnson MD','1977-02-24','78329 Yang Road\nBennettberg, KS 79396',0),(442,'Steven Brown','1989-09-05','3703 Monica Stravenue\nMeredithmouth, NM 59809',0),(443,'Jeremy Smith','1977-05-27','9265 Jill Cliffs Suite 731\nCoffeyton, CT 08850',0),(444,'Michael Thompson','1964-12-08','78262 Kelly Island\nTylertown, ME 00891',0),(445,'Melinda Ford','1979-03-21','PSC 9429, Box 1832\nAPO AP 89092',0),(446,'Benjamin Wilcox','1983-01-25','2121 Jacqueline Meadow\nMelissaport, ND 82663',1),(447,'Terry Edwards','1987-11-08','443 Johnson Locks\nVazquezhaven, SD 38530',0),(448,'Shelia Suarez','1971-02-16','6252 Barbara Isle\nAlanbury, GU 93965',1),(449,'Michael Pittman','1992-11-19','169 Diaz Route\nLake Christine, PA 37985',1),(450,'Tommy Wright','1970-09-07','81124 Rivera Club Suite 190\nPerkinsburgh, NH 56562',0),(451,'William Dennis','1963-11-06','Unit 9256 Box 7162\nDPO AA 09315',0),(452,'Fred Peterson','1980-04-23','1437 Michelle Flat\nAlexanderville, AR 83941',1),(453,'Robert Dominguez','1968-08-24','5762 Serrano Mountains\nSanchezmouth, WV 02018',1),(454,'Philip Espinoza','1987-05-01','936 Dalton Passage Suite 930\nJonesberg, GU 13213',0),(455,'Amanda Jackson','1990-07-30','30292 Carney Curve Suite 651\nSouth Marissahaven, VI 37990',1),(456,'Katherine Mccarthy','1954-04-13','20171 Williams Pass\nSusanfurt, MI 20097',0),(457,'Michael Fletcher','1967-03-12','891 Campbell Overpass Apt. 053\nFranklinmouth, WA 55862',1),(458,'Robert Ramsey','1976-10-27','3550 Kirby Wall\nEast Patricialand, UT 47492',0),(459,'Matthew Adams','1997-09-11','596 Daniel Plaza Suite 980\nEast Ashleyland, KS 08215',1),(460,'April Long','1956-07-28','2580 Heather Pines\nWest Steve, MO 85346',1),(461,'Kenneth Quinn','1969-11-06','31124 Andrea Route\nWest Cathyhaven, PW 86496',0),(462,'Gabriela Cunningham','1961-11-05','USNS Daniels\nFPO AE 62955',1),(463,'Brenda Benson','1955-08-02','9430 Elizabeth Knoll\nWest Ivanfort, AZ 68515',0),(464,'Tonya Floyd','1982-02-27','0608 Cortez Valleys\nSouth Sheila, PA 06707',1),(465,'James Leblanc','1985-09-12','68561 Gibbs Mountain Suite 368\nWardfurt, NE 96799',0),(466,'Melody Schroeder','2006-02-21','1282 Lori Walk\nSheilashire, VA 16258',0),(467,'Brian Brown','1980-03-08','54191 Price Corners\nEast Brittany, ME 35206',0),(468,'Jacob Garcia','1989-02-23','74520 Ronnie Views Suite 719\nLake Jennifer, IN 04465',0),(469,'William Thomas','1978-06-13','835 Myers Union Apt. 420\nJameshaven, DC 76898',0),(470,'Benjamin Hatfield','1954-10-24','372 Meghan Forges\nNew Timothyshire, RI 40873',0),(471,'Jessica Lopez','1965-01-04','9287 Thompson Green\nDanielville, GU 99005',1),(472,'Jonathan Nicholson','1996-04-01','999 Jennifer Shoals Suite 699\nAaronburgh, FM 20784',0),(473,'Michael Gonzales','1983-08-29','322 Jones Flat\nThomaston, IL 06595',0),(474,'Selena Martinez','1966-02-03','576 Lang Prairie\nJessicafurt, AR 60406',0),(475,'David Clark','1981-07-23','107 Johnson Cliff\nBellside, HI 70114',0),(476,'April Flores','1989-01-30','4583 Wilson Cliffs Apt. 802\nPenaside, RI 11366',1),(477,'Brandon Barton','1963-09-30','USCGC Hernandez\nFPO AP 20852',0),(478,'Jack Payne','1970-06-04','PSC 8594, Box 9583\nAPO AE 05185',1),(479,'Todd Horn','1975-04-10','PSC 5097, Box 2648\nAPO AA 92386',1),(480,'Stacy Smith','1965-10-22','402 Amanda Meadow Apt. 718\nVillegaston, CO 11176',1),(481,'Mark Berg','1982-09-16','04984 Booth Extensions\nWest Charlotteburgh, NJ 50009',0),(482,'Brittney Bernard','1980-02-09','8121 Tiffany Station Suite 064\nRodriguezbury, NY 83534',0),(483,'Breanna Williams','1972-03-28','90386 Rivera Trace\nWagnerberg, MP 01196',1),(484,'Michelle Chen','1985-04-06','841 Glenn Walks Suite 580\nVillarrealville, CA 36650',0),(485,'Alicia Bernard','1956-08-24','7606 Dana Fort Suite 446\nJacobshire, FL 78845',1),(486,'Lorraine Green','1975-06-23','3672 Black Throughway Apt. 088\nMckayton, MT 67278',0),(487,'Rebecca Coleman','1981-11-25','21223 Heather Isle Suite 441\nWest Willieland, LA 27605',0),(488,'Hayden Espinoza','1971-10-02','8336 Sarah Fields\nEast Jeremy, ND 51112',1),(489,'Victoria Davis','1992-03-10','Unit 7311 Box 9752\nDPO AA 93361',0),(490,'Nicole Dixon','2001-11-20','623 Michael Pike\nMatthewborough, VI 31152',0),(491,'Nicholas Shaw','1974-09-27','2967 Jacob Highway Apt. 536\nMorrisside, MO 87638',0),(492,'Lance Gilbert','1956-07-11','5723 Robert Park\nSaraview, VA 05443',0),(493,'Anthony Thompson','1958-12-18','9810 Harvey Glen\nMooretown, DE 34972',1),(494,'Lisa Harris','1986-12-05','1646 Krause Street Apt. 577\nLawrenceside, IN 67894',0),(495,'Brittany Moreno','1989-07-31','PSC 1368, Box 5770\nAPO AP 24558',0),(496,'Patrick Riley','1965-08-30','33148 Leah Corner Apt. 448\nLake Mandy, ME 59852',1),(497,'Carmen Little','1998-03-30','57805 Palmer Orchard\nWellsshire, AL 41117',0),(498,'Jessica Morton','1973-12-12','4895 Clay Spur\nLake Georgeberg, FM 15786',0),(499,'Matthew Cobb','1983-07-15','015 Michael Canyon\nNew Jesse, WV 00737',1),(500,'Amy Cooper','2000-06-22','46007 Steven Throughway Apt. 869\nScottmouth, AL 10147',0),(501,'Andrea Leblanc','2003-10-27','4758 Michael Mall\nWest Jamie, MD 30662',0),(502,'James Santiago','1958-08-17','759 Carrie Village\nBrownland, VT 11347',0),(503,'Shannon Haley','1954-02-22','Unit 7204 Box 2800\nDPO AA 26085',0),(504,'Jesus Park','1974-08-12','67225 Riley Shore\nEast Brian, WV 13241',1),(505,'Mr. Robert Martinez','2003-06-17','8502 Danielle Neck\nWest James, IN 29807',1),(506,'Sara Marshall','2000-10-12','USNV Day\nFPO AP 49775',1),(507,'Luis Alvarez','1975-10-30','872 Mario Wall Apt. 768\nAllisonland, NJ 06152',0),(508,'Dennis Dunlap','1978-12-08','7994 Sean Harbor Suite 658\nPort Walterfurt, AL 61978',1),(509,'Clarence Cohen','1992-01-29','40742 Martinez Inlet\nEast Brookeshire, IL 67219',0),(510,'Sarah Prince','2003-07-22','98119 Henry Estates Suite 649\nEast Mariaside, NE 05806',1),(511,'Anthony Oliver','1971-12-04','4543 Thomas Plaza Suite 821\nEast Cassandra, CO 01295',0),(512,'Alexander Powell','1973-06-22','8307 Tracy Knoll\nWendystad, CA 93310',1),(513,'Jennifer Ochoa','1957-12-22','1983 Mary Parkways Suite 999\nSouth Jeffrey, HI 88120',1),(514,'Zachary Griffith','2003-01-21','59311 Hoover Avenue\nWest Margaret, NE 20459',0),(515,'Maria King','1963-02-23','11676 Christian Shores\nGordonside, MI 62337',0),(516,'Brenda Pennington','1980-02-19','521 Burnett Rapid\nSmithview, WY 17004',0),(517,'Jack Henson','1986-08-09','091 Hector Spur\nNorth Sherrybury, ID 36233',1),(518,'Amanda Myers','1969-07-19','95450 Leblanc Dam Suite 261\nPort Charlesport, CO 60223',1),(519,'Julie Fritz','1975-05-14','494 Brewer Lodge Apt. 829\nPort Candicechester, IA 05942',1),(520,'Joseph Mitchell','1998-01-09','477 Stacey Crossing\nLake Crystalfurt, NC 52795',1),(521,'Billy Cox','1979-08-02','5529 Brent Route Suite 443\nLoganview, WI 69680',0),(522,'Kristin Stevens','1987-08-08','8036 Stacy Crescent\nSouth Dianefurt, NH 84942',0),(523,'Kathy Williams','2003-11-08','587 Phillips Unions\nEmilyberg, RI 16060',0),(524,'Rebecca Weaver','1988-10-15','2157 Jennifer Spur Apt. 762\nAntoniochester, GU 19572',0),(525,'Maria Anderson','1980-10-03','USNV Nguyen\nFPO AE 50292',1),(526,'Steve Parker III','2001-04-21','5829 Donald Passage Suite 933\nHugheshaven, AL 53979',1),(527,'Melissa Kirk','1958-05-10','633 White Road Apt. 443\nNorth Patriciaville, OH 89089',1),(528,'Austin Taylor','1954-03-01','9259 Cabrera Forge Suite 598\nCookport, MT 77435',0),(529,'Teresa May','1982-10-24','129 Reyes Hill\nPerezside, PW 62980',1),(530,'Richard Contreras','1955-05-28','USNS Powell\nFPO AA 37297',0),(531,'Tyler Carson','1982-04-23','326 Oliver Springs Apt. 258\nRuizmouth, VA 86651',1),(532,'Jessica Wolf','1995-08-02','USNS Cervantes\nFPO AP 95232',0),(533,'Andrea Peterson','1963-12-05','0194 Kaufman Highway Apt. 626\nNew Philliptown, AS 54064',0),(534,'Carla Zamora','1990-08-12','USCGC Velazquez\nFPO AA 58021',0),(535,'Bryan Schneider','1964-11-19','0289 Hughes Stravenue\nEast Robertmouth, MN 32773',1),(536,'Mandy Morales','1995-07-26','92139 Jenna Plaza\nSouth Anthony, NJ 02795',0),(537,'Samantha Davis','1999-08-25','66109 Charles Court Suite 621\nNew Gregshire, ME 04084',0),(538,'Samantha Powers','1969-05-22','662 Chad Alley\nJennifershire, WV 46959',0),(539,'Kenneth Carr','1979-07-24','8138 George Parkway\nNorth Michael, IA 75229',1),(540,'Robert Riggs','1977-08-21','815 Henry Alley Suite 595\nWest Katherineborough, AS 61758',0),(541,'Diane Benton','1961-11-01','737 Anthony Crest Apt. 163\nMyersfort, ME 64461',1),(542,'Ricky Yates','1954-03-17','67797 Cooper Burgs\nBrownborough, WV 68188',0),(543,'Thomas Hoover','2001-11-13','6662 Thomas Glen Apt. 430\nRobinmouth, MA 33683',1),(544,'Todd King','1998-01-03','1358 Kelly Meadows Apt. 134\nSouth Tiffanyburgh, OR 86753',1),(545,'Justin Clayton','1995-10-19','87842 Washington Rue\nNorth Robert, OH 88127',0),(546,'Brandon Alvarez','1992-10-05','0016 Lewis Estates Apt. 155\nPhillipston, MI 37031',1),(547,'David Davis','1963-03-13','01088 Ann Center Suite 970\nJohnsonborough, TN 05874',1),(548,'Devon Peterson','1963-01-09','1350 Kelly Vista\nBennettfort, NM 02192',0),(549,'Jennifer Hawkins','1978-02-12','47813 Olivia Shore\nKarenview, NE 51427',0),(550,'Bonnie Mason','2002-08-11','648 John Branch\nNew Lindsey, MH 98292',0),(551,'Evan Johnson','1962-10-13','6148 Joshua Manors Apt. 227\nWest Melissa, HI 96672',1),(552,'Jessica Allen','1990-09-28','068 Wilson Glens\nSouth Sherri, RI 88401',1),(553,'Gabrielle Price','2005-01-08','Unit 0799 Box 1864\nDPO AE 34364',1),(554,'Roger Powell','1960-08-21','574 Rubio Station\nNew Jesse, IA 92867',0),(555,'Sarah Hale','1955-06-24','Unit 2738 Box 6965\nDPO AE 30597',0),(556,'Casey Richard','1984-11-09','26119 Gray Keys Apt. 325\nWest Stevenstad, MI 03538',0),(557,'Jesse Jacobson','1965-10-17','33809 Terrell Lights\nJaredtown, FM 30742',0),(558,'Jennifer Simpson','1999-06-16','323 Ryan Islands\nIsaacbury, NC 53559',1),(559,'Mary Phillips','1989-04-27','42469 Rowland Mills Suite 966\nStevenland, MI 69089',0),(560,'Roy Williams','2004-06-25','64463 Monica Via\nCastrofort, MP 07956',1),(561,'Rhonda Mckinney','2001-07-06','155 James Hills\nMatthewbury, MT 29720',0),(562,'Jennifer Anderson','1994-10-08','Unit 3509 Box 1394\nDPO AP 26968',0),(563,'Jason Williamson','1956-08-05','01188 Molly Junction Suite 420\nPort Oliviafurt, DC 87301',1),(564,'Whitney Waller','1958-04-08','3566 Brandon Key Apt. 565\nJocelynport, TX 94612',1),(565,'Philip Clark','1973-02-28','32735 Katie Field Apt. 213\nTurnerview, NY 96115',0),(566,'Tracy Stewart','2002-03-18','2301 Colleen Ridges\nEast Michealland, AS 68809',0),(567,'Robert Smith','1995-02-10','22413 Ramos Island\nMcintyrefort, WV 56005',1),(568,'Stephanie Lewis','2003-05-13','30848 Courtney Junction\nRobinsonland, CT 33999',0),(569,'Allen Nguyen','2006-02-18','9615 Jessica Port Apt. 197\nStephenhaven, AZ 36032',1),(570,'Sharon Larsen','1953-12-25','85011 James Mews\nNew Stephanie, LA 16039',1),(571,'Alyssa Craig','1959-08-21','93137 Carlson Field\nDoughertyfort, GA 84733',0),(572,'Scott Morris','1993-01-22','709 Sandra Fort Apt. 477\nRamirezmouth, WI 79178',0),(573,'Lisa Williams','1958-11-09','23830 Craig Village\nLake Dianabury, MN 04979',1),(574,'Steven Estrada','1957-04-04','9030 Carlson Dam Suite 195\nPort Hunter, UT 01250',1),(575,'Lori Guzman','1959-06-10','586 Ryan Expressway Suite 450\nMichaelside, OK 11049',0),(576,'Wesley Nunez','1976-09-02','5427 Ramos Lake Apt. 993\nNorth Dean, IL 54600',0),(577,'Stephen Stevens','2006-07-28','549 Ruiz View\nLake Wayne, CA 00840',0),(578,'David Allen','1961-05-18','2650 Sheila Track Apt. 535\nNoblehaven, IA 20393',1),(579,'Anthony Robinson','1958-02-25','439 Wiggins Tunnel\nNew Logan, DE 09295',1),(580,'Sheri Perez','1970-01-30','390 Hudson Flats Suite 718\nWalkermouth, IL 36158',1),(581,'Donald Moore','1961-06-13','789 Jessica Rapid Suite 866\nWest Johnfort, CA 09923',0),(582,'Mr. Todd Ross DVM','1992-06-07','Unit 6679 Box 9368\nDPO AE 94797',0),(583,'Francisco Hoffman','1993-03-01','927 Ruiz Gardens Suite 574\nEdwardchester, WI 09353',1),(584,'Matthew Moran','1956-06-29','512 Chad Shores Apt. 840\nNew Mariah, MA 54149',1),(585,'Sara Brown','1962-11-21','5013 Nash Lock\nEast Jaredmouth, MS 85554',1),(586,'Martha Reed','1974-02-18','639 Karina Union\nCharlesshire, AZ 85610',1),(587,'Tim Barton','1999-06-25','7727 Audrey Station\nDanielshire, WI 24233',1),(588,'Anthony Rogers','1998-10-24','357 Kelly Heights\nNew Jamesmouth, WV 48660',0),(589,'Sheila Williams','1960-05-11','533 Mckenzie Trail\nSouth Tiffany, VI 84389',1),(590,'Terri Todd','1959-05-06','3285 Wise Village\nNicholasville, MH 93401',0),(591,'Angela Lane','1985-08-17','127 Amy Well\nThomasmouth, NH 18807',1),(592,'Tammy Elliott','1955-11-03','PSC 7759, Box 9915\nAPO AA 60387',0),(593,'Lindsay Walters','1970-07-29','52279 Rollins Harbors Suite 022\nWest Christinefort, TN 03717',0),(594,'Brian Young','1991-11-17','325 Jason Mountain\nHortonshire, PA 77012',1),(595,'Kimberly Aguilar','1985-03-31','1476 Alexandria Walks\nRobertberg, IA 21685',0),(596,'Richard Ross','1982-01-28','6208 Martinez Lodge Suite 234\nNorth Christine, TX 56090',1),(597,'Mr. Joshua Jones','1975-08-17','6891 Vazquez Locks Apt. 341\nFranklinland, SC 81633',1),(598,'Cindy Hughes','2001-10-07','5709 Mullen Spur Suite 494\nNew Jessica, NM 85861',1),(599,'Andrew Jensen','1993-01-06','9565 Robert Shore Suite 233\nWhitneybury, CA 87760',0),(600,'Bob Mcpherson','1963-10-23','4108 Cox Spurs Apt. 955\nKimberlystad, PA 80653',0),(601,'Joshua Kelly','2001-11-02','52183 Amanda Ports\nAlexandriaville, MT 33854',1),(602,'Jason Black','1965-01-24','7050 Marcus Passage\nFreemanchester, MN 24978',1),(603,'Sheila King DDS','1968-08-16','17248 Laura Overpass\nSierrabury, PW 81307',1),(604,'Mark Gomez','1971-01-29','011 Perez Terrace\nHectorfurt, IA 86996',1),(605,'Matthew Simmons','1989-01-23','8523 Jackson Circles\nWest Gavin, PA 97343',1),(606,'Eric Perkins','1956-11-26','5432 Abigail Dam Suite 087\nJoannside, FL 20551',1),(607,'Austin Ray','1956-01-09','89766 Crawford Underpass Suite 078\nEast Andrew, DC 31515',0),(608,'Laura Harris','1980-09-25','USCGC Gonzales\nFPO AE 55968',1),(609,'Casey Crawford','1988-09-09','464 Rodney Corners\nWest Katherine, PR 64574',0),(610,'Jessica Martin','1960-01-30','560 Smith Route\nEast Matthewton, ID 42639',0),(611,'Jessica Colon','1955-03-27','91148 Ruiz Wall\nWest Michaelberg, FM 97457',1),(612,'Debra Gordon','1980-10-17','USCGC Jones\nFPO AE 29397',0),(613,'Michael Baker','1958-07-30','5529 Whitney Meadow\nStanleybury, CO 54676',0),(614,'Diane Mathis','1970-06-06','08774 Cross Square\nSouth Gabrielle, MI 20544',1),(615,'Rebecca Boyle','2005-08-01','6865 Morton Road Suite 165\nSouth Marychester, CA 87784',0),(616,'Adam Patrick','1962-12-16','630 Katrina Garden Suite 078\nOnealburgh, RI 61376',0),(617,'Rhonda Ramos','1995-09-11','8789 White Drive\nSouth Jennifer, SD 73804',1),(618,'Heather Austin','1954-05-11','PSC 0294, Box 4315\nAPO AP 80133',1),(619,'Paul Sanchez','1959-03-31','4520 Bishop Square\nNew Trevor, SD 77526',0),(620,'Tammy Wright','1971-07-15','2581 Taylor Village Apt. 989\nPort Brandon, SD 53330',1),(621,'Curtis Kim','1987-04-26','5424 Michael Row Suite 385\nNorth Darrenburgh, PA 69566',1),(622,'Michele Gray','1977-08-04','070 Brooks Rapid Suite 609\nNorth Allen, MS 71455',0),(623,'Marie Ramos','1996-08-21','34734 Cody Key Apt. 788\nEast Katie, IN 44511',0),(624,'Kelsey Young','1957-08-05','32037 Stephen Stream Suite 732\nWest Stanleyfurt, GU 53628',0),(625,'Amanda Ashley','1954-09-19','78655 Kelly Junction Apt. 025\nMichaelborough, IA 66904',0),(626,'Gabriel Mckenzie','1980-06-28','95754 Sarah Freeway Apt. 307\nJaredside, OK 06700',1),(627,'Alexis Riley','1984-11-09','758 Luis Burg\nSouth Jose, PR 79210',1),(628,'Crystal Palmer','1959-09-08','03609 Mann Ways\nGriffinfurt, LA 99667',0),(629,'Anne Joseph','1980-11-24','77177 Richard Flats Apt. 210\nKevinshire, WV 86840',0),(630,'Ashley Brooks','1992-08-15','137 Reyes Causeway Apt. 697\nNorth Lindahaven, NE 60813',1),(631,'Christian Bryant','1982-06-29','10969 Weaver Hollow\nPort Jennifer, KS 72374',1),(632,'Deborah Benton DDS','1980-10-07','USS Paul\nFPO AP 22693',1),(633,'Lisa Horton','1980-11-05','Unit 5184 Box 7501\nDPO AE 29619',0),(634,'Joseph Freeman','1990-12-02','431 Lisa Dale\nSmithmouth, UT 40665',0),(635,'Andrew Hicks','1978-07-30','6933 Arroyo Green\nBradleyberg, GU 38259',0),(636,'Lisa Pearson','1995-03-06','3188 Archer Skyway Suite 281\nSouth Jimmyfort, VA 25679',0),(637,'William Hanson','1979-09-04','726 Shirley Mountains\nEast Trevorborough, VT 64049',1),(638,'Samuel Morton','1969-08-09','8086 George Forest Suite 900\nNew Kimberly, MH 12641',0),(639,'Priscilla Williams DDS','1958-07-21','119 Young Key\nPort Charles, ID 75487',1),(640,'Henry Coffey','2001-05-24','39260 Morgan Forges\nGarciastad, GU 17150',1),(641,'Nicole Adams','1993-07-25','2506 Jessica Turnpike Apt. 697\nDoughertyville, GA 39550',0),(642,'Denise Sullivan','1975-01-11','USNV Freeman\nFPO AP 36040',0),(643,'Wendy Leon','2006-07-25','309 Gilbert Via Apt. 745\nNorth Davidhaven, MS 37845',0),(644,'Thomas Simmons','2003-01-05','2646 Beasley Ranch Apt. 170\nSouth Haileyside, AS 12607',1),(645,'William Cox','1989-02-22','1736 Neal Junctions Apt. 777\nWest Rodney, NJ 86340',1),(646,'Stephanie Davidson','1954-08-14','74002 James Walks Suite 170\nWest Eric, ME 72305',1),(647,'Brenda Rogers','1962-08-13','728 Day Tunnel Apt. 625\nEast Denise, VT 99777',0),(648,'Keith Morris','1978-01-31','43409 Love Brook Apt. 940\nMartinmouth, OR 91353',1),(649,'Maria Robinson','1969-07-10','5854 Aguilar Drives\nNew Andrea, PA 28992',0),(650,'Robert Long','1958-04-10','499 Fowler Corners\nPort Jermainebury, NV 20184',1),(651,'Julie Smith','1996-09-26','55740 Smith Parkway\nBushfurt, HI 55860',0),(652,'Theresa Fischer','1972-12-27','213 Tonya Land\nEast Crystalshire, MT 54047',0),(653,'Jessica Sullivan','1990-08-07','21428 Parsons Knolls Apt. 242\nWest Codybury, NV 41205',0),(654,'Laura Gray','1999-07-08','98421 Donald Run\nSouth Deborahfort, FM 34974',0),(655,'Robert Burns','1992-06-09','221 Miller Orchard Suite 780\nPort Lisa, IA 12008',0),(656,'Dr. Samuel Lindsey','1980-08-26','9306 Conner Well\nWest Angelachester, FL 04117',1),(657,'Michelle Scott','1969-07-30','663 Kevin Forest\nWest Conniemouth, PA 01146',1),(658,'Tanya Bell','1979-07-13','03977 Bennett Camp Apt. 465\nPort Ericport, ME 95372',1),(659,'Danielle Ramirez','1964-02-24','26361 Mckenzie Parks\nNew Timothyland, MI 02518',1),(660,'Tyler Norton','2000-08-06','812 Thompson River\nLake Tina, NY 84622',1),(661,'Mr. Matthew Chaney','1964-07-31','8091 Lori Island\nSpencerville, OK 10803',0),(662,'Michele Brown','1997-10-24','08903 Boyle Lodge\nNew Scottview, PA 20599',0),(663,'James Sherman','1971-09-04','2435 Carter Station Apt. 530\nWest Anthony, VA 16849',1),(664,'Bethany Kelley','1971-05-01','09831 Timothy Islands\nSouth James, ID 38727',0),(665,'Katherine Roberts','1956-08-18','619 Alicia Meadows\nNorth Jerryhaven, AL 61464',0),(666,'Tara Harper','1961-03-04','22642 Stephen Springs Suite 642\nEast Jason, AL 12278',1),(667,'Austin Acevedo','1977-03-04','334 Floyd Locks Suite 294\nLake Timothytown, FM 41367',1),(668,'Glenn Griffin','2004-04-27','850 Dustin Greens\nEast James, FM 69812',0),(669,'Heather Ingram','1989-02-09','71192 Richardson Parkways\nSouth Timothy, PA 22608',1),(670,'Gary Davis','2004-09-08','44138 Mccullough Knoll\nClarkmouth, UT 01996',1),(671,'Jane Ramos','1982-04-18','USNS Nelson\nFPO AA 45930',1),(672,'Benjamin James','2001-02-02','7936 Jamie Fork Suite 797\nPotterport, RI 84041',1),(673,'Joseph Rodriguez','1956-08-10','22954 Christopher Curve Apt. 540\nLisastad, AL 82266',0),(674,'Michael Roberts','1978-09-11','264 Andrea Park Apt. 814\nWest Lisa, HI 36579',1),(675,'Dylan Knox','1997-04-08','55476 Melissa Trace\nPaulastad, NM 20187',1),(676,'Laura Sanchez','1999-10-13','6848 Timothy Trail\nLake Christopher, ME 62484',0),(677,'Eric Gutierrez','1981-10-20','20636 Matthews Courts Apt. 801\nSouth Kimton, KY 68513',1),(678,'Courtney Thompson','1993-12-18','68321 Carolyn Roads\nEast Kevin, CT 26718',0),(679,'Gregory Wilkerson','1999-07-19','2639 Thomas Lake\nWadeton, AS 70382',1),(680,'Robert Payne','2005-01-26','698 Amanda Groves Apt. 859\nNew Joelland, WI 97541',0),(681,'Miguel Thompson','1978-08-28','Unit 4732 Box 1081\nDPO AE 50056',1),(682,'Misty Campos','1992-04-07','0491 Deborah Pike\nDawsonstad, NM 42926',1),(683,'Nicole Goodman','1992-02-29','28832 Johnny Street\nMaryshire, ND 46248',0),(684,'Robin Stewart','1965-02-22','534 Lindsey Fall Apt. 959\nNorth Martha, PA 65539',0),(685,'Louis Hebert','1966-02-26','Unit 8287 Box 7444\nDPO AA 45115',0),(686,'Emma Martinez','1978-05-05','4428 Joseph Roads\nNorth Michael, OH 13458',0),(687,'Steven Smith','1995-08-15','5838 Kathryn Road\nKrystalview, PW 87998',0),(688,'Mary Rocha','1987-03-06','513 Owens Station Apt. 615\nFlynnside, PW 59265',1),(689,'Vanessa Singh','1972-02-02','610 Debra Ports Suite 980\nBreannafurt, CT 24580',0),(690,'Stephanie Cantrell','1990-03-09','7455 Stewart Station Apt. 795\nNorth Courtneyburgh, FM 73831',1),(691,'James Jenkins','2002-04-09','1309 Kenneth Wall Apt. 838\nCrawfordfort, WV 63352',1),(692,'Austin White','1998-03-21','076 Brenda Highway Apt. 468\nSchwartzfurt, WA 23253',1),(693,'William Marks','1976-11-14','091 Sheila Extension\nJohnstad, OH 43639',1),(694,'Alan Sutton','1998-08-15','8969 Jesse Road\nRhondaview, WV 93934',0),(695,'Craig Wilkinson','1975-09-12','320 Ward Run\nEast Timothyshire, NE 10752',1),(696,'Rodney Marsh','1983-01-09','735 Jeffery Club\nJeremyberg, MP 52879',0),(697,'Meagan Miller','1994-02-05','4892 Beltran Keys Suite 545\nLake Karenmouth, AZ 00755',0),(698,'Andrew Wilson','1984-01-05','00303 Watson Oval Apt. 738\nNorth John, WI 87127',0),(699,'Lisa Salazar','2001-07-17','542 Sara Harbor\nJerryview, VT 70044',0),(700,'Christopher Jackson DDS','1966-09-14','53452 Ronald Pike Suite 724\nJohnland, CO 37684',0),(701,'James Blake','1958-02-23','975 Jonathan Crest Apt. 860\nNew Lauren, NH 28948',1),(702,'Debra Dougherty','1978-04-21','05559 Thomas Square Apt. 791\nRichardshaven, CO 00845',0),(703,'Allison Hines','1998-04-25','013 Morris Points Suite 093\nSouth Laurie, NE 27324',1),(704,'Valerie Bradley','1959-03-03','6628 Andrade Stravenue\nJacobsberg, LA 32008',1),(705,'James Oliver','2000-12-26','60550 Mitchell Harbors\nDerekville, OH 09418',0),(706,'Peter Rogers','1975-04-11','339 Herrera Cove Apt. 941\nLake Suzannehaven, FL 22333',0),(707,'Michael Perkins','2004-10-05','360 Daniel Forks\nBriannaville, PW 28350',0),(708,'Matthew Lindsey','1958-12-10','894 Pruitt Spurs Suite 435\nWest Emilybury, NV 70445',1),(709,'Richard Miller','2003-02-19','111 Smith Route Suite 201\nJeremybury, AZ 46853',1),(710,'Joanne Lucero','1960-02-29','08311 Timothy Gardens Apt. 319\nWilliamsfurt, AZ 99491',0),(711,'Andrew Thompson','1965-07-09','PSC 8975, Box 7173\nAPO AE 36997',0),(712,'Jennifer Hughes','1979-01-08','9004 Madeline Keys Apt. 090\nWagnerside, MP 98869',0),(713,'Christopher Johnson','1957-11-30','48084 William Mews\nChoimouth, WI 75134',1),(714,'Judith Allen','2003-09-26','6713 Rebekah Mill Suite 826\nPort Shawn, ME 19044',1),(715,'Ronald Nunez','1963-12-18','Unit 2913 Box 0946\nDPO AE 53711',0),(716,'Scott Robbins','1994-05-02','04345 Smith Trail\nRobinsonburgh, MS 25338',1),(717,'Dr. Elizabeth Ayers','1992-09-04','37604 Ellison Dam Suite 310\nLake Robin, ME 35316',0),(718,'Nicholas Perez','1989-11-07','75841 Cobb Roads Suite 449\nAndreport, MP 97586',0),(719,'Stephanie Smith','1976-05-01','904 Joshua Wall\nSouth James, FL 94952',0),(720,'Alan Finley','1968-07-20','7400 Edward Extensions\nNew Tracy, VI 76458',0),(721,'Emily Lyons','1975-10-16','704 Phyllis Curve Apt. 014\nEast Marco, HI 78578',0),(722,'Derek Hernandez','1974-05-23','7576 Clark View\nBakerborough, FM 01092',0),(723,'Scott Jordan','1964-07-14','PSC 9748, Box 5658\nAPO AA 24751',1),(724,'Donna Rodriguez','1966-12-16','69673 Walker Circle\nDonnachester, DE 95791',0),(725,'Bailey Mcdowell','1996-07-01','04500 Escobar Ramp\nEast Andrew, WA 80975',0),(726,'Heather Holland','1965-06-29','2140 Rose Turnpike Suite 537\nPort Jamieborough, FL 86270',1),(727,'Judy Dawson','1987-06-30','1118 Schultz Mountains\nNorth Michael, NC 45425',1),(728,'Veronica Pham','1985-03-02','4658 Deborah Course\nPort Timothyhaven, IA 69996',0),(729,'Robert Kennedy','1968-07-23','8199 Michael Estates\nEricville, MI 86241',0),(730,'Rebecca Benson','1998-03-08','52102 Barnes Port Apt. 691\nEast Jacobville, WA 83560',0),(731,'Jasmine Norris','1966-10-02','65261 Holmes Mountain\nDominiqueshire, WV 86674',1),(732,'Amanda Richards','2004-10-14','28911 Taylor Park Suite 125\nWest Morganfort, NC 71538',0),(733,'Angela Peterson','1983-05-07','Unit 7981 Box 6185\nDPO AA 34923',1),(734,'Stephanie Sanchez','1969-05-28','6695 Mitchell Harbor Apt. 356\nWilliamsland, FM 73305',0),(735,'Alex Velasquez','2005-03-22','8894 Kristin Circle\nCatherineville, WA 09951',0),(736,'Jamie Thomas','1973-07-30','834 Kristina Rapid\nJohnsonhaven, FM 32799',0),(737,'Michelle Evans','2003-12-28','4162 Randolph Meadows\nGregorytown, MT 58003',0),(738,'Daniel Allison','1960-07-20','36083 Victoria Islands\nNorth Drew, DE 19445',0),(739,'Richard Edwards','1984-02-08','129 Kelli Summit\nDavidfort, OH 27979',0),(740,'Laura White','1995-02-01','7364 Munoz Forks\nWebsterfurt, HI 52147',1),(741,'Mr. Ricky Neal','1964-07-21','813 Marshall Garden Suite 059\nPort Shawnshire, MS 56418',1),(742,'William Kline','1957-04-23','PSC 2975, Box 3935\nAPO AP 78801',0),(743,'Jimmy Williams','1978-06-11','32715 Tyler Mountain Apt. 720\nMorganfurt, IA 78803',0),(744,'Melissa Nelson','1984-03-22','5061 Carter Greens\nDeanbury, MS 03269',0),(745,'Melissa Williams','1989-11-29','3030 Foster Haven\nDouglasview, VT 87477',1),(746,'Laura Smith','1991-10-30','4937 Johnson Freeway Suite 798\nSouth Lorimouth, CO 68549',1),(747,'Matthew Ryan','2001-02-15','USCGC Rodriguez\nFPO AE 44133',0),(748,'Charles Webb','1990-03-24','38780 Katherine Lodge Apt. 312\nHickstown, TX 87997',1),(749,'Tyler Dean','1966-06-20','82545 Combs Forge Suite 039\nSantiagomouth, DC 69738',1),(750,'James Parker','1965-02-27','34770 Adam Ville\nSouth Aaron, AK 46537',1),(751,'Jennifer Wong','1958-05-31','33515 Olivia Orchard Apt. 347\nNorth Samanthashire, IL 43052',1),(752,'Richard Curtis','1961-04-28','13624 Simpson Lodge Suite 968\nSouth Bruce, MP 55611',0),(753,'Denise Jones','1979-11-21','60312 Maria Prairie\nJohnhaven, VA 00803',0),(754,'Scott Gross','2000-04-29','403 Christopher Estate\nRobertmouth, RI 86587',1),(755,'Kathy Reed','1959-03-18','49244 Danny Flats\nEast Nicole, NV 15442',0),(756,'Joseph Ryan','1974-10-14','50334 Rodriguez Springs Suite 012\nWest Rodneyton, RI 70644',1),(757,'Crystal Beltran','1974-07-09','321 Robert Glen\nWelchland, NE 18531',0),(758,'Katie Hoffman','1990-03-17','05245 Alexandra Wall Apt. 695\nLake Sheilastad, VI 50535',0),(759,'Rodney Williamson','1968-12-25','06707 Boyd Fall Apt. 031\nWest Christophermouth, OK 25173',1),(760,'Dorothy Reed','1983-03-05','2547 Noah Glens\nNew Saramouth, TX 51962',1),(761,'Gary Coleman','2001-11-14','09645 Jeffrey Key Apt. 376\nNew Victor, GA 09136',0),(762,'Morgan Dougherty','1973-12-05','23185 Miranda Shores\nKevinfort, OR 21713',1),(763,'Andrew Murray','2005-12-27','6582 Shawn Hills\nPort Justintown, FM 13844',0),(764,'Heather Collins','2001-02-17','463 Dalton Courts Suite 997\nCindyton, NH 00857',0),(765,'Laura Hendricks','1997-01-26','84772 Wilson Lights\nBellside, OR 37552',1),(766,'Christopher Smith','1979-03-29','507 Patrick Circles\nJohnstonborough, NV 79709',1),(767,'Christopher Lin','1962-01-13','5264 Cameron Cove Apt. 485\nSierraport, MI 72923',1),(768,'Antonio Hunter','2001-04-29','985 Oneill Fields\nMichaelland, NC 74669',1),(769,'Spencer Flores','1977-06-05','6732 Suzanne Parkway Apt. 104\nNew Kevinchester, WI 52592',0),(770,'John Watkins','1963-01-12','427 Lee Lakes\nEast Stephen, MA 49728',1),(771,'Taylor Marquez','1991-01-10','56087 Lisa Radial\nJacksonmouth, TN 60583',0),(772,'Zachary Wagner','1983-05-06','662 Brandon Place\nCastillohaven, MN 13035',1),(773,'Hunter Morris','1993-09-05','1974 Weaver Viaduct\nJennifertown, AS 59106',1),(774,'Ryan Stafford','1974-12-26','224 Bell Harbors Apt. 849\nJonathanstad, FM 22244',1),(775,'Timothy Bailey','1975-08-20','638 Ryan Glens Suite 434\nWest Carolineville, DE 40495',0),(776,'Michael Robinson','1956-11-28','695 Tina Landing\nHopkinsview, CT 16999',1),(777,'Traci Howard','1977-02-18','1745 Adams Fords\nGriffithshire, CT 14890',1),(778,'Heather Owens','1997-08-10','891 Kirk Overpass\nPort Markmouth, TX 45938',1),(779,'Victoria Lane','1988-01-11','557 Candace Park\nMikeburgh, FM 45694',1),(780,'Amy Wilkins','1985-09-14','810 Andrea Unions Apt. 082\nNew David, NV 72709',1),(781,'Melissa Keith','1966-11-04','8362 Casey Shoal Suite 308\nLarsonside, OK 61924',1),(782,'Elizabeth Soto','1980-11-10','90963 Miguel Meadow Apt. 194\nMaryville, DC 07553',1),(783,'Darius Lester','2003-04-12','30455 Stephens Viaduct\nLake Amyshire, AS 36262',1),(784,'Kimberly Carlson','1984-01-07','PSC 1962, Box 7314\nAPO AP 46887',1),(785,'Catherine Walker','1998-09-02','26759 Kerri Prairie Apt. 254\nLucasland, IL 85902',1),(786,'Patrick Coleman','1978-02-05','614 Williams Pass\nDanielletown, TN 78245',1),(787,'Jennifer Brown','1983-10-04','0520 Estes Key Suite 236\nGonzalezstad, NE 41278',1),(788,'Gregory Smith','2006-05-03','75429 Bishop Parkway\nPort Mandy, DC 99656',1),(789,'Cameron Woods','1983-12-09','623 Rogers Station\nNew Jennifer, ME 94239',0),(790,'Robert Mitchell','1957-07-27','654 Nathaniel Hill Suite 578\nWest Ricky, AL 18759',1),(791,'Ian Hughes','1997-04-13','043 Mullins Skyway\nSouth Daisyhaven, TX 55957',1),(792,'Alexis Macias','2001-04-26','11925 Randy Loop Apt. 847\nNew Lindsayland, MA 25842',1),(793,'Diana Lara','1969-10-30','7893 Peters Street Apt. 120\nSouth James, ID 19148',0),(794,'Patrick Robinson','1984-09-03','44798 Woodard Lane\nMaryland, TX 50660',0),(795,'Michael Williams','1958-06-01','4965 Bruce Points Apt. 493\nEast Cynthiatown, AK 43406',1),(796,'Michael Henry','1986-04-24','6741 Laura Vista Suite 450\nDiazburgh, VA 97722',1),(797,'Jennifer Cummings','1990-10-25','8961 Kayla Stravenue\nNorth Jared, AS 96495',1),(798,'Michelle Lopez','1968-10-24','56477 Gonzalez Harbors\nHarristown, WI 17805',1),(799,'Jason Case','1961-02-26','7824 Vazquez Corner Apt. 873\nNorth Seth, MT 97804',1),(800,'Melinda Larsen','1956-12-01','131 Claire Spur Suite 072\nNew Cameron, TN 64083',0),(801,'John Duran','1998-01-29','112 Sanford Locks\nNew Robertberg, ND 88732',1),(802,'Sarah Miller','1955-07-03','4456 Jennifer Field\nSheltonfurt, PR 30613',1),(803,'Cheryl Robbins','2005-05-02','4952 Mark Rest Apt. 499\nChristinebury, ND 20340',0),(804,'Melissa Hall','2005-08-30','477 Gray Square\nDennismouth, WI 80666',1),(805,'Christopher Rodriguez','1988-03-18','342 Hancock Turnpike\nWest Jamesfort, CA 83347',1),(806,'Amanda Kelley','1964-02-14','78804 Saunders Circles\nNorth Andrea, GU 14326',1),(807,'Luis Butler','1984-01-11','2842 Kelley Island\nPort Kathleenshire, DE 98625',1),(808,'Lisa Jones','2002-03-14','4981 Susan Squares Suite 162\nSheilamouth, TN 43846',0),(809,'Ryan Li','1984-07-28','80844 Cook Trail Apt. 009\nPort Grant, LA 36970',1),(810,'Desiree Macias','2002-10-30','29312 Lauren Manor\nNorth Brett, MD 08818',0),(811,'Jimmy Rodriguez','1955-04-09','USNS Brown\nFPO AE 29353',0),(812,'Rose Jones','1958-10-04','2266 Mary Rapid\nRichardton, ND 83996',1),(813,'Johnathan Rowe','1973-04-29','72981 Daniel Rue Suite 443\nSouth Dwaynemouth, NJ 63287',1),(814,'Diane Molina','2006-08-25','2005 Kerry Stream\nIsabellafort, WI 30375',1),(815,'Kelly Thomas','1967-05-14','179 Wallace Well Suite 211\nNorth Brian, ID 60998',0),(816,'Marisa Harrington','2002-09-18','80312 Fischer Highway Apt. 173\nPort Christopherberg, MA 47201',0),(817,'Monica Lee','1999-10-06','2206 Paul Branch\nNew Kevinhaven, AZ 22330',0),(818,'Anna Gutierrez','1987-06-14','59243 Smith Passage Suite 777\nEast Daniel, AZ 17246',1),(819,'Michael Baldwin','1968-04-27','41117 Eric Plaza Suite 058\nNew Melissa, FM 32036',1),(820,'Wesley Robertson','1959-10-24','88943 Russell Island\nSanchezland, DE 28225',1),(821,'Marvin Lee','1954-05-03','9193 Matthew Mills Apt. 768\nOrtizland, FL 15701',1),(822,'Janice Greene','1959-06-05','29935 Kaylee Trace\nSmithberg, VI 16925',1),(823,'Yvonne Guerrero','1964-07-15','748 Eric Springs Suite 895\nSouth Gabriel, NV 42838',1),(824,'Angela Simpson','1963-04-28','6629 Wanda Isle\nSouth Brian, PR 47053',0),(825,'Edward Allen','1970-10-18','54402 Emily Square Apt. 095\nSouth Williamside, VA 60447',1),(826,'Brooke Campbell','1987-04-29','12838 Becky Rapid Suite 329\nWest Kimberlyburgh, ME 64348',0),(827,'Gwendolyn Compton','1975-10-31','38643 Buchanan Hollow\nSouth Latoya, FM 39053',0),(828,'Ryan Wade','1973-03-17','PSC 2367, Box 3211\nAPO AE 24409',1),(829,'Joshua Gomez','1974-03-30','34309 Robinson Light Apt. 768\nHeathermouth, CA 73733',1),(830,'Stacey Wiggins','1970-08-06','4932 Perez Rapid\nNorth Max, ND 67837',1),(831,'Kayla Cisneros','1963-05-08','6451 Smith Corner\nWest Michael, AZ 63192',1),(832,'Kenneth Hernandez','1973-03-28','114 Beard Extensions Apt. 749\nNew Marc, CT 86543',0),(833,'James Coleman','1988-11-20','604 Lauren Row\nJoelhaven, MD 32336',1),(834,'Jeffery Bartlett','1957-10-06','11026 Rebekah Falls Apt. 574\nLake Aaronfort, OH 69198',0),(835,'Karen Santiago','1990-07-29','462 Becky Fords Apt. 362\nKimberlyland, RI 15174',1),(836,'Richard Vaughn','1976-05-29','07351 Richardson Greens\nKathleenborough, KY 88670',1),(837,'Nathan Tucker','2004-03-11','83532 Alexander Pike\nJosephborough, NE 87282',1),(838,'Wanda Nelson','1959-03-02','6341 Clark Circle\nJonesview, CT 47078',0),(839,'Andrew Walker','1956-05-26','USCGC Rodriguez\nFPO AA 77240',0),(840,'Kevin Butler','1994-07-09','Unit 2296 Box 7162\nDPO AE 72045',0),(841,'Matthew Ramos','1977-10-28','905 Daniel Landing\nEast Seanchester, FL 75205',1),(842,'Carl Burns','1979-11-29','21931 Mendoza Ports\nLake Sharontown, MH 41911',0),(843,'Kevin Morales','2005-08-09','USNV Dunn\nFPO AP 75796',0),(844,'Anthony Maddox','1974-06-02','6685 Jones Valleys\nEast Lisamouth, PW 43541',0),(845,'Mrs. Jennifer Martinez','1964-06-10','Unit 2451 Box 8803\nDPO AP 15441',0),(846,'David Flores','1978-09-14','PSC 7175, Box 2190\nAPO AP 11784',0),(847,'Jennifer Miller','1997-07-28','0182 Tom Land Suite 686\nNorth Susanton, SD 10501',1),(848,'Brett Day','1982-06-08','Unit 0056 Box 1401\nDPO AP 50867',0),(849,'Alexander Oliver','2000-09-30','USNV Simpson\nFPO AE 97731',1),(850,'Brandy Hernandez','1963-10-18','380 Robert Divide Suite 577\nDennisview, AL 14595',0),(851,'Scott Arnold','1997-09-28','041 Michael Groves\nPerryhaven, NV 66786',0),(852,'Andrea Rosales','1956-01-02','Unit 0641 Box 9988\nDPO AP 71314',0),(853,'Paul Christian','1973-06-07','4727 Walker Loop Suite 514\nNicholasport, MT 50255',1),(854,'Justin Boone','2003-09-01','1280 Cassie Islands\nNew Wendyhaven, VT 03698',1),(855,'Andrea Patel','2002-10-08','8868 Nguyen Fields Apt. 162\nCrossbury, MN 14764',1),(856,'Steven Smith','1962-05-23','Unit 2568 Box 5364\nDPO AE 26504',0),(857,'Krystal Singh','1956-12-18','Unit 0020 Box 3925\nDPO AE 50317',0),(858,'Brett Hernandez','1988-09-27','427 Evans Brooks\nPort Kelseymouth, VT 58223',1),(859,'Lauren Ruiz','1987-12-03','328 Megan Cove\nNorth Allison, TX 53438',0),(860,'Angela Ware','1960-09-27','327 Robert Meadow\nLake Kyle, VA 18031',1),(861,'Brian Johnson','1996-01-26','64461 Frank Terrace Apt. 000\nKennedyshire, IL 97608',1),(862,'Heather Reese','1982-10-25','1552 Erin Station\nHamiltonland, MP 63744',0),(863,'Mark Montgomery','1958-01-07','650 Heidi Ridge Suite 613\nKimberlychester, TN 48548',0),(864,'Samantha Torres','1956-01-25','3047 Pruitt Trail Suite 816\nNorth Robert, GA 56545',1),(865,'Alex Daniel','1988-08-22','1338 Blair Course\nWest Williamstad, WY 76023',1),(866,'Brandy Haney','1963-04-21','8665 Eric Meadow Apt. 960\nArmstrongberg, AZ 46131',1),(867,'Christopher Sweeney','1956-12-18','874 Wheeler Hills Suite 356\nNorth Brendaside, RI 51615',1),(868,'Vanessa Marshall','2005-07-04','712 Jennifer Oval Apt. 168\nMorganfurt, NE 13452',0),(869,'Cory Murphy','1980-02-22','66680 Elliott Ranch\nEast Taylorburgh, OK 45449',0),(870,'Dr. Debra Oneal DVM','2005-08-22','PSC 7135, Box 4425\nAPO AE 78659',1),(871,'George Scott','1983-03-25','186 Turner Islands Suite 400\nWest Anthonyshire, AZ 74439',0),(872,'Robert Hill','1976-07-11','056 Jennifer Centers\nAmyside, ME 22098',1),(873,'Brian Lin','2002-01-15','6642 Kevin Ways\nRileyberg, PW 39992',1),(874,'Donald Flynn','1967-10-13','0689 Michael Isle Suite 027\nMichaelmouth, NY 04669',0),(875,'Mary Holder','2002-12-11','13998 Ruiz Pines Apt. 832\nLake Jamieport, NM 20231',1),(876,'Thomas Brown','1953-12-03','583 Jeremy Plains Apt. 524\nSouth Caitlin, NE 82645',0),(877,'Carol Robertson','1967-05-24','3839 Michael Road\nStacystad, ID 68144',0),(878,'Heather Walter','1983-09-27','8917 Harris Mills Suite 567\nAlexandraborough, GA 61247',0),(879,'Philip Carter','1954-04-10','8193 Sarah Greens Suite 166\nPort Taylorton, HI 75680',0),(880,'Cynthia Brown','1972-10-23','163 Shepherd Mills Apt. 086\nWilliamhaven, GU 54484',1),(881,'Philip Baker','2000-10-26','20392 Brenda Wall\nLake Deanna, FM 47903',1),(882,'Jonathan Kirby','1980-08-07','145 Julia Court Apt. 220\nEast Amandaside, VT 89879',1),(883,'Matthew Buchanan','1999-02-09','50871 Taylor Road Apt. 882\nWhiteborough, NH 23061',1),(884,'Kenneth Young','1966-07-01','1289 Jerry Trail Apt. 960\nChavezland, NC 77664',0),(885,'Lisa Sloan','1955-09-14','747 Darlene Via Apt. 754\nLoriland, RI 17640',1),(886,'Benjamin Pennington','1978-05-17','5794 Yoder Valleys Suite 669\nPort Michaeltown, IA 51517',1),(887,'Matthew Phillips','1959-05-11','436 Dawn Cliffs Suite 818\nWhitefort, IL 41834',1),(888,'Travis Snyder','1972-07-19','530 Smith Village Apt. 162\nPort Aprilborough, OH 83615',1),(889,'Brandy Moyer','1981-10-23','2509 Townsend Lane Suite 767\nMartinport, VA 50123',0),(890,'Annette Macias','1990-03-31','95240 Russell Key\nPort Luis, OH 28669',0),(891,'Beverly White','1995-06-15','786 Shawn Manors\nLake Robert, PW 61175',1),(892,'Joshua Rogers','2006-05-21','434 Holland Tunnel\nNorth Thomasmouth, WV 96682',1),(893,'Todd Wilson','1978-08-30','4178 Christopher Plains\nNorth Donald, NV 53627',1),(894,'Aaron Dyer','1975-08-23','658 Hannah Lodge Suite 775\nLeonardborough, OR 51449',0),(895,'Dr. Kevin Gardner MD','1970-08-29','2907 Smith Manors\nPaulton, KS 54451',1),(896,'Vanessa Boyd','1956-02-08','6231 Anthony Rest Apt. 546\nRichardbury, NY 61564',1),(897,'Heather Robinson','1988-02-22','874 Susan Passage Apt. 526\nPort Laurie, MH 65747',1),(898,'Rodney Sims','1991-12-19','009 Rebecca Station Suite 617\nAndersonport, GU 49867',0),(899,'Patricia Hall','1976-03-17','1875 Ward Mews Apt. 598\nSouth Reginaldberg, NV 67682',0),(900,'Joshua Johnson','1971-02-11','847 Christopher Trail Suite 975\nNorth Elizabethport, NJ 72018',0),(901,'Miranda Brown','2001-12-14','6813 John Shoal\nLake Jerry, WI 64983',0),(902,'Dawn Cole','1980-08-15','913 Reed Ford Apt. 799\nClarkshire, IL 74374',0),(903,'Stephanie Smith','1969-03-15','7299 Nicholson Street Suite 067\nWalshhaven, NH 50726',1),(904,'Alejandro Scott','1985-03-09','9056 Sarah Via Suite 201\nLake Wendy, NV 09537',0),(905,'Amy Turner','1963-04-20','6477 Hernandez Grove Apt. 585\nJosephshire, DE 36724',0),(906,'Kelsey Martin','1985-06-07','72330 Denise Branch\nShermanland, FL 97674',1),(907,'Brett Morales','1978-07-20','9669 Carpenter Mountain Suite 692\nNorth Ericside, IA 15778',1),(908,'James Gibson','1996-07-11','39454 Dawson Freeway\nLake Angelatown, ND 63467',0),(909,'Charles Jenkins','1963-01-24','2464 Audrey Greens\nRacheltown, NY 39048',1),(910,'Melissa Gonzalez','2001-12-14','1630 Lloyd Springs\nEast Christopherhaven, HI 11324',1),(911,'Erin Diaz','2002-04-13','16182 Watkins Glen\nEast Danielle, WY 78816',0),(912,'Amanda Townsend MD','1988-01-21','775 Perkins Springs\nRhondabury, CT 92849',0),(913,'Michael Lane','1955-06-08','1822 Santana Avenue\nLeonshire, NM 04931',1),(914,'Michael Turner','1981-06-04','57511 Lam Village\nRyanshire, ND 55858',0),(915,'Erin Oneill','1986-01-09','64571 Salazar Centers Suite 016\nHeatherland, PA 68540',0),(916,'Anthony Robinson','1981-08-23','514 Leslie Hollow Suite 283\nSusanstad, MH 96992',0),(917,'Joshua Burgess','1982-09-19','084 Mitchell Inlet Apt. 541\nNatalieland, MH 74853',0),(918,'Dennis Harvey','1993-09-26','869 Jennifer Freeway\nLunahaven, OK 83245',1),(919,'Walter Whitaker','1975-11-14','USS Allen\nFPO AP 63178',0),(920,'Amanda Rodriguez','1984-02-14','765 Moore Station\nEast Katherine, NM 74468',0),(921,'Allen Reed','1959-04-15','815 Cole Crescent\nDanielburgh, MP 65293',0),(922,'Michelle Ferguson','2002-09-22','048 Brown Squares\nNew Scottport, UT 17654',1),(923,'Brittney Young','1990-01-02','395 Courtney Unions Suite 742\nNorth Andrewbury, TN 28721',1),(924,'Nathaniel Murphy','1962-05-22','681 Erica Cape\nEast Kimberlyburgh, OH 23500',0),(925,'Lisa Stone','1988-11-23','554 Carla Extension\nNew Jessicaside, WV 84632',0),(926,'Suzanne Patel','1966-08-01','PSC 1380, Box 0186\nAPO AP 52498',1),(927,'Matthew Caldwell','1961-09-25','Unit 1423 Box 4781\nDPO AE 00868',1),(928,'Alyssa Sims','1955-05-16','39372 Hansen Inlet\nPort Veronicaton, DC 50986',0),(929,'Cindy Johnson','1964-09-16','41717 Kristina Mountains\nHernandezhaven, VT 84530',0),(930,'Sarah Miller','1955-04-02','23838 Kyle Lights Suite 028\nLake Ashley, CA 67603',0),(931,'Elizabeth Pierce','1992-07-04','203 Spencer Trail Apt. 596\nPort Carrieburgh, CO 81763',1),(932,'Megan Cunningham','1967-08-30','USNS Ford\nFPO AE 78516',1),(933,'Joshua Briggs','1958-12-06','04358 Estrada Fork\nWest James, IL 77767',0),(934,'Sarah Cook','1991-03-24','8314 Kevin Green\nDurhamland, PR 37393',0),(935,'Cheryl Chapman','1987-04-18','7904 Marks Mountains Suite 246\nKennedyton, DE 40117',1),(936,'Lisa Jones','2005-01-02','124 Howell Stravenue Apt. 899\nMelissahaven, IL 67633',0),(937,'Kimberly Goodwin','1956-04-30','7591 Bradley Land\nNew Jesusborough, NY 26818',1),(938,'Kimberly Sanchez','1975-08-03','PSC 9648, Box 6365\nAPO AE 86363',0),(939,'Marie Hensley','1991-05-07','9430 Stephanie Crest\nWest Angela, CO 47127',1),(940,'Joel Higgins','1957-04-24','654 Joseph Road\nLake Sarah, NH 73375',0),(941,'Toni Francis','2006-04-16','12865 Daniel Walks\nPort Glenview, AZ 67123',1),(942,'Amy Mcdonald','2004-03-22','393 Soto Drives\nSuzanneland, MH 59442',0),(943,'Matthew Morales','1962-03-12','Unit 3804 Box 6921\nDPO AP 85927',1),(944,'Kathy Love','1960-01-15','269 Gregory Route\nWest Charlesside, TN 75502',0),(945,'Tracy Robinson','1984-12-27','634 Hartman Keys Apt. 925\nLake Christineshire, NE 22294',0),(946,'Matthew Roberson','1962-06-09','7393 Spence Track\nJessicashire, WA 93744',1),(947,'Susan Paul','1986-09-23','4086 Morgan Plain\nCorymouth, NC 02612',1),(948,'Jeffrey Morrow','1973-05-07','783 Rachael Ridges\nPort Marcusburgh, VI 92819',0),(949,'Christopher Williams','1988-04-04','8086 Garcia Flats\nEast Kathleenshire, IN 62520',1),(950,'Mr. Jason Peterson Jr.','2004-07-23','1917 Alexis Inlet\nNew Sheri, MN 46100',0),(951,'David Conway','1990-12-31','1719 Richard Court\nNew Erin, NM 02308',1),(952,'Traci Hernandez','1960-06-03','9683 Steven Mountain Suite 160\nJohnmouth, FL 67820',0),(953,'Alyssa Solomon','2002-11-27','PSC 0915, Box 7535\nAPO AE 80976',1),(954,'Brandon Berry','1969-09-21','562 Long Turnpike Apt. 735\nWest Tracychester, NC 65635',1),(955,'Austin Torres','1978-07-26','497 Thomas Field Apt. 428\nMelissafort, MD 11617',0),(956,'Nathaniel Moreno','1976-08-05','394 Denise Springs Apt. 618\nCurtisfurt, MI 37423',1),(957,'James Koch','1954-01-30','770 Monica Parkways Apt. 523\nWest Davidborough, VI 18482',1),(958,'Anthony Lopez','1988-01-21','19508 Taylor Trafficway Suite 264\nLake Hollytown, MA 28558',0),(959,'Roberto Bean','1990-11-12','71276 Goodman Motorway\nPort Sarahton, WY 98583',0),(960,'Gary Ellison','1970-03-03','Unit 4891 Box 7200\nDPO AA 84625',1),(961,'Amy Watkins','1959-02-15','895 Jeremy Avenue\nNew George, CA 81175',1),(962,'Samantha Hernandez','1975-07-20','Unit 2083 Box 3580\nDPO AE 62828',0),(963,'Michael Walsh','2001-04-30','7074 Sierra Points\nWest Roberthaven, VT 95605',0),(964,'Daniel Frye','2001-04-02','9283 Tate Turnpike\nScottmouth, IA 61853',1),(965,'Tracie Pollard','1993-05-14','6462 Vasquez Ports Suite 277\nRogerstad, SC 36090',0),(966,'Ann Howard','1992-08-11','7818 Perry Junctions\nHendersonshire, OH 31849',1),(967,'Tanner Hernandez','1964-01-05','44967 Stanley Roads Apt. 531\nKatherinehaven, FM 01808',0),(968,'Nicole Nguyen','2001-05-17','5066 Sherri Road Suite 371\nChasetown, MD 01030',1),(969,'Joseph Herrera','1962-01-11','440 Reeves Port\nBiancafurt, NJ 21378',0),(970,'Diamond Williams','1960-05-18','274 John Corner Suite 410\nRachelshire, ME 03079',1),(971,'Dr. Whitney Rice','1984-01-21','01132 Anderson Orchard Apt. 773\nZacharymouth, DE 58763',1),(972,'Brian Fuentes','1998-03-09','1455 Lindsey Knoll Apt. 748\nPort Daniel, ME 71646',1),(973,'Beverly Hensley','1964-08-05','7990 Garcia Street Apt. 252\nNorth Thomashaven, CT 93044',1),(974,'Joanna Becker','1992-05-04','29232 Alisha Throughway Apt. 740\nSouth Jenniferport, NE 07220',0),(975,'Lisa Campbell','1989-02-24','3474 James Crest\nNorth Breanna, TN 64134',1),(976,'Mark Beck','1960-01-20','38328 Joel Shores Apt. 325\nWest Rachelshire, MP 89750',0),(977,'Destiny Fitzgerald','1973-12-02','0373 Taylor Coves Suite 156\nNew Rebeccaside, WA 31795',0),(978,'Kimberly Moore','1955-01-14','975 Compton Crossroad Suite 795\nLake Jillianburgh, IL 66006',0),(979,'Steven Orr','1985-02-26','8861 Michael Points\nChristophermouth, TX 55056',1),(980,'Michael Moore','2004-02-09','650 Miguel Viaduct Apt. 672\nDavidsonbury, MO 83148',1),(981,'Sarah Salazar','1991-06-23','1382 Vaughn Skyway Apt. 339\nSilvaton, ND 40750',1),(982,'Zoe Crawford','1987-09-21','Unit 4273 Box 4515\nDPO AA 24684',0),(983,'Deborah Richardson','1998-11-04','7468 Byrd Inlet\nWest Frank, DE 73534',1),(984,'Christopher Rivera','1998-06-11','90941 Maria Port\nPort Craig, WA 63127',0),(985,'Courtney Cook','1978-05-18','4338 Tiffany Port\nEast Benjaminside, GA 04151',1),(986,'Daniel Gonzalez','2001-05-19','84583 Rodriguez Dam Apt. 425\nLake John, NH 99578',0),(987,'Shaun Vasquez','1993-04-01','014 Janet Drives Suite 060\nVeronicaview, NY 32528',1),(988,'Frank Jennings','1964-05-15','6732 Janice Villages Apt. 157\nMezaport, AL 47331',0),(989,'Shannon Calhoun','1989-06-22','2444 Harrington Spur Suite 598\nEast Donna, OK 89172',1),(990,'Mr. Don Russell PhD','1979-03-15','3062 Robert Spur\nCaldwellmouth, IA 86017',0),(991,'Ellen Padilla','1958-01-09','14611 Lee Divide\nNew Kimberlymouth, WI 10206',0),(992,'Jamie Phillips','1958-10-06','USNV Alvarez\nFPO AE 68074',1),(993,'Trevor Blackwell','2005-04-07','510 Tina Union\nPattyfurt, ND 72152',0),(994,'Jeremy Pierce','1962-04-03','88996 Downs Cliffs\nLake Marcusport, VA 35023',1),(995,'Ebony Watkins','1967-07-18','Unit 5794 Box 6546\nDPO AE 41131',1),(996,'Michael Cherry','1960-10-28','7311 Escobar Ridges\nWest Lori, MA 13128',0),(997,'Kylie Gilbert','1979-03-13','05888 Bernard Shores\nPort Rebecca, PW 84558',1),(998,'Mark Miller','1973-09-10','00601 Brett Plaza\nNorth Chelseyburgh, WI 14846',1),(999,'Kirk Armstrong','1974-10-24','USNV Stuart\nFPO AE 79918',0),(1000,'Kristin Anderson','1998-06-21','23182 Mccoy Trail Apt. 371\nWendymouth, WY 17963',1),(1001,'Elizabeth Ryan DVM','1989-09-17','2114 Aaron Glens\nMorrisberg, UT 03107',1),(1002,'Joel King','1996-07-14','26547 Castro Summit\nEast Cody, GA 93587',0),(1003,'Deborah Garcia','1955-12-21','990 James Drive Apt. 377\nTylerview, NY 11679',1),(1004,'Brianna Boone','1972-05-07','USNS Higgins\nFPO AA 77778',0),(1005,'Carmen Smith','1983-01-26','0503 Blair Avenue\nPerezchester, OK 08316',1),(1006,'Bryan Lopez','2000-05-31','21647 Corey Squares Suite 714\nSarahville, NC 15982',0),(1007,'Juan Smith','1963-07-10','7333 Graves Lane\nPort Michaelchester, AL 72955',1),(1008,'Erika Davis','1981-09-04','35495 Sharon Common Apt. 613\nDuranhaven, NH 63980',0),(1009,'Mary Hobbs','1982-05-04','0039 Salas Forest Suite 405\nDavidshire, NY 28919',0),(1010,'Carolyn Howard','1984-12-19','99719 Joseph Square\nKariborough, IA 06030',0),(1011,'Judy Hill','1974-05-21','461 Garcia Prairie Suite 562\nNorth Maryton, MP 54351',1),(1012,'Christopher Hanson','1986-07-18','0238 Juan Well Suite 186\nNorth Jameschester, MS 37186',1),(1013,'Anna Wilson','1998-08-30','888 Brianna Key Suite 268\nWoodshaven, MN 80495',0),(1014,'Amber Bennett','1973-01-18','222 Matthew Crescent\nNew Christophermouth, OK 27694',0),(1015,'Dr. Russell Keller','1958-06-17','8446 Dana Stravenue Apt. 007\nLake William, MT 15084',0),(1016,'Sophia Ortega','1990-09-27','1014 Robertson Ford Apt. 632\nPort Ryanmouth, NM 24232',1),(1017,'Christina Williams','1968-02-09','80405 Lynn Rapid\nSharonfort, MI 55986',0),(1018,'Jennifer Willis','1974-09-30','021 Ashley Street Apt. 128\nLake Paul, SC 31078',1),(1019,'Ana Carroll','1970-03-14','7250 Matthew Ports Apt. 772\nSouth Rebecca, MO 23694',0),(1020,'Ashley Smith','2000-02-14','780 David Summit Apt. 246\nPort Leah, KS 32818',1),(1021,'Kristin Gamble','1998-09-05','2808 Anna Ridges Suite 594\nEast Phillipchester, MH 20176',0),(1022,'Danielle Rivera','2002-04-03','Unit 5254 Box 5744\nDPO AE 88881',1),(1023,'Sherry Vazquez','1983-09-11','521 Cindy Drives\nNorth Sandra, MS 21321',0),(1024,'Connie Bailey','1954-12-16','2960 Fleming Lock Apt. 655\nMarybury, PA 86892',0),(1025,'Alexander Scott','1993-04-19','535 Christy Creek Apt. 893\nNew Adam, NM 79889',1),(1026,'Linda Adams','1978-12-29','9692 Hansen Tunnel\nRonaldport, MA 59524',1),(1027,'Chad Mcmillan','2004-12-16','115 Justin Islands\nLopezbury, WV 15870',0),(1028,'David Jennings','1992-06-07','09248 Mason Run Apt. 679\nJacobmouth, ND 55733',1),(1029,'Robert Jones','1954-07-01','14461 Taylor Squares\nNicoleview, SD 12054',1),(1030,'Kayla Guzman','1962-07-28','PSC 1395, Box 2622\nAPO AP 48009',1),(1031,'Brian Campbell','1962-12-22','44301 Kyle Parkway\nLake Jamesstad, PA 31488',1),(1032,'Omar Cooper','1962-05-23','0738 Rivera Circles Apt. 178\nPaulborough, RI 54370',0),(1033,'Robin Burns','1995-02-20','3645 Watson Valleys\nHarrismouth, NC 11507',1),(1034,'Erik Todd','1993-11-12','380 Lisa Flat Suite 466\nPort Devon, AL 05822',0),(1035,'Robert Miller','1986-11-15','061 John Court\nBreannafurt, TX 54626',0),(1036,'Matthew Mosley','1990-02-19','Unit 3361 Box 0036\nDPO AE 26148',0),(1037,'Jose Olson','1996-02-29','0036 Conrad Way Apt. 260\nNew Davidshire, IL 66368',0),(1038,'Jonathan Weaver','1979-01-12','0463 Williams View\nNorth Sydney, WV 38965',0),(1039,'Daniel Dickerson','1959-07-19','680 Denise Corner Suite 312\nGarychester, TX 90789',0),(1040,'Kylie Rodriguez','2003-08-16','7346 Ramos Row\nLake Anthonyberg, AZ 98196',0),(1041,'Brandon Mills','1968-08-20','1293 Kristine Pike Suite 650\nJohnsonfort, SD 95494',0),(1042,'Theresa Williams','1992-12-01','37081 Hayes Village\nNew Ariel, IL 27802',1),(1043,'John Rivera','1998-11-09','94957 Joshua Ramp Apt. 116\nMcdonaldborough, ND 34418',1),(1044,'Michael Bryant','2000-08-10','06727 Rasmussen Street\nPort Julieside, MS 03139',0),(1045,'Kevin Weber','1980-11-21','USNS Mcmahon\nFPO AP 19709',0),(1046,'Jennifer Edwards','1965-01-03','36168 Matthew Ford Apt. 888\nLake Richard, HI 32991',1),(1047,'Paul Allen','1980-08-27','PSC 6129, Box 6406\nAPO AP 56661',0),(1048,'Shawn Brown','1976-11-03','5100 Dixon Alley Suite 946\nPort Anita, DC 26211',0),(1049,'Tamara Evans','1972-01-04','9036 Brown Pass\nPort Patrickshire, SC 96894',0),(1050,'Peter Martinez','1964-09-20','82876 Joyce Pike\nLake Sheila, CT 32400',1),(1051,'David Chandler','1991-10-04','859 Wright Valleys Suite 874\nWest Cynthia, GU 23515',0),(1052,'Cody Wallace','1982-04-05','17125 Richard Divide\nScottport, MO 26257',0),(1053,'Elizabeth Guerrero','1997-04-27','9670 Mike Garden\nManningborough, GU 80543',0),(1054,'Timothy Barker','1987-10-04','5173 Kaitlyn Circles\nLake Brianfurt, RI 03700',0),(1055,'Scott Garcia','1999-11-07','PSC 2885, Box 5922\nAPO AE 38631',1),(1056,'Mr. Kevin Johnson','1979-02-06','0161 Kelly Stravenue Apt. 223\nWest Davidmouth, AZ 02230',0),(1057,'Jennifer Johnson','1991-04-22','887 Dana Glens\nLake David, NJ 92553',1),(1058,'Tasha Johnson','1983-02-27','00357 Amy Creek Apt. 575\nHeidifort, OH 78379',1),(1059,'Jerome Johnston','1986-03-18','3742 Lindsay Route Apt. 301\nPort Robertport, MD 94822',0),(1060,'Anna Cook','1978-08-16','7899 Collins Land\nCampbellstad, PR 98879',0),(1061,'Dawn Shea','1982-08-19','PSC 1145, Box 0044\nAPO AA 55353',1),(1062,'Shaun Rogers','1986-03-07','54733 Wilson Dam Apt. 318\nPort Rose, MI 55756',0),(1063,'Timothy Bishop','1967-04-25','6658 Roberts Street\nChandlerton, NJ 13345',0),(1064,'Andrew Oneill','1992-11-26','2789 Melissa Circle\nParsonsside, CT 48622',0),(1065,'Christopher Wright','1994-03-17','87151 Melinda Roads\nJasmineshire, VT 86229',0),(1066,'Alexis Ortega','1992-07-26','23021 Park Brook Apt. 096\nSouth Kristinamouth, MP 32258',1),(1067,'Cindy Miller','1980-04-15','7112 Hunter Key Suite 655\nDennisborough, IA 46576',1),(1068,'Benjamin Le','2000-03-29','4982 Ryan Mount Suite 552\nCraigburgh, MH 57588',1),(1069,'Jessica Hoffman','1981-05-31','849 Stephen Ridge Apt. 278\nSavageport, AS 29565',0),(1070,'Francis Porter','1983-10-24','915 Noble Tunnel Suite 998\nPort Erika, CA 12671',1),(1071,'Antonio Richards','2002-10-30','Unit 6150 Box 6584\nDPO AP 51247',1),(1072,'Stephanie Lynch','1989-10-05','033 Reynolds Gateway Suite 485\nDeantown, OR 23889',0),(1073,'Daniel Williams','1962-12-19','21384 Wade Estate Suite 027\nMartinezville, SD 45572',1),(1074,'Zachary Bryant','1967-02-09','50813 Green Trail\nPort Terrance, UT 92663',1),(1075,'Ashley Choi','2000-08-26','62341 Thomas Alley Apt. 230\nLake Joseph, MS 88518',0),(1076,'Diana Neal','1959-08-11','9364 Hughes Trail\nPort Marissa, CT 08746',1),(1077,'Jeffrey Dominguez','1991-08-15','76790 Jodi Brooks\nLake Michaelville, DE 76019',0),(1078,'Christopher Barry','1958-05-18','6515 Arnold Squares\nEast Ericabury, IA 00920',1),(1079,'Amy Sanchez','2006-10-30','118 Duane Creek\nEast Carriebury, VT 11101',0),(1080,'David Edwards','1968-04-27','721 Mcbride Brooks Suite 031\nDanaburgh, OR 43845',0),(1081,'Jessica Crawford','1971-05-23','60738 Ferguson Fields Suite 351\nMariahmouth, AK 31118',0),(1082,'Cindy Cooper','1961-03-10','7040 Kimberly Parkways\nPort Codyborough, DC 08279',0),(1083,'Yvette Norman','1985-03-26','PSC 4905, Box 6929\nAPO AP 12814',1),(1084,'Deanna Smith','2004-09-25','509 Page Streets Suite 078\nBettystad, NE 38123',0),(1085,'Michael Whitaker','1982-11-20','436 Garcia Drive\nLake Derrick, HI 28446',1),(1086,'Thomas Young','2004-11-12','5263 Rodriguez Land Apt. 066\nCampbellville, GU 29541',1),(1087,'Cynthia Irwin','1983-06-28','USNV Hudson\nFPO AA 84969',0),(1088,'Michelle Ross','1979-03-02','352 Obrien Turnpike\nDanielton, AR 18648',0),(1089,'Briana Jimenez','1968-05-04','924 Flynn Knolls\nNew Darrylberg, AK 97185',0),(1090,'Seth Cortez','1987-07-08','91061 Wendy Forest Apt. 973\nWest Jamesview, MN 39474',1),(1091,'Andrew Fields','1960-03-01','123 White Crossroad\nSouth Robert, SC 47750',1),(1092,'Richard Ballard','1977-04-22','0482 Solis Port Apt. 887\nJacksonland, TN 72656',0),(1093,'Charles Peterson','1976-10-14','9913 Smith Road Suite 664\nElizabethview, VA 44869',0),(1094,'Emily Mayer','2006-11-02','4951 Robinson Trail\nLake Amyside, MT 94586',0),(1095,'Bailey Anderson','1973-06-14','9548 Mary Flat Suite 712\nEast Stephen, UT 23650',0),(1096,'Tina Gilbert','1973-12-11','021 Anthony Corner Suite 988\nLake Lindseyside, OH 67189',0),(1097,'Elizabeth Perez','1957-01-07','0305 Paul Causeway\nNorth Jessica, CA 91395',0),(1098,'Joanne Anderson','1978-09-19','52841 Henry Ville\nMichaelfurt, TX 60705',0),(1099,'Regina Cooper','2000-11-10','014 Stephanie Land Apt. 630\nStaceyville, MP 39926',0),(1100,'Anthony Johnson','1968-10-31','0389 Donald Rest Suite 176\nNew Thomas, MI 16611',0),(1101,'Kimberly Sanders','1966-03-10','5760 William Station Suite 513\nSouth Jamesfort, VA 74198',1),(1102,'Patrick Martin','1982-04-04','627 Susan Mall\nWest Kathyshire, AL 33221',1),(1103,'Kimberly Crawford','1966-01-24','884 Deborah Station\nMichaelshire, NC 21350',0),(1104,'Ashley Adams','1962-12-18','680 Bethany Mount Suite 430\nLake Maxchester, FL 78754',1),(1105,'Gilbert Oconnell','1993-12-19','9910 Jennifer Orchard Apt. 781\nEast Jessicashire, ID 52567',1),(1106,'Jeremy Marquez','1984-01-25','88126 Michael Crossroad\nEast Charlesfort, PA 73380',0),(1107,'Carla Ray','1994-10-26','5619 Kristin Shores Apt. 709\nSmithstad, AR 88021',0),(1108,'Shelley Smith','1986-12-09','9747 Gutierrez Brook\nWest Virginia, NJ 08930',0),(1109,'Charles Barber','1974-06-22','96855 Acosta Mountain\nSouth Helenmouth, MA 98069',0),(1110,'Michael Hernandez','1966-09-18','3318 Morgan Mission Suite 033\nSouth Keith, MA 61587',1),(1111,'Jonathan Watts','1956-07-06','63970 Mendoza Flat Apt. 817\nJosephshire, RI 76592',1),(1112,'Nicholas Johnson','2001-03-11','337 Leslie Station Suite 446\nDeborahmouth, OH 54450',0),(1113,'Patrick Chang','1985-12-16','39258 Dunn Shores Suite 083\nPricechester, NM 99474',0),(1114,'Lee Crawford','1992-08-19','47781 Hernandez Hollow Apt. 950\nEllismouth, DE 38488',1),(1115,'Lauren Robbins','1992-01-23','33463 Dana Garden\nWest Joestad, MS 46587',1),(1116,'Lori Frost','1972-07-21','10277 Michael Mall Suite 062\nLindachester, UT 77980',0),(1117,'Justin Harrington','1959-09-18','74781 Christina Port Suite 020\nNorth Davidville, MI 11974',0),(1118,'Mark Coleman','1959-07-27','988 William Terrace\nNorth Marissa, KS 19136',0),(1119,'Katelyn Rodriguez','1997-11-13','98325 Davis Springs Suite 940\nWest Jamesville, MP 77561',1),(1120,'Bethany Lee','1980-06-20','7937 Mathis Manors\nWest Nicholastown, AL 71259',0),(1121,'Alan Charles','1963-01-08','0239 Martinez Turnpike Suite 935\nNorth Aaronstad, MH 13097',0),(1122,'Stephen Nichols','1995-06-27','8560 Herrera Crescent\nLaurenburgh, CO 49237',0),(1123,'Suzanne Warren','1985-11-01','Unit 7440 Box 0745\nDPO AP 13120',1),(1124,'Sabrina Miles','1963-12-27','09578 Michael Forest Suite 421\nEast Joshua, TN 66934',1),(1125,'Tiffany Calderon','1987-09-02','73230 Robin Locks Suite 323\nEast Amy, MD 50837',1),(1126,'Madison Stafford','1979-12-25','36080 Williams Parkway\nStevenland, MA 95943',1),(1127,'Brittany Hudson','1995-09-21','722 Wood Trace Suite 382\nFordchester, MO 37614',0),(1128,'Melanie Torres','1962-03-08','2242 Gonzalez Well\nLake Michelle, CO 45328',0),(1129,'Samantha Hood','1981-08-07','8767 Christie View Apt. 861\nNorth Johnborough, DE 85217',0),(1130,'Scott Hunt','2001-07-11','USS Snyder\nFPO AP 07620',0),(1131,'Carlos Nichols','1966-01-31','341 Eric Square\nMillerfurt, AL 24947',1),(1132,'Alexander Salazar','1971-12-23','7871 Kayla Forge Apt. 722\nEast Lisa, GU 48341',1),(1133,'Kimberly James','1955-03-22','191 Anderson Manors\nMatthewland, MN 23552',1),(1134,'Jessica Manning','1971-04-22','95244 Cooley Junctions Apt. 772\nAndrewborough, CA 97919',1),(1135,'Eric Young','2005-07-18','670 Mason Tunnel Apt. 128\nCoreyfurt, MH 02608',1),(1136,'Joshua Cobb','1975-09-14','9091 Crystal Path\nMitchellland, UT 73061',0),(1137,'Makayla Larson','1959-01-17','54959 Michael Mall\nSouth Joshuachester, PR 89358',1),(1138,'Sarah Lara','2006-01-27','88625 Vincent Lights\nDodsonstad, DC 97378',0),(1139,'Lance Day','1968-01-14','USS Price\nFPO AP 51818',1),(1140,'Ricky Carter','1979-07-03','836 Mccormick Extension\nBrianburgh, ND 48161',0),(1141,'Jessica Estrada','2002-12-04','323 Turner Ports Suite 720\nNew Timothyhaven, ID 36563',0),(1142,'Austin Drake','2003-03-04','614 Alexis Pike Suite 002\nWest Justin, MT 16586',0),(1143,'Tammy Calhoun','1967-04-19','1075 Wesley Spring\nJosephberg, MP 60465',1),(1144,'Taylor Le','1994-01-24','2776 Collier Port\nKennedyshire, IL 84081',0),(1145,'Scott Dodson','2000-03-25','7532 Emily Mall\nSouth Timothy, AZ 38445',1),(1146,'Andrew Myers','1994-03-21','412 Mitchell Ports Suite 563\nLisatown, PW 95760',0),(1147,'James Vargas','1986-10-27','52377 Webb Forges Suite 152\nAmandahaven, SD 58267',1),(1148,'Eric Larsen','1990-04-18','7373 Howard Ports\nScottborough, RI 91302',1),(1149,'Dawn Ingram','1985-06-18','770 Teresa Streets\nNorth Savannah, MO 78318',0),(1150,'Heather Clarke','1962-05-25','7862 David Island Apt. 950\nNorth Lindachester, UT 53614',0),(1151,'Nicole Pacheco','1988-11-05','517 Amanda Junction Apt. 000\nSouth Larryhaven, WV 58579',1),(1152,'Christopher Lucero','1994-11-01','997 John Plains Suite 817\nSouth Conniefurt, IL 26835',0),(1153,'Christopher Mills','1991-02-13','4653 Andrew Shore\nMartinside, MI 32473',0),(1154,'Robert Mason','1972-09-18','9025 Charles Spurs\nLake Yolandastad, NM 18019',1),(1155,'Taylor Harris','1971-06-08','2561 Debra Junctions Apt. 743\nSouth Albert, SC 51225',1),(1156,'Anthony Nelson','1998-10-21','568 Gary Meadow Apt. 991\nEast Ronald, LA 57602',0),(1157,'Jesus Martin','1955-04-20','2559 Robert Lakes\nLake Trevor, NC 27643',0),(1158,'Jose Barry','1983-05-12','4290 Janice Skyway\nWayneberg, TX 42656',0),(1159,'Janet Pollard','1958-04-02','35132 Jennifer Passage Apt. 188\nLake Katherine, GU 20395',1),(1160,'Dawn Mercer','1964-03-24','9491 Hansen Mount\nLake Katherine, DE 18916',0),(1161,'Tim Kennedy','1968-08-26','404 Stephanie Bypass\nKevinbury, NE 18212',0),(1162,'Kevin Taylor','1985-03-15','1218 Stevens Streets\nKimberlystad, DE 62899',0),(1163,'Richard Young','1966-01-02','02018 Patrick Streets\nElizabethstad, TN 99584',0),(1164,'Marcia Sullivan','1973-04-09','64176 Tyler Gateway\nFergusonborough, ME 64744',0),(1165,'Sharon Brown','1998-09-13','USNV Russo\nFPO AA 79144',0),(1166,'Jill Romero','2000-04-24','17403 Riley Station\nNorth Kathleenland, WY 58056',0),(1167,'Katherine Kramer','1956-10-27','43632 Moss Plaza Apt. 062\nSaundersmouth, KY 99023',0),(1168,'Travis Johnson','1958-12-10','USNV Smith\nFPO AP 49534',0),(1169,'Curtis Johnson','1974-11-24','155 Branch Lights Apt. 543\nEast Amy, DC 72203',0),(1170,'Joseph Davis','1984-07-22','401 Morales Estate Suite 492\nSmithmouth, IN 74363',1),(1171,'John Holmes','1998-03-25','685 Perkins Island\nEast Sandramouth, SD 03245',0),(1172,'Derek Becker','1973-06-11','006 Jones Lane\nPort Vanessabury, CA 92239',1),(1173,'Kathleen Brown','1956-10-05','38186 Elizabeth Land\nSherrishire, IN 93944',1),(1174,'Jonathan Ellis','1993-01-02','1306 Ray Prairie\nElliston, MP 20378',0),(1175,'Jennifer Miller','2000-07-26','6876 Kathryn Station Apt. 012\nRichardfort, TX 47426',1),(1176,'William Meza','1963-08-13','071 Newman Rapids\nDavidhaven, MS 33088',1),(1177,'Collin Smith','1996-07-14','548 Brenda Courts\nEast Jennifer, AK 86897',1),(1178,'Melissa Jenkins','2003-12-15','431 Christine Common\nPort Patrick, NM 41364',1),(1179,'Jeremy Maddox','1982-12-15','549 Eric Garden Apt. 398\nSmithfurt, VA 61061',1),(1180,'Michael Ryan','1964-11-02','314 Laura Stravenue\nLake Tracy, WV 21405',1),(1181,'Bryan Yang','1972-05-17','26500 Jasmine Islands\nSouth Christopher, ND 33382',1),(1182,'Linda Gonzales','1997-08-25','8562 Wilson Ramp Apt. 511\nNorth Katherine, DE 88817',1),(1183,'Andrew Ward','1977-11-11','PSC 4391, Box 8939\nAPO AE 78684',0),(1184,'Michael Mcdowell','1964-09-13','005 Gregory Curve\nLake Danieltown, NC 55863',0),(1185,'Jennifer Brewer','1982-01-01','46384 Rachael Fort\nPort Christian, IL 51137',1),(1186,'Roger King','1995-07-26','21686 Tanya Ville Suite 644\nEmilyport, AR 12793',0),(1187,'Melissa Flores','1990-06-16','059 Tony Spur\nNguyenside, MO 60930',1),(1188,'Robyn Graham','1995-12-30','2291 Brown Greens\nCaseystad, AZ 02705',1),(1189,'Amanda Martinez','1973-07-22','8330 Martinez Land\nLake Andre, WA 88806',1),(1190,'Terri Guerra','1970-03-10','257 Mosley Passage Suite 095\nJacksonton, FM 00576',0),(1191,'Dustin Mathews','1984-05-23','USS Castro\nFPO AP 38538',1),(1192,'Jennifer Mullen','1967-11-25','980 Leslie Fields\nSouth Tylertown, DC 91645',1),(1193,'Charlotte Sandoval','1968-08-15','25628 Sharon Neck Apt. 911\nElliottville, ID 51721',1),(1194,'Christina Blair','1986-10-21','9138 Hall Center\nTinaside, MS 90026',0),(1195,'Tyler Brooks','1960-04-18','053 Curtis Lodge\nLake Jimchester, MO 26383',1),(1196,'Julian Johnson MD','1997-07-20','26507 Marie Lane\nBrendaville, AZ 52133',1),(1197,'Heather Williams','1981-11-11','972 Sean Throughway\nWest Brandi, NY 55750',1),(1198,'Sean Curtis','1986-03-24','0800 Molina Prairie Apt. 725\nJasmineland, NH 31002',0),(1199,'Donald Hernandez','2003-10-30','58837 Melissa Flats Apt. 725\nNew Alexander, VI 15894',0),(1200,'Sarah Abbott','1972-01-05','USS Palmer\nFPO AP 47627',1),(1201,'Alisha Moore','1968-11-02','528 Lisa Lodge\nNorth April, MI 92098',0),(1202,'Jennifer Chapman','1993-09-11','7547 Thomas Creek Suite 334\nJeanhaven, DC 07743',0),(1203,'Walter Christian','1957-10-30','078 Webb Underpass Suite 592\nHowellchester, SD 02862',0),(1204,'Savannah Smith','1977-01-10','5148 Carrie Valleys Suite 798\nLake Jenniferberg, ME 53684',1),(1205,'Amanda Caldwell','1974-07-16','37511 Campbell Curve\nBlacktown, VI 91027',0),(1206,'Bethany Hunt','1972-10-10','USNS Hamilton\nFPO AE 89369',0),(1207,'Richard Brooks','1989-07-07','1736 Wilkerson Roads\nPort Ericmouth, GU 96667',1),(1208,'Micheal Oliver','1990-11-20','14792 Baker Parkways\nSouth Joe, PA 83696',0),(1209,'Jamie Le','1998-02-09','PSC 4412, Box 9967\nAPO AP 99870',0),(1210,'Jessica Carter MD','1992-05-03','321 Gallagher Turnpike Suite 190\nNorth Donaldport, NC 86514',1),(1211,'Kathleen Rodriguez','1970-11-22','96307 Beard Grove Apt. 469\nNew Annette, WA 26996',1),(1212,'Terrance Carter','1954-02-25','627 Tiffany Crossroad Suite 079\nNew Peterberg, MN 36559',1),(1213,'Karen Barker','1963-10-25','45891 Parsons Stravenue\nLake Julieshire, OH 94901',0),(1214,'Ryan Padilla','1989-02-06','73395 Campbell Dam Suite 447\nMilesfurt, WA 70897',0),(1215,'Randy Walker','1996-10-15','51987 Kim Estates Suite 978\nMasonburgh, MI 89435',1),(1216,'Jenna Perez','1998-07-02','26324 Meyers Mountains Apt. 332\nJonesfurt, SD 56826',1),(1217,'Karen Middleton','1987-03-06','1130 Melvin Parkways Suite 060\nNorth Richard, MP 09244',0),(1218,'Marissa Lewis','1960-12-25','USNV Watts\nFPO AP 56752',0),(1219,'John Guerra','1985-03-07','4882 Tate Forges\nNew Williamton, PR 54916',0),(1220,'Steven Jennings','1962-04-18','991 Martinez Spurs\nLake Elizabethton, TX 66934',1),(1221,'Michelle Chan','1988-04-19','1688 Sarah Spur\nWest Michaelburgh, NM 03544',0),(1222,'Becky Brandt','1968-06-27','8148 Lopez Key\nLoribury, OR 36217',1),(1223,'Jimmy Brooks','1971-09-27','993 John Course\nJohnsonton, PW 46985',0),(1224,'Michelle Daniels','1982-06-24','9805 Thomas Mountain Suite 175\nRobinsonchester, MS 92638',1),(1225,'Caitlin Garza','1969-11-23','93331 Jamie Fort Suite 310\nLake Anthonymouth, AL 75776',0),(1226,'Amanda Franklin','1974-11-04','071 Gary Via\nAndersonhaven, HI 80375',0),(1227,'Michael Leonard','1954-02-03','646 Rush Canyon\nSmithtown, KS 72070',1),(1228,'Mario Wagner','2004-04-10','PSC 2754, Box 1909\nAPO AP 50159',0),(1229,'Anthony Adams','1958-01-11','686 Campbell Mall\nPort Matthewborough, NC 56721',0),(1230,'Justin Thomas','1977-06-25','09069 Adams Route\nHarrellside, MI 54542',1),(1231,'Jennifer Torres','1964-04-16','USNS Bell\nFPO AE 66432',1),(1232,'John Lee','1969-11-06','4733 Ward Station\nNicolehaven, MI 03087',1),(1233,'Crystal Peters','1993-06-01','505 Lauren Rest\nNew Scottstad, IA 98833',1),(1234,'Amy Morris','1962-06-03','263 Richard Streets\nPort Jillianport, NC 22130',1),(1235,'Robert Daniel','1990-07-31','397 Danielle Knolls\nAguilarfort, MH 49633',0),(1236,'Dominique Wall','1970-06-05','6845 Harmon Fork Suite 395\nWest Cheryl, NY 55332',0),(1237,'Brandy Odom','1999-01-06','177 Montoya Keys Apt. 373\nNicholasberg, NE 84733',0),(1238,'Kayla Nelson','1975-12-14','32961 Chan Points\nNew Paula, NE 85120',1),(1239,'Caleb Brewer','1991-06-11','27613 Clark Gateway\nWest Mia, PW 33164',0),(1240,'Patricia Martinez','1976-12-17','32107 Martinez Run\nMarcusburgh, CO 94313',1),(1241,'Mary Brown','1989-10-06','4789 Brittany Island Apt. 260\nWilliamshaven, AK 17229',0),(1242,'Rebecca Randall','1966-04-20','40225 Patel Groves\nWalkerhaven, MH 60626',1),(1243,'Ashley Smith','1963-01-01','180 Arroyo Radial\nWilliamport, SC 26385',0),(1244,'Danielle Higgins','1960-03-16','313 Watkins Glen Suite 346\nWest Jeffrey, MD 81144',1),(1245,'Debra Smith','1966-10-14','52422 Angela Lakes\nCampbellhaven, MN 61802',0),(1246,'Charles Pace','1991-10-13','4666 Linda Square\nTracymouth, CA 42660',0),(1247,'Elizabeth Garcia','1954-01-31','957 Russell Burgs\nPort Joshua, MS 38527',0),(1248,'Henry Kelly','1966-10-29','25925 Martinez Spurs\nRobertotown, GA 15666',0),(1249,'Bradley Leach','2002-04-27','289 Roberts Underpass\nRandallview, PW 55794',0),(1250,'Michael Francis','2004-08-03','59623 Jones Mall Apt. 677\nRobinborough, TX 96990',0),(1251,'Mary Arnold','1960-02-05','78702 Singleton Islands\nAlexandertown, TN 33329',1),(1252,'Julia Johnson','2003-12-15','083 Jennings Shoal Suite 109\nAnnetteside, CT 55186',1),(1253,'Daniel Jones','1955-12-30','6521 Christopher Roads Apt. 398\nSouth Tracie, OH 14765',0),(1254,'Richard Ellis','1956-09-05','83544 Helen Spring\nPort Robert, GU 93475',0),(1255,'Natalie Smith','1957-11-07','903 Marquez Rue\nWest Troy, LA 79031',0),(1256,'Maria Wilson','1960-08-24','3225 Mcdowell Loop Apt. 398\nNorth Kellistad, PW 55235',0),(1257,'Angela Arnold','2003-01-21','5221 Garza Isle\nNorth Matthew, NV 65899',0),(1258,'Matthew Smith III','1994-10-06','USCGC Allen\nFPO AP 11429',0),(1259,'Melissa Sanchez','2004-12-31','07309 Acosta Viaduct\nJanetland, VI 60237',0),(1260,'Gina Pearson','1999-12-16','Unit 4467 Box 6402\nDPO AA 90423',0),(1261,'Brian Garcia Jr.','1963-04-02','10479 Gregory Knolls\nEricastad, WI 29008',0),(1262,'Christopher Bond','1993-07-07','PSC 7173, Box 0642\nAPO AP 74124',0),(1263,'Robert Nelson','2003-02-10','58390 Mark Roads\nJamesburgh, DE 70994',1),(1264,'Michael Johnston','1987-03-16','82187 Jesse View Suite 580\nNew Brentview, PW 37231',0),(1265,'Kimberly Young','1958-09-28','40882 Johnson Bypass Apt. 523\nWebbville, TN 06472',1),(1266,'Ronald Newton','1995-02-10','779 Jeffrey Meadows\nEast Brittanyport, AS 26727',1),(1267,'Michael Haley','1972-06-30','07353 Deleon Manor\nPort Sheryl, RI 97861',1),(1268,'Christine Sanchez','1991-06-19','069 Ortiz Junctions Suite 442\nWest Shannonport, NM 53847',1),(1269,'David Johnson','1954-12-06','154 Anderson Key Suite 693\nNorth Paul, TN 92521',0),(1270,'Eric Li','1971-08-21','71619 Kimberly Tunnel Apt. 462\nLake Eric, OH 45480',0),(1271,'Michaela Hodges','1990-09-19','6378 Richards Neck Apt. 192\nSouth Ricardoside, AK 81698',1),(1272,'Taylor Anderson','1983-11-04','331 Lisa Well Suite 014\nWest Charlesmouth, IA 60656',1),(1273,'Gail Lopez','1985-10-26','6710 Welch Plains Apt. 259\nZacharyside, RI 99412',1),(1274,'Christine Morgan','1989-11-06','57841 Brock Isle Suite 527\nLongshire, ID 15903',0),(1275,'Steven Rice','1958-05-01','221 Maria Crossing\nEast Sabrina, MA 28762',1),(1276,'Mrs. Mary Johns','1961-09-05','47479 Sandra Causeway Apt. 923\nLake Tiffanyshire, WV 08567',1),(1277,'Melissa Davis','1987-10-28','9437 Davis Street\nSouth Michael, RI 11848',0),(1278,'Tyler Boone','1972-07-11','747 Bruce Mews\nJonesville, OH 95732',1),(1279,'Kathleen Sullivan','2003-04-09','166 Moss Plains\nLake Tiffanyland, FM 20772',1),(1280,'Michael Chase','2002-09-13','471 Shelby Manor\nLake Robin, IN 72448',0),(1281,'Norman Hudson','1996-01-19','09710 Lori Shores\nNorth Julieborough, NM 09347',0),(1282,'Matthew Hunt','1957-08-26','Unit 1702 Box 0752\nDPO AE 75504',1),(1283,'Cameron Sutton','1965-06-17','3537 Smith Shore Apt. 275\nLake Lori, LA 36689',1),(1284,'Ryan Miller','1960-12-16','6967 Don Parks Suite 883\nWest Joshua, FL 04819',1),(1285,'Terrence Clark','1958-12-12','7037 Aaron Tunnel Suite 827\nWest Sharonberg, CA 97818',0),(1286,'Nicole Kennedy','1975-07-01','28948 Ryan Glens Suite 140\nSouth Stephanie, UT 77841',0),(1287,'Sarah Zuniga','1975-06-04','447 Jessica Ville\nLake Alison, ND 09219',1),(1288,'Zachary King','1964-05-11','540 Brady Estates\nBurkechester, NE 17848',1),(1289,'Lisa Avila','1991-01-24','334 Rush Ville\nWillisside, NJ 84696',1),(1290,'Connor Hernandez','1993-11-21','2201 Becky Bypass\nLake Kevinfort, NE 33205',1),(1291,'Keith Brown','1980-07-13','5042 Jackson Neck Suite 829\nNew Johnview, MN 26056',0),(1292,'George Mitchell Jr.','1970-02-16','60213 Kathleen Port Apt. 564\nNorth Donnaville, CO 79079',0),(1293,'Madeline Davidson','1964-09-22','2263 Drake Crossing\nSouth Toddberg, TX 85280',1),(1294,'Michael Johnson','1971-07-28','1959 Sabrina Street Apt. 366\nEast Edwardfort, MI 11856',1),(1295,'Sarah Lewis','2002-03-11','3033 Kimberly Landing Apt. 274\nSouth Crystal, MI 24680',1),(1296,'Antonio Carroll','1983-05-06','058 Matthew Circle Suite 020\nWilliamberg, MP 19887',1),(1297,'Kathleen Mccarty','1957-04-15','813 Brown Land Apt. 964\nEast Luishaven, KY 39055',1),(1298,'Gabriela Watts','1998-04-03','2591 Robbins Cape\nDavidview, VI 90772',1),(1299,'Adrienne Alexander','1977-11-28','Unit 3528 Box 9802\nDPO AE 59140',1),(1300,'Beth Hunter','1999-04-09','51011 Turner Stream\nPort Emilyfurt, ME 08027',1),(1301,'Francisco Greene','1975-05-27','975 Nathan Trafficway\nLake Michellefurt, AK 10968',0),(1302,'Savannah Osborne','1983-08-10','465 Jacobs Oval\nNorth Aaron, AL 87433',1),(1303,'Jeff James','1984-10-08','10724 Morton Islands Suite 794\nPiercestad, NY 79801',0),(1304,'Taylor Flores','1960-03-05','61363 Lamb Tunnel\nEast Justinbury, RI 54438',0),(1305,'Amanda Anderson','1989-05-19','3525 Christopher Rapid\nLake Kylieburgh, VI 02407',1),(1306,'Joseph Floyd','1974-04-20','432 Watts Plain Suite 443\nWongfort, SD 48692',1),(1307,'Jennifer Martin','1985-09-26','62102 Allen Lights Suite 830\nReedview, SD 15646',1),(1308,'Emily Porter','1963-03-16','634 Diaz Ford Suite 352\nAshleyland, GU 02913',1),(1309,'Michael Dawson','1986-12-17','PSC 8543, Box 7970\nAPO AA 57198',0),(1310,'Daniel Gray','1983-04-01','3117 Cynthia Spur Apt. 386\nStefaniemouth, MI 69489',1),(1311,'James Collins','2001-12-15','95881 Nicole Mission\nWest Kevin, VI 12158',1),(1312,'Denise Navarro','1984-10-29','607 Young Camp Suite 173\nFernandoborough, MO 27405',1),(1313,'John Nelson','1970-05-27','08390 Vaughn Avenue\nJillbury, NH 87226',0),(1314,'Michael Dennis','1991-12-24','48858 Brittney Gateway Apt. 211\nRossport, VA 26957',0),(1315,'Benjamin Copeland','1998-02-15','967 Katherine Route Apt. 278\nSuzanneside, OK 52280',1),(1316,'Laura Rodriguez','1997-10-26','67034 Freeman Roads Suite 111\nSouth Johntown, VA 04860',1),(1317,'Benjamin Mitchell','1957-08-24','Unit 4638 Box 4618\nDPO AA 17117',0),(1318,'Hector Wilson','1989-05-27','157 Mcbride Village Apt. 675\nJoyceton, NH 65743',0),(1319,'Stacey Delgado','2002-02-09','22942 Hall Forges Apt. 153\nEast Roberthaven, AK 63903',0),(1320,'Brian Miller','1999-11-13','4882 Christine Port Suite 975\nMichaelshire, CT 41683',1),(1321,'Allison Miller','1955-01-19','223 Sosa Divide Suite 065\nRickystad, IA 82250',1),(1322,'Mark Gallegos','1957-08-18','270 Livingston Knoll\nWest Melissa, MA 12325',1),(1323,'Patrick Smith','1998-01-30','967 Timothy Haven Apt. 095\nSarahchester, NY 79843',1),(1324,'Amy Phillips','1985-01-22','31593 Ellis Forks Suite 461\nNew Andrewshire, MN 72687',1),(1325,'Jeff Benjamin','1977-09-17','45315 Courtney Trail Apt. 326\nChristopherland, NY 41745',1),(1326,'Jason Palmer','2003-12-20','464 Hardy Unions Suite 930\nNorth Kristine, MT 06323',1),(1327,'Kyle Andrews','1985-10-11','8875 Spencer Neck\nShannonborough, MN 88914',0),(1328,'Kayla Heath','1981-06-29','791 Dawn Mission Suite 754\nWest Lindsayport, AZ 14482',0),(1329,'Oscar Bauer','1992-08-23','Unit 5215 Box 1055\nDPO AA 96860',1),(1330,'Matthew Carroll','1991-10-14','05642 Kevin Pine Suite 169\nBergton, DE 57481',0),(1331,'Michael Nelson','1970-01-01','423 Bonnie Corners Suite 114\nAllisonton, MD 47822',0),(1332,'Justin Baker','1959-06-22','54726 Castaneda Walks Apt. 630\nNew Mariaborough, TX 00627',1),(1333,'Rebecca Hamilton','1958-11-27','0560 Michael Hill Suite 928\nSouth Denise, ND 08133',1),(1334,'Emily Glover','1992-05-27','479 Jennifer Parkways\nPort Erica, AR 65783',0),(1335,'Benjamin Stone','2001-06-07','81124 King Track\nSouth Joyborough, AS 26166',0),(1336,'Barry Doyle','1997-09-24','389 Daniels Via\nCampbelltown, HI 90155',1),(1337,'Kristen Warren','1969-02-26','370 Amanda Vista\nEast Jose, AZ 55846',0),(1338,'Karen Benjamin','1962-07-19','2311 Davis Place\nSouth Elizabeth, OH 96824',1),(1339,'Dr. Whitney Byrd','2006-07-22','7227 Marisa Station\nJeffreytown, MS 15934',0),(1340,'Roy Davenport','1962-01-26','9609 Anderson Stravenue Suite 200\nNorth Alexander, OH 37769',0),(1341,'Christina Garza','1985-04-17','Unit 2228 Box 9929\nDPO AE 91772',0),(1342,'Tamara Dunn','2006-07-26','921 Garcia Port Apt. 428\nSouth Amyport, MI 93983',1),(1343,'Melissa Wright','1970-04-07','369 Monica Stravenue Apt. 438\nEast Jay, OH 06971',0),(1344,'Charles Garcia','1965-04-21','427 Ryan Overpass\nNew Shannon, SC 17219',1),(1345,'Amanda Johnson','2003-05-05','2727 Harris Wall Apt. 657\nSouth George, MO 44519',1),(1346,'Erika Blackburn','1955-08-05','342 Rosales Station\nRandymouth, FL 07457',0),(1347,'Megan Robbins','1984-03-10','7368 Brian River Suite 783\nJacksonfort, ME 51531',0),(1348,'Aaron Yoder','1958-02-07','641 Johnson Crest Suite 138\nEdwardshire, GA 62661',1),(1349,'Marcus Hernandez','1954-06-12','33897 John Extension\nWest Jeffrey, PA 48673',0),(1350,'Lauren Delgado','1975-10-02','75906 Mcdonald Motorway Suite 874\nUnderwoodbury, GA 12614',1),(1351,'Lori Williams','1960-01-09','26199 Michael Road\nNorth Williammouth, MH 35401',0),(1352,'Travis Cooper','1977-09-10','57272 Gaines Causeway Suite 747\nJessicahaven, OR 66657',1),(1353,'Bradley King','1963-06-18','81386 Rhodes Landing\nNorth Cassandrastad, MP 13195',1),(1354,'Kirsten Dixon','1969-01-25','93796 Larson Street Suite 647\nKathrynland, MP 65238',1),(1355,'Matthew Morales','1954-02-01','PSC 5935, Box 6682\nAPO AP 89052',1),(1356,'Mr. Andrew Hayes MD','1979-12-28','9560 Pruitt Crest\nLynnborough, MO 13782',0),(1357,'Michael Gibbs','2002-09-14','2921 Burch Pass Apt. 918\nSheppardborough, LA 86290',1),(1358,'Melissa Hernandez','1977-06-02','352 Malone Lodge Suite 909\nChadland, LA 35018',0),(1359,'Matthew Buchanan','2004-09-02','092 Howell Unions Suite 942\nBlairshire, PW 96440',1),(1360,'Thomas Guzman','1988-11-10','346 Farrell Glen Apt. 552\nDavidborough, WA 27929',1),(1361,'Cheryl Reed','1976-09-13','243 Tracey Coves Suite 954\nPort Susan, FM 49783',0),(1362,'Jason Smith','1986-11-04','839 Dustin Manors\nNorth Frankview, AK 21262',1),(1363,'Jessica Jones','1975-11-30','48140 Medina Village\nEast Amanda, DE 03812',1),(1364,'Richard Clarke','1972-05-27','3292 Garrison Key\nChristinefort, PA 42631',0),(1365,'Lori Cruz','1958-02-02','8606 Cook Groves\nGreeneshire, IA 95168',0),(1366,'Jason Stokes','1992-07-04','13960 Chapman Oval\nKyleton, NE 41996',1),(1367,'Julia Larson','1957-08-02','8905 Nelson Islands\nNorth Jesus, NM 35633',0),(1368,'Jason Buck','1997-08-20','865 Jacqueline Avenue\nLambfurt, AL 64541',0),(1369,'Joseph Keller','1980-10-25','265 Johnson Corners\nGilberttown, MT 50167',0),(1370,'Christine Harris','1997-01-13','9954 Williams Manor Apt. 780\nGordonside, PA 79977',0),(1371,'Samantha Smith DDS','1963-12-12','291 Shaun Drive Suite 084\nLake Rebecca, FL 35973',0),(1372,'Shelley Chang','1974-11-25','96411 Tracy Track Suite 043\nSouth Anthonytown, KS 79359',0),(1373,'Catherine Neal','1980-06-30','0339 Monica Inlet\nSouth Linda, IA 46574',1),(1374,'Lisa Gray','1958-05-10','96346 Stephanie Ferry\nPatriciaburgh, VA 71297',1),(1375,'Adam Bartlett','1964-08-07','64415 Hamilton Ways\nWest Annachester, KY 13203',0),(1376,'Elizabeth Perry','1954-07-28','02856 Larry Walks Apt. 448\nNorth Nathanbury, OK 26197',1),(1377,'Sophia Nichols','2003-01-05','05895 Lee Park\nSalinasborough, MO 74792',1),(1378,'Jennifer Moss','1962-12-29','40176 Hawkins Unions\nWest Erichaven, NE 99923',0),(1379,'Melanie Johnson','1968-12-31','0070 Francisco Court Apt. 145\nAlexanderborough, NV 49229',0),(1380,'Michelle Smith','1998-06-21','0170 Mora Village\nMichaelfurt, DE 20063',1),(1381,'Michael Lynn','2003-03-12','4178 Jordan Forges\nDrakeville, NM 89472',0),(1382,'Lisa Nguyen','1986-07-01','6287 Williams Camp\nSouth Cassidyview, CA 45410',1),(1383,'Amanda Cooper','1985-02-08','06805 Woodward Islands\nMelissamouth, LA 70092',1),(1384,'Dr. Rebekah Rivera','1978-03-15','523 Smith Village\nMooreberg, WA 80446',1),(1385,'Amber Hernandez','1975-01-19','USCGC Harrison\nFPO AA 90196',1),(1386,'Stephanie Powell','1995-11-22','45991 Amanda Road\nDeborahfort, NC 80737',0),(1387,'Paul Morales','1957-06-29','248 Kristina Mills\nPort Brycemouth, OK 55948',1),(1388,'Dylan Castillo','1990-02-12','USNV Rubio\nFPO AP 08874',0),(1389,'Clarence Dean','1981-01-08','2845 Brown Meadow Apt. 816\nMillerside, PR 49640',1),(1390,'Jaime Joseph','1986-12-06','09091 Howard Station Apt. 445\nBrianchester, MI 20463',0),(1391,'Todd Ray','1992-05-31','316 Wallace Pines\nEast Anthonymouth, RI 79839',0),(1392,'Christopher Nelson','1968-06-23','518 Alan Prairie Suite 635\nSouth Tammyhaven, MH 75718',0),(1393,'Jennifer Oliver','1955-01-31','707 Wilson Harbors\nWest Brandyborough, SD 15277',0),(1394,'Joseph Nunez','1972-09-26','18242 Kathryn Glen\nEast Matthew, MO 84036',0),(1395,'Tracy Bailey','1972-04-20','8062 Gabriela Ferry Apt. 557\nAmandaberg, AS 35180',0),(1396,'James Hartman','1993-05-09','3045 Alison Point Apt. 829\nSamanthabury, TN 05428',1),(1397,'Todd Allen','2004-09-27','0313 Clark Throughway\nEast Angelastad, OK 94247',0),(1398,'Riley Beasley','1970-02-20','896 Steven Mountains\nDanielchester, NM 29330',1),(1399,'Andrea Young','1957-01-24','819 Lucas Landing Apt. 040\nJamesside, NE 03233',0),(1400,'Gabrielle Hill','1958-09-27','77817 Andrade Road Suite 021\nEast Ritaburgh, ID 65509',0),(1401,'David Waters','1967-06-26','4186 Jorge Ridges\nEricbury, KS 38240',0),(1402,'David Ramirez','1986-09-08','444 Fernandez Trafficway Apt. 635\nGreeneside, WY 21305',0),(1403,'John Schwartz','1980-07-21','644 Jackson Fall Apt. 247\nKaylaport, VA 77931',0),(1404,'Melinda Salinas','1973-03-11','0735 Perkins Point Apt. 291\nJessicachester, AL 42840',1),(1405,'Kimberly Kemp','1957-12-30','593 Stephanie Station\nDavisville, NE 83724',0),(1406,'Peter Valdez','2001-10-09','275 Young Stream\nHamiltonton, DC 93265',0),(1407,'Shannon Gaines','1980-10-05','032 Kelly Hill\nSmithbury, OK 31116',1),(1408,'Christian Mcdowell','1966-12-01','0025 King Streets\nNew Christopherstad, WV 77078',1),(1409,'Brent Riddle','1982-03-29','7739 Roger Wall\nSouth Ruben, NE 73348',0),(1410,'Brittney Bowers','1995-02-17','29780 Harvey Hollow\nWest Adam, GU 64760',1),(1411,'Rebecca Cooper','1982-01-22','65003 Alan Mountain\nPort Michelefurt, UT 01487',0),(1412,'Vincent Phillips Jr.','1955-11-09','USCGC Bryant\nFPO AP 44719',0),(1413,'Darrell Henderson','2006-08-08','96797 Jackson Locks Apt. 757\nStephaniefurt, IA 18478',0),(1414,'William Spencer','1992-02-06','287 Stokes Mews Suite 205\nRileyfort, NH 25692',1),(1415,'Joseph Roberson','1997-04-21','85593 Joshua Overpass Apt. 470\nLake Robin, VT 50269',1),(1416,'Jeremiah Cline','1978-08-22','421 Christopher Isle Apt. 029\nLisaview, DE 41588',0),(1417,'Melissa Morris','1960-11-04','081 Wilson Walk Suite 538\nBrendaside, AL 99757',0),(1418,'Suzanne Gay','1988-06-08','525 Zamora Passage\nRichardview, NM 18158',1),(1419,'Trevor Braun','1974-11-12','8693 Heather Divide Apt. 987\nCarlstad, AS 09238',1),(1420,'Samantha Rosales','1985-01-22','37421 Spencer Plaza Suite 644\nLake Jacqueline, MN 51529',0),(1421,'David Bright','2000-10-15','08916 Rhonda Harbor\nSouth Edward, SC 29579',1),(1422,'Michael Meza DVM','1995-03-18','18419 Aaron Knolls Apt. 503\nNewtonport, VA 30359',1),(1423,'Anthony Vaughn','2006-08-13','92209 Elaine Walks Apt. 249\nJoshuafurt, MD 80513',1),(1424,'Holly Howe','1962-12-12','0185 Luis Vista Suite 034\nWest Michael, VI 06563',1),(1425,'Cory Mason','1959-03-04','38348 Christine Forge\nWest Brandonfort, KY 42595',0),(1426,'Jesse Thomas','1958-12-12','553 David Parks Suite 259\nJeffreytown, AL 67399',0),(1427,'Tiffany Hernandez','2000-09-21','87675 Yang Vista Apt. 614\nNorth Michael, ME 70329',1),(1428,'Laura Anderson','1998-06-05','1538 Wilson Ports Apt. 149\nCunninghamtown, DE 55619',1),(1429,'Carol Love','1972-02-10','088 Hunter Wells Apt. 160\nNorth Rossborough, AK 49473',1),(1430,'Madison Myers','1998-02-22','45074 Gonzales Via\nWest Kristy, NM 11153',0),(1431,'Steve Miller','1960-06-25','8062 Lopez Circles\nNew Mark, FM 04543',0),(1432,'Morgan Leonard','1996-09-30','38536 William Meadows\nWest Matthewville, FL 15753',0),(1433,'Rita Bender','1958-03-16','9609 Martin Spur\nKatelynbury, HI 29674',1),(1434,'Anthony Johnson','1991-12-23','Unit 9365 Box 1331\nDPO AP 47058',1),(1435,'Gina Porter','1996-01-11','680 Blackwell Meadows Suite 531\nSethmouth, WI 19438',0),(1436,'Annette Smith','1996-02-24','4971 Jason Island Suite 134\nSouth Tammy, OH 86636',1),(1437,'Christopher Smith','1975-06-12','693 Sarah Glen Apt. 962\nSouth Nathan, GA 33043',0),(1438,'Victoria Ortiz','1989-01-02','5870 Baker Glens\nPhillipborough, PW 45949',0),(1439,'Susan Johnson','2003-05-28','2308 Chan Ramp Suite 237\nLake Wendymouth, OR 34738',1),(1440,'Erika Gomez','1954-09-29','193 Hector Expressway Apt. 600\nPort David, MA 15628',0),(1441,'Cathy Caldwell','1996-06-08','7038 Hogan Lane Apt. 511\nWest Jenniferville, ME 66958',1),(1442,'Michelle Roberts','1955-04-24','345 Harrison Rue Suite 872\nDylanstad, MP 03614',1),(1443,'Melissa Anderson','2002-04-04','0101 Myers Mountains\nNorth Emily, LA 09787',1),(1444,'Andrea Alvarado','1954-03-19','474 Richard Turnpike Suite 237\nLake Patrick, OK 45242',0),(1445,'Christina Miller','1969-05-16','89019 Matthew Road Apt. 796\nPort John, OR 01238',1),(1446,'Erin Tucker','1994-08-09','8186 Mcguire Ford\nNorth Paul, NH 78539',0),(1447,'Philip Alvarez','1964-12-21','957 Angela Estates\nKhanbury, VA 22832',0),(1448,'Brenda Washington','1954-05-03','9059 Sanders Park\nWest Josephshire, GA 13246',0),(1449,'Trevor Wilson','1983-12-27','30781 Payne Camp\nKylemouth, PW 07939',0),(1450,'Stephen Walker','1966-10-31','085 Valerie Cape Apt. 671\nCassandrabury, AL 01761',0),(1451,'Kim Jenkins','1971-05-23','6664 Dawn Curve\nWebbbury, MN 24693',0),(1452,'Mary Alexander','1958-07-23','USNS Todd\nFPO AE 56617',1),(1453,'Robert Watkins','2005-11-13','3510 Samantha Track Suite 690\nWest Zacharytown, MO 51231',1),(1454,'Michelle Reynolds','1955-01-30','125 Rachel Port Suite 152\nSherryville, FL 98802',1),(1455,'Robert Crawford','1983-09-21','9114 Lopez Manor Suite 192\nNew Robert, MN 26871',0),(1456,'Robert Pearson','1981-03-20','218 Roman Drive Suite 422\nSherribury, WY 92139',1),(1457,'Timothy Knapp','1962-06-07','87763 Carolyn Locks\nRichardville, HI 67734',1),(1458,'Shannon Harding','1993-07-07','877 Chen Ramp Apt. 550\nSeanview, NV 80570',1),(1459,'Andrew Spencer','1980-04-09','USNV Kemp\nFPO AP 80050',1),(1460,'Jorge Castillo','1966-08-21','370 Oliver Way\nEast Teresafurt, KY 32934',0),(1461,'Christopher Li','1992-08-11','97148 Heather Mews\nLake David, SC 81484',1),(1462,'Nicholas Collins','1976-10-02','802 Edward Ville\nWest Alexanderview, CA 22707',0),(1463,'Christopher Andrews','1989-09-17','59498 Nicholas Roads\nJosemouth, MD 50170',1),(1464,'Dawn Silva','1996-10-27','001 Boyer Mills Apt. 988\nNew Morgan, IN 41922',0),(1465,'William Young DDS','1959-09-24','25119 James Garden\nPort Kimberlyhaven, VI 16441',0),(1466,'Jennifer Neal','2001-05-21','1323 Michael Wall\nEast Dustinchester, MD 73028',1),(1467,'Debra Vaughan','1977-05-20','PSC 6103, Box 4696\nAPO AP 71880',1),(1468,'April Rice','1955-07-10','78117 Zavala Shore\nWest Mark, WY 41129',1),(1469,'Rhonda Cantu','1974-01-15','0582 Reid Manor Suite 476\nPort Kimberly, UT 40633',1),(1470,'Jocelyn Long','1973-09-07','92580 John Mews\nMelissafurt, DC 93002',0),(1471,'Michael White','1994-12-01','949 Michael Burg Suite 347\nSouth Jesseville, IN 90910',0),(1472,'Nathan Costa','1979-01-16','56614 Charlene Mountains\nSouth Paul, FM 21521',1),(1473,'Morgan Logan','1998-02-10','346 Warren Fall Suite 751\nNew Nicholas, IN 59519',1),(1474,'Lori Stewart','1970-09-11','644 Taylor Brooks\nEspinozastad, AK 18650',0),(1475,'Anne Ashley','2005-01-03','8754 Rasmussen Haven Suite 876\nRosalesborough, UT 97720',1),(1476,'Amanda Harris','2003-09-02','USCGC Brewer\nFPO AE 67020',1),(1477,'Meghan Sanford','1965-10-19','349 Randolph Cliffs\nKylechester, PA 93614',1),(1478,'Daniel Allen','1960-04-01','73049 Regina Ports\nNorth Adam, IN 78564',1),(1479,'Sheila Ferrell','1968-10-31','400 Nelson Crescent\nEast Ryanbury, PA 73861',1),(1480,'Susan Adams','1961-06-20','566 Nathaniel Brooks\nCharleston, NY 29143',0),(1481,'Jennifer Vazquez','1955-09-10','958 Kendra Prairie\nNew Angelaberg, DC 24141',1),(1482,'James Brown','2002-08-10','397 Melissa Freeway\nGlennstad, DE 95648',1),(1483,'Andrew Schaefer','1985-10-31','2956 Arnold Crossing\nPort Ashleyburgh, DC 21220',0),(1484,'Joan Robinson','1961-10-02','3369 Michael Stravenue\nHughesborough, SC 86127',0),(1485,'Norma Villanueva','1982-04-22','14040 Shannon Heights\nSouth Williamchester, IL 02320',0),(1486,'Angela Willis','1977-06-03','1816 Mendoza Expressway\nGilbertport, WY 80286',0),(1487,'Steven Ross','1974-10-28','25142 Carter Trafficway Apt. 988\nHayesfurt, WV 05520',0),(1488,'Anna Harmon','2001-08-08','989 Thompson Shores\nWest Robinfurt, SC 16714',0),(1489,'Jeff Marsh','1974-08-31','USNV Martinez\nFPO AE 29214',1),(1490,'Patricia Beasley','1960-12-05','184 Thomas Flat Apt. 836\nMichaelstad, VT 29568',0),(1491,'Elizabeth Bentley','1968-07-03','USNV Lopez\nFPO AA 62511',0),(1492,'Joshua James','1970-06-25','7365 Lisa Roads Suite 452\nLake Steven, GA 55647',1),(1493,'Keith Fox','1984-04-06','416 Cochran Spring\nMichaelfurt, AK 64936',0),(1494,'Abigail Perry','1959-05-27','Unit 7354 Box 8961\nDPO AP 59755',0),(1495,'Jennifer Ortiz','1984-04-04','18058 Hopkins Way\nSouth Daniel, WA 22660',0),(1496,'Mallory Mercer','1958-04-23','PSC 5301, Box 0202\nAPO AP 95492',1),(1497,'Crystal Burton','1991-03-28','4415 William Gardens Suite 886\nEast Katherineton, PA 63184',1),(1498,'Patrick Arnold','1956-12-28','645 Jimenez Point Suite 438\nNorth Sarah, MH 62265',1),(1499,'Micheal Harris','1986-08-31','89769 Sierra Union Apt. 293\nMillerland, AZ 08726',0),(1500,'Angela Weaver','1969-01-06','3581 Hendrix Club Apt. 844\nVargastown, SC 42427',0),(1501,'James Arellano','1994-04-28','005 Moore Viaduct Apt. 011\nLake Brendashire, NE 37429',0),(1502,'Connie Rush','1974-08-28','67770 Breanna Pines Suite 657\nNew Lisa, MT 03985',0),(1503,'Tracy Ramirez','1973-01-15','USNV Weber\nFPO AA 80599',0),(1504,'Laura Arroyo','1984-11-11','70169 Christopher Mews\nNorth Deborah, CO 76059',0),(1505,'Douglas Vasquez','1983-03-01','492 Campbell Ways Apt. 060\nWest Roberto, OH 05617',1),(1506,'Amy Davies','2004-03-19','283 Ball Corners Suite 766\nLake Kristinachester, TN 49664',0),(1507,'Blake Contreras','1979-09-23','Unit 5472 Box 6612\nDPO AA 56990',1),(1508,'Aaron Smith','1953-11-27','8474 Mason Summit\nDenisechester, PA 74847',1),(1509,'Nicholas Nelson','1989-01-02','175 Matthew Pine\nSandovalmouth, WA 51107',0),(1510,'Glen Lopez','1997-05-14','038 Weaver Glen\nKingfort, SC 84261',1),(1511,'Natalie Beck','1995-05-14','3383 Richard Crossing\nWest Ashleybury, LA 09331',0),(1512,'Luke Bryant','1991-01-23','8783 April Forges Apt. 663\nPort Andrew, MT 53842',0),(1513,'Logan Smith','2006-07-18','13060 Lawrence Inlet\nNew Thomas, CO 06196',0),(1514,'Heather Perkins','1982-10-13','20248 Gentry Walks\nLake Sean, TN 84453',1),(1515,'Reginald Hicks','1958-02-27','3114 Macias Pike\nRiggsville, KY 70536',0),(1516,'Donna Henderson','1961-01-28','867 Elizabeth Throughway Suite 356\nBrettland, ME 84372',1),(1517,'Katherine Cook','1973-09-17','07414 Jackie Tunnel\nNew Briannaside, NJ 01093',1),(1518,'Eric Dennis','1992-10-18','12313 Roy Village Suite 270\nPort Logan, WV 35184',1),(1519,'Joshua Pacheco','1966-06-12','7022 Alvarez Causeway Apt. 335\nNorth Laura, AS 31061',0),(1520,'April Bennett','2001-09-02','034 Denise Square Suite 871\nSheppardshire, ND 26559',1),(1521,'Robyn Kelley','1988-12-25','22918 Garcia Inlet\nTeresashire, MN 01899',1),(1522,'Emily Carter','1972-06-24','297 Jeffery Roads Suite 398\nValerieton, FL 75394',0),(1523,'Michael Brooks','1983-07-22','101 Mcknight Coves Suite 237\nSouth Sandra, VI 28211',0),(1524,'Craig Reynolds','1959-12-18','5112 Michael Stream Suite 378\nLake Richardview, OH 81690',1),(1525,'Michele Mcdaniel','1982-05-17','61181 Johnny Points\nEast Markland, TN 49836',0),(1526,'Barbara Smith','1954-09-18','183 Kevin Stream Suite 796\nStevenville, PR 37474',0),(1527,'Laura Thomas','1962-02-03','28798 Butler Inlet Suite 747\nRuizfurt, IA 97446',0),(1528,'Rebekah Johnson','1996-02-05','7869 Sara Cliffs\nBrandiside, AZ 48733',1),(1529,'Debra Clements','1958-11-30','793 Tammy Inlet\nPort Daltonland, MH 26145',1),(1530,'James Barber','1959-09-03','48746 Dustin Orchard\nNorth Luis, SC 62939',1),(1531,'Rhonda Calhoun','1973-11-05','87452 Trevor Rest Apt. 686\nWest Denise, RI 53169',0),(1532,'Melissa Rios','1981-12-21','808 Jason Isle\nWilsonberg, ID 41662',0),(1533,'Dawn Perkins','1980-07-17','200 Paul Valleys Suite 278\nKaraberg, MP 45186',1),(1534,'Aaron Morrison','1999-03-19','5377 Kevin Crescent\nNew Kyle, IL 89219',1),(1535,'Kevin Deleon','1960-06-30','4836 Matthews Plains\nYoungberg, OR 84549',1),(1536,'Elizabeth Moyer','1994-06-27','9704 John Islands Suite 152\nWest Justin, AR 85344',0),(1537,'Katie Anderson','1967-03-21','26278 Natasha Ferry Suite 697\nNorth Jesusstad, PW 22560',1),(1538,'Lisa Carpenter','1997-09-28','PSC 4820, Box 2634\nAPO AP 61591',0),(1539,'David Fisher','1995-11-29','9045 Cummings Expressway Apt. 708\nEast Daniel, ND 79962',0),(1540,'Aaron Lee','1997-01-09','983 Barbara Haven Apt. 448\nEast Joseph, NH 83782',1),(1541,'Morgan Jenkins','1957-05-14','2983 Amanda Common\nNorth Mark, OH 28796',1),(1542,'Paul Ramirez','1993-06-14','898 Scott Ridges Apt. 200\nSouth Jason, AR 33825',0),(1543,'Lauren Reed','2004-01-30','8050 Darren Squares\nClarkport, MI 04779',0),(1544,'Madison Jones','2003-11-09','PSC 3823, Box 9371\nAPO AA 56281',0),(1545,'Edgar Donaldson','1976-04-08','2487 Lawson Radial Apt. 800\nJesseport, MS 82435',1),(1546,'Amy Griffin','1961-02-27','36995 Stephens Plaza Apt. 899\nAliciaville, CO 70977',1),(1547,'Stephanie Stewart','2004-05-22','19643 Patel Mount\nReedfurt, NE 12235',1),(1548,'Barry Nelson','1999-06-01','130 Jean Burgs\nEast Randy, NJ 31599',1),(1549,'Matthew Ortiz','1960-08-29','2772 Mitchell Mountain Apt. 199\nPort Crystal, MN 86957',1),(1550,'Andrew Johnson','1957-12-28','679 Allen Pine\nWoodview, HI 57395',0),(1551,'Mary Peters','1971-06-12','817 Mary Street\nSouth Maryshire, PW 88180',0),(1552,'Anna Hess','1980-04-30','8837 Anthony Forge Suite 257\nGreenside, MH 72188',1),(1553,'Alexandra Garcia','1971-02-06','536 Elizabeth Center Apt. 749\nNorth Melissa, UT 91946',1),(1554,'Shane Lopez','2005-03-20','46077 Sean Prairie\nStephenmouth, OR 53586',1),(1555,'Richard Nelson','1981-01-23','700 Myers Tunnel Suite 984\nPort Johnview, SD 73516',1),(1556,'Madeline Hall','1981-08-01','90250 Stephenson Mount Apt. 293\nJessicamouth, MA 67127',1),(1557,'Jerry Thomas','1988-12-17','USCGC Watson\nFPO AE 30111',1),(1558,'Monique Alvarez','1978-07-03','PSC 6102, Box 2045\nAPO AP 28874',1),(1559,'Robert Weaver','1966-10-08','454 Chad Valley Apt. 198\nEast Shannon, NY 67801',1),(1560,'Carol Weaver','1996-11-29','808 Chris Views\nScottview, WY 19142',1),(1561,'Robert Ho','1992-10-28','310 Brandy Radial Suite 439\nLake Philip, NJ 29155',1),(1562,'Cassandra Morgan','2006-01-09','0824 James Plain\nHallport, PW 43646',0),(1563,'Benjamin King','1985-08-20','PSC 1491, Box 8733\nAPO AP 72609',1),(1564,'Scott Todd','1964-10-07','2514 Steven Mall\nLiufurt, OK 39114',1),(1565,'Leah Briggs','1988-05-19','94659 Schmidt Locks Suite 470\nSouth Sean, MS 11595',1),(1566,'John Grant','1958-04-14','080 Jackson Locks\nSouth Amy, GU 17894',0),(1567,'Joyce Christian','1999-09-09','8767 Powell Roads Apt. 068\nEast Sophiafort, AR 91023',1),(1568,'Jonathon Thompson','1995-04-12','6722 Flores Streets\nTiffanychester, UT 80287',0),(1569,'Jessica Ford','1980-09-26','40208 Wiggins Alley Suite 689\nMonicamouth, PR 67500',1),(1570,'Jason Hensley','1995-04-18','864 Jesse Flats\nSouth Mary, MD 58923',1),(1571,'April Douglas','2001-06-11','98974 Julia Manor\nEast Connie, VI 12295',0),(1572,'Alex Grant','1974-01-22','986 Charles Extensions\nJohnville, ND 03997',0),(1573,'Christian Thomas','1955-12-02','8801 Nguyen Isle\nNew Michael, AL 62064',1),(1574,'Courtney Jones','1972-02-29','31004 Becker Squares\nDoughertychester, TN 79932',0),(1575,'Paul Young','1986-12-14','0559 Haley Oval Suite 985\nRamosfort, FL 72198',1),(1576,'Dawn Perry','1991-07-20','85027 Armstrong Valleys Suite 258\nWest Wesleybury, VA 10654',0),(1577,'Kathryn Hall','1976-03-05','90566 Schmidt Summit Apt. 953\nNew Michelle, LA 09334',0),(1578,'Andrew Perez','1994-05-22','488 Alvarez Ramp\nMargaretburgh, AL 36651',0),(1579,'Lisa Ruiz','1961-07-02','00751 Boyd Lock Suite 462\nSouth Jeffrey, MP 11347',0),(1580,'Sara Owens','1969-12-11','7885 Black Streets Apt. 369\nHallhaven, MN 26108',0),(1581,'Brittney Diaz','1994-01-07','90459 Jennifer Fork\nEast Erinstad, OR 16565',1),(1582,'Teresa Poole','1970-09-05','78082 Miller Route Suite 431\nMichellebury, CA 88376',0),(1583,'Valerie Mcmahon','1990-04-18','914 Meghan Mission Apt. 902\nSuzannestad, NY 59535',0),(1584,'Brent Douglas','1976-03-06','3213 Lowery Cove\nHammondview, SC 34955',0),(1585,'Betty Andrews','1995-11-12','114 Jessica Oval\nMorrisville, VI 03329',1),(1586,'Cassandra Hicks','1956-12-01','133 James Well\nTaylorstad, NH 95631',0),(1587,'Brandon Hanna','1988-10-23','9221 Michelle Pass Suite 006\nElizabethland, AS 62609',1),(1588,'Craig Perez','1996-01-11','09710 Martin Drives\nEast Toni, FL 39094',0),(1589,'Jose Olson','1974-07-18','45640 Melissa Run\nNorth Larry, ME 10224',0),(1590,'Karen Brooks','2002-12-22','8754 Tiffany Crescent\nNorth Emmaport, MS 56720',1),(1591,'Traci Brown','1967-03-21','902 Monique Shoals Apt. 559\nThomasmouth, TX 65728',1),(1592,'Derrick Small','1970-01-19','60353 Samuel Prairie Suite 814\nContrerasmouth, AL 23680',1),(1593,'David Sanchez','1953-12-09','9779 Brock Court\nLake Robert, MI 09411',0),(1594,'Nancy Harper','1969-04-22','09627 Stephenson Terrace Apt. 895\nLake Brittany, SD 94469',0),(1595,'Crystal Holden','1976-04-13','1385 Matthew Plaza Suite 523\nWest Josephchester, CO 12098',0),(1596,'Christine Rowe','1977-09-09','1033 Vanessa Tunnel Apt. 875\nNorth Davidborough, VI 94831',1),(1597,'Sarah Kelley','1989-01-10','9941 Benitez Loop Suite 005\nKimport, WV 39029',1),(1598,'Dana Snyder','1976-06-14','913 Vega Trail\nLake Ianport, NV 54455',1),(1599,'Steven Johnson','1990-08-21','9144 Stevens Road Suite 818\nWongport, PR 50104',0),(1600,'Melanie Mendez','1963-04-10','84244 Ruiz Landing Apt. 796\nLake Rachel, WA 48696',1),(1601,'Ronald Buckley','1970-11-07','4588 Taylor Lake Apt. 536\nSouth John, HI 42442',1),(1602,'George Suarez','1979-10-29','744 Fuller Fort\nBelindaside, NE 93974',1),(1603,'Nathan Ware','1957-11-17','96245 Kenneth Corners Apt. 093\nBenjaminburgh, SC 56922',0),(1604,'Carolyn Powell','1995-09-05','87983 Rodriguez Manors Apt. 087\nNew Krystalstad, CO 28105',0),(1605,'Diana Thomas','1964-03-15','94891 Little Forks\nMorganmouth, GA 39724',0),(1606,'Glen Lawson','1991-04-12','47667 Laura Mews Suite 393\nFreemanmouth, DE 93067',1),(1607,'Joshua Pratt','1959-08-29','9063 Alison Lodge Apt. 197\nMichaelfort, FL 15193',1),(1608,'Charles Moore','2000-10-24','954 Cassandra Islands Suite 203\nCookhaven, TX 69418',1),(1609,'Ashley Carr','1994-11-19','79230 Murphy Way Apt. 527\nCarolynview, VA 69411',0),(1610,'Jeffrey Lopez','1954-06-26','USNV Reid\nFPO AE 41657',0),(1611,'Noah Salas MD','1999-12-04','115 David Parkway Suite 187\nSouth Jonathan, SD 54989',0),(1612,'Thomas Gonzalez','1976-04-01','Unit 6401 Box 7948\nDPO AE 89501',0),(1613,'Ashley Alexander','1978-07-06','Unit 8698 Box 9139\nDPO AE 75349',0),(1614,'Julie Brown','1958-07-23','93206 Christine Island\nPort Paigefurt, AS 36202',0),(1615,'Jake Sandoval','1983-11-27','6392 Carter Hill\nLake Denise, OH 06472',1),(1616,'Steven Mason II','1962-08-18','427 Meghan Run Suite 446\nLake David, NE 03251',1),(1617,'Jillian Bryant','1978-07-08','2171 Navarro Place\nEast Tiffany, GA 26215',1),(1618,'Kyle Nielsen','1953-12-08','01702 Cruz Fords Apt. 268\nWest Andrew, IA 86855',0),(1619,'Jennifer Castillo','1960-10-02','42590 Erica Brook Suite 191\nLake Jessicabury, OH 17940',0),(1620,'Shannon Jennings','1972-06-25','781 Daniel View Apt. 499\nMelissaville, ID 54964',1),(1621,'Kari Cherry','1960-08-24','7543 Hill Viaduct Suite 787\nNorth Dennisfurt, MS 46587',1),(1622,'Jay Shaw','1999-04-28','537 Sanchez Green Apt. 662\nElizabethhaven, VA 36852',0),(1623,'Kelly Vazquez','2001-02-08','236 Steele Mountains Suite 502\nShawnport, OH 00807',0),(1624,'Jennifer Barr','1961-07-26','93867 Barrett Underpass Apt. 383\nLake Tabitha, NM 64557',1),(1625,'Cindy Harvey','1981-08-22','172 Dalton Squares\nTorresmouth, NY 70347',0),(1626,'Amanda Henry','1954-08-12','USS Wright\nFPO AP 31756',0),(1627,'Alex Sanford','2002-07-28','29628 Sandra Heights\nKyletown, ID 61412',0),(1628,'Kayla Cross','1972-02-05','13338 Ashley Ford Apt. 143\nDavidfurt, WV 05321',0),(1629,'Patricia Watkins','1956-11-05','Unit 4514 Box 8114\nDPO AP 97867',1),(1630,'Julie Young','1954-12-19','80329 William Court Apt. 714\nJeffreyberg, VI 51353',1),(1631,'Martha Cortez','1996-06-21','9718 Garcia Courts\nProctormouth, IL 46209',1),(1632,'Angela Hayes','1979-11-21','7815 Moreno Road\nSeanfurt, MT 74541',1),(1633,'Christopher Thompson','1979-12-18','54909 Kevin Summit\nLake Cynthialand, PR 63846',0),(1634,'Mr. John Nichols Jr.','1995-04-17','6683 Anne Mall\nPetermouth, NV 69811',1),(1635,'Anna Dennis','1954-10-10','4865 William Inlet\nScottstad, FM 63943',0),(1636,'Holly Bernard','1961-09-28','2148 Alexandra Pike Suite 558\nRonaldton, AR 42666',1),(1637,'Jeffrey Wright','1964-04-25','3388 Jason Loop\nMortonburgh, IA 65329',0),(1638,'Jeremiah Horton','1975-03-22','392 Warren Prairie Apt. 561\nJesusmouth, OR 01220',1),(1639,'Cheryl Powers','1962-04-15','198 Calderon Drive\nSouth Sharonfurt, WI 09363',1),(1640,'Jacob Williams','1997-04-30','7411 Candice Junction\nDonnashire, NE 12293',0),(1641,'Courtney Russell','1996-08-15','5487 Soto Centers Apt. 652\nNorth Melissa, RI 26990',1),(1642,'Katrina Gutierrez','1960-05-06','1580 Todd Courts\nWest Amanda, KS 05020',1),(1643,'Paul Barnes','1998-06-28','USCGC Martinez\nFPO AE 31057',0),(1644,'Thomas Ramirez','1971-06-19','8804 Brenda Estates\nMicheleville, MN 44186',1),(1645,'Ronald Bender','1988-04-15','00986 Maureen Springs\nRichardtown, AZ 26420',1),(1646,'Deborah Thompson','1965-04-16','135 Michael Burgs\nBryanchester, ID 78371',1),(1647,'Amber Perkins','1987-10-10','14503 Vanessa Stream\nDominguezstad, OR 35666',0),(1648,'Lindsay Harmon','2000-07-15','2405 Christopher Port\nEdwardsville, MD 63389',1),(1649,'Lisa Rodriguez','1981-11-08','352 Amy Meadows Suite 019\nJacobside, GA 27891',0),(1650,'Charles Mcguire','1954-11-25','USCGC Mack\nFPO AP 51852',0),(1651,'Michelle Gay','1993-10-31','13130 Phillips Wall Apt. 702\nWest Katrinastad, AK 74771',0),(1652,'Charles Bishop','1969-10-20','8948 Samuel Fords\nRobertmouth, PW 96267',0),(1653,'Kelly Smith','1970-12-03','8852 Morales Motorway\nEast Rachelton, PA 80646',1),(1654,'Matthew Anderson','1990-10-04','7108 Carlson Trace Suite 765\nRhondashire, WA 17264',0),(1655,'Patricia Ford','1983-04-06','6199 Houston Ridge\nEast Gabrielleshire, TX 48281',0),(1656,'James Alvarez','1970-10-17','53412 Timothy Neck Suite 672\nBlanchardberg, AS 23940',1),(1657,'Michael Robertson','1968-03-23','0756 Jennifer Mountains Suite 739\nLake Madelinemouth, MI 61481',1),(1658,'Lance Saunders','1991-10-17','56191 Tristan Terrace\nWest Jason, CT 04060',0),(1659,'Justin Taylor','1973-05-26','17936 Cruz Drives Suite 872\nKellyfort, LA 36644',0),(1660,'Scott Russell','2004-11-19','51805 Mcconnell Curve Suite 686\nLake Michael, PA 66649',0),(1661,'Michael Campbell','1963-05-03','182 George Light Apt. 797\nJosephfurt, IN 58121',1),(1662,'Ronald Cabrera','1969-01-12','52301 Darrell Forges\nMeganborough, HI 39110',0),(1663,'Cheryl Tucker','1970-10-02','32524 White Prairie\nCastillofort, PA 94808',0),(1664,'Henry Lucero','1990-12-14','61946 Malone Mountain Suite 166\nCourtneyville, TN 73785',1),(1665,'Ann Best','1991-05-08','23876 Lee Turnpike\nNew Michaelfort, WV 18215',0),(1666,'Lori Guerra','1959-09-11','28478 Cooke Course\nEast Thomas, ID 45220',1),(1667,'Craig Hunter','1973-01-26','0818 Jason View Apt. 777\nRichmondville, FL 16859',0),(1668,'Matthew Choi PhD','1972-09-10','47441 Flores Branch\nKatherinestad, MS 34180',1),(1669,'Jacob White','1973-09-25','9491 Matthew Center Suite 508\nJosephmouth, SC 21120',1),(1670,'Maria Coleman','1998-11-20','764 Lisa Forges Suite 416\nWest Lisa, DC 23020',0),(1671,'Jessica Rivera','1996-08-11','430 Emily Ports\nKellyfurt, MO 27402',1),(1672,'Jason Stewart','1969-06-10','PSC 0308, Box 9936\nAPO AE 96563',1),(1673,'Angela Moore','1998-08-27','2687 Karen Mountain\nGallagherland, NH 54262',1),(1674,'Johnathan Reyes','1996-10-12','67414 William Divide Apt. 748\nSouth Jonathan, PA 96156',1),(1675,'Gabriella Johnson','1959-03-22','567 Hoffman Field\nNew Emily, NH 95001',1),(1676,'Nicholas Gonzalez','1977-01-03','2473 Maria Harbors\nPort Matthew, AZ 88167',0),(1677,'Christian George','1956-03-09','75478 Carol Pine Apt. 220\nShawside, WI 82596',1),(1678,'Dawn Gentry','1983-04-03','24896 Daniel Green\nWilsonton, DE 69705',0),(1679,'Stacey Chang','1987-06-21','9348 Johns Fall\nJenningstown, WV 02843',1),(1680,'Jennifer Nguyen','1987-08-21','1268 Coleman Stravenue\nTheodorestad, WA 89145',0),(1681,'Alan Rodriguez','1978-12-28','3880 Koch Groves\nJosehaven, IN 09088',0),(1682,'Hannah Campbell','1980-12-24','62315 Shannon Courts\nBakershire, MP 69163',0),(1683,'Nicole Ellis','1997-05-04','PSC 3411, Box 4588\nAPO AA 60101',0),(1684,'Amy Sims','1987-01-21','7452 Daniel Bridge Apt. 087\nPort Katherine, VI 27699',0),(1685,'Dr. Terry Price','1960-11-26','9517 Joshua Route\nLake Pamela, AS 09595',0),(1686,'Timothy Sparks','1960-10-07','PSC 6994, Box 9931\nAPO AE 59095',1),(1687,'Patricia Bennett','1983-01-02','601 Morris Land\nWilliamchester, CO 92720',0),(1688,'Johnathan Richardson','1986-07-22','5877 Curtis Trace Suite 572\nNorth Michael, OK 73743',0),(1689,'Lisa Hawkins','1972-08-17','4278 Gabriel Square Apt. 879\nWest Thomas, MI 57315',0),(1690,'James Harrington','1954-07-26','59213 Simmons Brooks Suite 621\nEast Susan, MN 37893',0),(1691,'Maria Rocha','1980-12-02','130 Foster Valley\nKevinville, AS 41621',1),(1692,'Victor Conner','1981-05-12','4395 Megan Village Suite 101\nRodriguezport, MH 27910',0),(1693,'Kimberly Poole','2005-12-16','7604 Taylor Key\nSingletonport, KS 79903',1),(1694,'Katherine Burns','1996-09-17','9521 Mary Valley Apt. 953\nVictormouth, OR 55911',0),(1695,'Sara Nguyen','1973-10-27','435 Susan Plains Apt. 502\nNancyhaven, OK 47446',1),(1696,'Brittany Warren','1974-02-21','PSC 9192, Box 2313\nAPO AP 21351',1),(1697,'Madeline Lopez','1968-01-24','24695 Lee Cove Suite 211\nJonesland, NV 87318',1),(1698,'Jeffrey Peterson','1978-01-18','5095 King Valleys\nEast Jasminemouth, MD 67156',1),(1699,'Linda Chavez','1956-03-01','58802 Cheryl Track\nHartmanmouth, DC 20539',1),(1700,'Emily Giles','1988-09-15','59656 Melissa Cape Apt. 285\nBrianhaven, NC 57737',0),(1701,'Christopher Moore','1961-02-06','773 George Green Suite 071\nNew Jacob, RI 79154',0),(1702,'Timothy Duran','1976-05-03','18180 Jennifer Centers Apt. 829\nWest Billy, GA 82976',1),(1703,'Denise Stephens','1997-07-31','009 Molina Forges Suite 374\nJacobton, HI 55131',0),(1704,'Erica Watts','1979-06-15','08491 Holly Plaza\nBoydtown, IA 59116',0),(1705,'Kara Davis','1972-03-03','65595 Daniel Square\nMeganfurt, NC 17587',1),(1706,'Melissa Meyers','2002-07-23','3981 Martin Falls\nEast Katherine, ME 94652',0),(1707,'Stephen Lindsey','1955-12-12','USNV Hill\nFPO AA 94008',0),(1708,'Wesley Brooks','1956-05-23','6306 Rosales Flat\nLake Ginafurt, TX 18275',1),(1709,'Bryan Atkinson','1973-09-25','722 Nguyen Lodge Apt. 255\nBowersmouth, RI 36541',1),(1710,'Kristin Martin','1970-05-17','509 Diana Wall Suite 256\nWest Taylor, FM 07636',0),(1711,'Sean Murphy','1987-06-09','18188 Lopez Via\nPort Jennifer, SD 70252',0),(1712,'Shelley Ferguson','1956-06-02','USNS Nelson\nFPO AE 52534',1),(1713,'Cody Barnes','1958-10-15','8203 Craig Valleys\nSchwartzton, AS 95482',0),(1714,'Michael Hill','2005-12-16','5400 Dixon Oval\nLake Brianburgh, NV 34828',1),(1715,'Jennifer Blanchard','1997-01-23','570 Matthew Plaza\nRobertland, PR 46202',0),(1716,'Ashley Rhodes','1954-07-18','698 Bush Cliffs\nPort Matthewshire, VA 84461',1),(1717,'Danielle Calderon','2001-03-02','4601 Andrew Cove\nSouth Deborahton, VA 64421',1),(1718,'Jonathan Randall','1979-11-06','3531 John Trace Apt. 210\nLake Brian, PW 74516',1),(1719,'Curtis Lewis','1961-04-27','6365 Myers Summit\nWest Taylorside, MP 65383',1),(1720,'Johnny Mooney','1968-04-04','3227 Amy Run Suite 324\nSouth Ralph, IN 36933',0),(1721,'Joseph Hamilton','1993-07-21','510 Walker Causeway Apt. 007\nSouth Scottfort, MT 80579',1),(1722,'Jesse Hall','1992-09-08','1778 Bolton Key\nEast Anthony, OH 31917',0),(1723,'Justin Guzman','1970-10-02','79310 Richard Plaza Apt. 706\nRamirezshire, NV 99429',0),(1724,'David Krause','1976-12-30','456 Shawn Spring\nEast Chrisport, IA 10829',1),(1725,'Paula Ramos','1959-01-06','84448 Laura Tunnel Apt. 670\nGomezbury, NV 14780',1),(1726,'Heather Wallace','1976-03-13','68642 Leach Rapid Suite 880\nCraigchester, PR 91949',0),(1727,'Pamela Jones','1977-07-21','8684 Barbara Divide\nElizabethmouth, AS 50711',1),(1728,'Robert Palmer','1974-06-18','492 Julia Meadows\nAndrewbury, WY 53490',1),(1729,'William Garcia','1963-12-28','9489 Allen Ridge Suite 047\nWest Megantown, PR 95618',1),(1730,'Sherry Wu','1981-08-07','17172 Horn Locks\nDuncanfort, NH 25440',0),(1731,'James James','1958-01-07','0930 Heather Circles Suite 720\nEast Patriciabury, OK 93856',0),(1732,'Amanda Reeves','1956-05-19','9823 Linda Squares\nLuisbury, PR 62181',0),(1733,'John Rodriguez','1990-07-25','0479 Diaz Light\nSouth Chase, MD 50254',0),(1734,'Nicholas Finley','1964-07-20','7165 Gutierrez Square Suite 164\nNorth Kevinshire, WV 69586',1),(1735,'Ruth Johnson','1960-05-12','946 Brown Stravenue Apt. 701\nCarrmouth, MP 55218',0),(1736,'Kristen Williams','1962-03-23','716 Ashley Plaza\nNorth Kristen, MH 61503',0),(1737,'Matthew Hardy','2002-05-22','PSC 8252, Box 3417\nAPO AP 65236',1),(1738,'Terri Quinn','1970-09-14','4345 Emily Extensions Suite 268\nBallland, DC 77847',1),(1739,'Erika Wheeler','2000-06-08','PSC 7850, Box 1527\nAPO AE 21228',0),(1740,'Joseph Crosby','1962-04-16','0116 Christian Village Suite 097\nBrownborough, NV 51584',1),(1741,'Ryan Lynn','1977-08-19','7058 Greene Knoll Apt. 205\nNew Lisaville, KY 23543',0),(1742,'Emily Ramos','1988-08-08','141 Donna Valley Apt. 771\nNew Robertstad, MI 07102',1),(1743,'Linda Pollard','1970-01-23','25774 King Spring Apt. 397\nAshleyside, PR 28223',1),(1744,'Nicholas Lane','1961-07-22','17391 Stephen Hills Apt. 464\nNorth David, WA 17028',0),(1745,'Brian Stuart','1961-07-12','67307 Audrey Mall\nJohnsonchester, LA 32031',0),(1746,'Hannah Collins','1971-01-28','50283 Jerry View\nCaitlynside, RI 42896',0),(1747,'Krystal Wilcox','1990-08-03','4722 William Loop\nReyeston, PA 12858',0),(1748,'Tammy Henderson','1958-05-25','562 Michael Union Apt. 242\nRonaldland, RI 84057',1),(1749,'Michael Miller','1955-03-13','6970 Sarah Ramp Apt. 660\nMichelefurt, FM 16571',0),(1750,'Shelly Davis','1981-03-01','Unit 7005 Box 6032\nDPO AE 07481',1),(1751,'Regina Tyler','1983-04-03','64894 Brown Port Suite 670\nSouth Danielview, AL 32787',0),(1752,'William Glover','1973-08-31','2072 Kelly Island\nDebrachester, RI 71057',0),(1753,'Samantha Hart','1971-12-19','7184 Curry Shores\nPort Robertberg, UT 40571',0),(1754,'Danielle Perry','2001-09-05','59361 Heidi Road Apt. 757\nChangstad, AZ 51890',0),(1755,'Christopher Ryan','2000-04-24','24216 Charlene Drive Suite 405\nAnitaton, ME 15250',0),(1756,'Alex Martinez','1956-05-23','5777 Gentry Harbors\nNew Melissaville, AK 96477',1),(1757,'Christopher Hawkins','1974-04-19','483 John Heights Suite 665\nSouth Robert, SC 67689',0),(1758,'Paul Christensen','1991-03-20','4761 Salinas Radial\nEast Michaelburgh, HI 81904',1),(1759,'Howard Lynch','1983-10-17','097 Jason Fields Suite 237\nNorth Davidton, PW 03435',0),(1760,'Kelly Smith','1991-01-23','016 Raymond Lock\nHenryside, NE 53666',1),(1761,'Karen Bennett','1983-11-12','1689 Mcintosh Run Apt. 917\nTracychester, PA 39955',1),(1762,'Kelly Jones','1970-02-15','534 Johnson Mews Apt. 614\nBrookeview, WV 43527',0),(1763,'John Hoffman','1996-11-03','USNV Hernandez\nFPO AA 33048',0),(1764,'Jason Roach','1970-06-20','9232 Susan Ports\nBowmanland, GU 19603',0),(1765,'Madison Cole','1961-10-13','774 Haney Vista\nMichelleberg, PR 70901',0),(1766,'Dennis Adams','1959-04-11','5037 Vasquez Circle Apt. 050\nMonicachester, WA 11945',0),(1767,'Richard Carr','1985-06-18','313 Parker Route\nPort Joel, SD 60144',0),(1768,'Richard Murillo','1963-07-16','39730 Jodi Street Suite 094\nMaynardchester, NC 69871',0),(1769,'Emily Stevenson','2002-03-25','259 Ford Route\nNew Karen, LA 08105',0),(1770,'Angela Anderson','1980-01-14','84939 Brittney Port\nNorth Pamelaport, KY 39728',1),(1771,'Frank Maldonado','1988-02-24','03282 Tina Club Suite 849\nWilliamton, RI 68052',1),(1772,'David Proctor','1993-10-14','2637 Hailey Squares\nSandraville, AZ 26314',1),(1773,'Shawn Davis','1993-06-15','9136 Adams Shoal\nKristenside, NC 44334',0),(1774,'Ryan Clark','1988-11-28','281 Ross Bridge Suite 445\nHansonville, MP 21878',0),(1775,'Sheri Bishop','1995-12-13','715 Day Mission\nNew Dana, TN 68777',0),(1776,'Stephanie Mitchell','1983-02-22','800 Steven Wall\nOwenbury, CO 63389',0),(1777,'Cathy Best','1984-12-14','27880 Roberts Meadow Apt. 427\nEast Kayla, PW 09508',0),(1778,'Martin Webster','1979-01-31','214 Gibson Drive Suite 997\nEast Robertberg, PA 87563',1),(1779,'Dana Decker','2004-11-15','PSC 1986, Box 3605\nAPO AP 63250',0),(1780,'Matthew Harris','1981-06-17','97981 William Plaza\nNew Kimberlyland, MS 64120',1),(1781,'Matthew Fisher','1993-02-20','9628 Jennifer Trail\nJustinmouth, IA 35357',1),(1782,'Ann Smith','1973-08-07','536 Brown Fort Apt. 235\nAmbershire, DC 54338',1),(1783,'Matthew Johnson','1989-06-06','135 Michael Greens Apt. 560\nAshleyside, UT 83129',0),(1784,'Megan Weber','1998-01-21','870 Webster Rue Suite 816\nSouth Charlene, AK 79006',0),(1785,'Samantha Wilson','1986-04-17','0195 White Lodge Suite 510\nLake Marymouth, MI 37004',0),(1786,'Isaiah Cummings','1980-03-27','480 Chambers Centers\nTracyport, MA 16820',1),(1787,'Nicole Nguyen','1995-10-22','48750 Stout Avenue\nNorth Kenneth, AK 39865',0),(1788,'Anna Johnson','1996-06-03','090 Campbell Avenue Suite 700\nLake Ianville, SD 96283',0),(1789,'Timothy Howard','1964-03-08','99061 Alan Cape\nSouth Nancybury, NV 44211',0),(1790,'Mary Downs','1993-06-24','6504 Melissa Station Suite 077\nDonnahaven, PA 02036',0),(1791,'Jennifer Ryan','1982-07-31','5280 Humphrey Heights\nJasonport, VI 63037',1),(1792,'Thomas Barnes','1987-01-07','428 Hughes Land\nJameschester, IN 79606',1),(1793,'Jose Holland','1975-05-02','USNS Rivera\nFPO AE 99582',1),(1794,'Danielle Mcdowell','1995-08-05','Unit 9316 Box 8058\nDPO AA 52210',0),(1795,'Debra Rowe','1966-06-18','426 Evans Islands\nVelezberg, VI 41642',0),(1796,'Eric Jackson','1979-03-01','70035 Frazier Causeway\nStevenhaven, KY 53433',0),(1797,'Craig Cabrera','2006-07-26','63716 Brett Knoll Apt. 000\nPort Tinaville, MS 43591',1),(1798,'Brittany Harris','1969-05-07','8605 Shepard Underpass\nEast Kim, CT 77923',0),(1799,'Ryan Johns','1958-03-18','6070 Linda Mountain\nDeborahfort, KY 68759',0),(1800,'Raymond Roberts','1984-05-24','2830 Gary Avenue\nWrightmouth, MD 42803',1),(1801,'Elizabeth Dodson','1982-12-19','367 Gonzalez Canyon\nSouth Charlotte, MS 71880',0),(1802,'Dustin Rojas','1989-12-31','317 Navarro Course\nNorth Ronniemouth, CT 36815',1),(1803,'Billy Harris','1972-11-21','USS Williams\nFPO AE 78017',1),(1804,'Kelsey Rodriguez','1966-08-06','61120 Hodges Track Apt. 399\nEast Taylor, WY 34539',1),(1805,'Olivia Wilcox','1991-11-12','368 Hartman Mountains Suite 381\nPort Javierfurt, MS 76509',0),(1806,'Lauren Nelson','1955-04-15','353 Allen Lodge\nLake Andrew, MS 01896',1),(1807,'Christopher Torres','1997-02-19','15822 Garcia Harbors\nStevenborough, CA 71049',1),(1808,'Darlene Perez','1996-05-29','47199 Cole Parkway\nNew Robert, AZ 19338',0),(1809,'Audrey Pitts','1995-02-21','9341 Jonathan Dale Apt. 667\nEast Kevin, WI 60766',1),(1810,'William Welch','1956-11-03','245 Wang Junction Suite 171\nClineport, KS 59519',1),(1811,'Brandon Huffman','1966-02-14','8248 Craig Branch Suite 948\nMeganshire, FM 70594',0),(1812,'Michael Kim','1977-05-02','7176 Johnson Valleys Suite 621\nNew Theresa, MT 08319',0),(1813,'Samantha Nguyen','1982-04-25','3847 Jennifer Prairie Apt. 990\nPort Brandi, MD 60080',1),(1814,'Kelly Fry','1971-07-29','1003 Davis Coves\nNew Bryanport, PA 56303',0),(1815,'Laura Wagner','1995-02-19','637 John Plains Suite 591\nLake Anthonyton, NE 93040',0),(1816,'James Edwards','1991-11-14','38888 Tiffany Mission\nJasmineville, TN 55650',1),(1817,'Shane Chambers','1967-12-08','7121 Scott Motorway Suite 309\nNew Joyfort, MD 07005',1),(1818,'Ruth Brewer','1970-04-18','659 Walker Square Apt. 125\nNorth Shawnashire, IA 31407',0),(1819,'David Randolph','1956-02-02','526 Abigail Forks\nPorterfurt, ND 17800',0),(1820,'Richard Black','1969-04-17','74505 James Light Apt. 463\nSouth Nicole, WI 27657',1),(1821,'Leonard Butler','1994-06-17','90360 April Vista\nJoshuaberg, DE 19806',0),(1822,'Casey Carroll','1983-02-02','20381 Melissa Inlet Suite 704\nPort Sydneyborough, GA 86432',0),(1823,'Robert Navarro','1981-07-04','USNS Coffey\nFPO AP 02093',0),(1824,'Nicole Henderson','1973-02-24','5284 Stevenson Lakes Apt. 207\nLake Danielle, AS 62167',1),(1825,'Cory Chapman','2005-11-16','84112 Jared Summit Suite 138\nSouth Reginafort, WV 35611',0),(1826,'Patrick Reed','1977-02-03','303 Leblanc Pine\nNorth Bethanymouth, OK 09848',1),(1827,'Darren Strickland','1971-05-13','95049 Brandt Forest\nCollierstad, WI 25307',0),(1828,'Kerry Trujillo','1987-02-19','65586 Tina Ramp\nJefferyfurt, TN 56439',1),(1829,'Sheila Christensen','1961-07-04','0366 Jackson Mountains Suite 851\nSouth Carolland, KS 43389',0),(1830,'Eric King','2003-01-11','874 Roberts Glen\nPort Williamfort, AZ 23971',0),(1831,'Melissa Aguilar','1985-09-22','PSC 9766, Box 8299\nAPO AP 54140',0),(1832,'Emma Gordon','1954-09-30','983 Taylor Squares Apt. 586\nDanielport, AR 63672',1),(1833,'Todd Griffin','2004-12-24','737 Catherine Hollow\nHesterton, MA 82963',0),(1834,'Alicia Higgins','1965-11-04','8893 Evans Square Suite 524\nYoungmouth, AL 54883',1),(1835,'Ethan Wells','1954-03-22','002 Rhonda Pines\nNorth Mindyville, CA 21271',1),(1836,'James Hayden','1961-04-15','18196 Diana Track\nSouth Billy, OR 89706',1),(1837,'William Nelson','1977-02-12','7815 Skinner Creek\nMelissafort, OK 45637',0),(1838,'Brenda Wolf','1990-07-18','017 Leslie Villages\nHarrisonmouth, FM 72782',0),(1839,'Nicole Lang','1999-02-24','06193 Krista Branch Suite 368\nEast Yvonne, VA 69259',0),(1840,'Taylor Salazar','1963-03-30','4181 Kimberly Summit\nPort Curtisfort, TX 19927',0),(1841,'John Schmidt','1981-08-06','810 Linda Stream Suite 050\nPort Justin, WY 97003',1),(1842,'Susan Ferrell','1959-02-28','16228 Mark Courts\nJohnsonfort, MI 42765',1),(1843,'Michele Bailey','2003-09-22','518 Traci Island Apt. 964\nShelbyland, WY 10228',0),(1844,'Christina Garcia','1967-10-13','26519 Catherine Stream Suite 424\nSouth Michaelchester, CA 31770',0),(1845,'Roy Brooks','1964-06-23','718 Gonzales Pine\nPort Zacharyborough, MI 91271',1),(1846,'David Bonilla','1979-09-17','51413 Steven Trail\nLorimouth, WI 24771',0),(1847,'Michelle Williams','1965-05-16','16919 Gordon Trail Apt. 092\nCarmenmouth, LA 21120',1),(1848,'Lindsey Rodriguez','1964-12-30','52725 Keith Grove\nValenciabury, MO 91718',0),(1849,'Robert Middleton','1996-01-03','USCGC Little\nFPO AA 14442',0),(1850,'Robert Keller','1976-12-12','549 Becker Haven\nSouth Gabriel, MS 20951',1),(1851,'George Guzman','1983-02-27','Unit 0437 Box 5365\nDPO AP 90877',0),(1852,'Tamara Williams','1999-01-28','20793 Steven Knoll Suite 486\nNorth Johnny, MS 48650',0),(1853,'John Russell','2004-06-04','078 Carlson Extension Apt. 968\nNew Bobbyberg, NY 84842',1),(1854,'Alyssa Mclean','2004-05-18','76778 Rebecca Oval\nWest Melanie, AZ 18848',1),(1855,'Donna Franklin','1991-01-12','47722 Robert Common\nEast Gary, ND 44421',1),(1856,'Edward Rhodes','1979-08-24','765 Rios Summit Suite 256\nSouth Kim, CA 20540',1),(1857,'Raymond Garcia','1978-03-30','63849 Schwartz Groves Apt. 817\nLake Davidton, AS 36578',0),(1858,'Jennifer Burnett','1991-07-16','2098 Green Estate\nLake Marc, MN 91681',0),(1859,'Bradley Morris','1993-04-16','95565 Charles Unions\nSouth Johnathan, IL 60871',1),(1860,'Allison Rose','1995-11-01','70755 Rangel Gateway Apt. 489\nAshleyborough, WI 09594',0),(1861,'Kyle Haley','1993-04-22','71534 Rodriguez Grove\nNorth Katherine, GA 83914',0),(1862,'Bill Pineda','1960-04-20','36613 Curtis Well Suite 629\nEast Daniel, VT 10223',1),(1863,'Rebecca Reeves','1961-10-08','22074 Kevin Mountain Suite 384\nRaymondland, RI 71473',1),(1864,'Mckenzie Bell','1962-08-15','895 Gonzalez Ville Apt. 466\nJenniferville, NV 97090',1),(1865,'Jerry Robinson','1994-05-15','954 Martin Throughway Suite 209\nEast Amberville, IL 78081',1),(1866,'Kevin Johnson','1982-09-17','7086 Phelps Glens Suite 162\nEarlbury, WA 53654',1),(1867,'Tommy Bond','2002-05-21','465 Heidi Track\nLake Robert, UT 13255',1),(1868,'Randy George','1990-06-21','465 Cooper Crossroad Suite 805\nNew Teresa, FL 51610',0),(1869,'Kristen Wilson','1971-01-21','57090 Ball Circles Apt. 788\nHunterchester, ID 50718',0),(1870,'David Green','1974-10-16','796 Francis Village Suite 528\nShannonshire, WI 16293',1),(1871,'Dr. Caleb Baker DDS','1973-07-03','3610 Gilmore Forge\nLisaport, VT 28458',0),(1872,'Heather Phillips','1968-12-06','129 Christopher Creek Suite 589\nClineborough, IN 01399',1),(1873,'Laurie Martin','1994-11-03','38281 Carey Vista Suite 330\nWest Paul, FL 93235',1),(1874,'Lawrence Parker','1975-05-30','USNV Lawson\nFPO AA 51973',0),(1875,'Randy Gray','1974-02-06','007 Lee Lakes\nWest Ashley, CA 50206',0),(1876,'Sheri Anderson','1954-10-20','558 Wilson Estate Suite 613\nSouth Michael, DE 70400',0),(1877,'Alicia Byrd','1959-02-23','39930 Harvey Spurs\nEast Ashleyville, RI 11263',0),(1878,'Jeffrey Hudson','1958-05-26','89373 Jon Radial\nBerryburgh, AK 63004',0),(1879,'Michael Young','2001-04-29','6247 Willis Burg\nGomezbury, DC 67695',1),(1880,'David Brown','2005-03-21','90045 Fisher Spurs Suite 874\nVictoriafort, KY 30025',1),(1881,'Rhonda Romero','1959-10-29','441 Rowe Circles\nSouth Courtney, MP 43609',0),(1882,'Tiffany Carey','1999-05-17','2760 Griffin Causeway Suite 283\nGambleview, OH 28137',1),(1883,'Amanda Frye','1982-12-21','381 Henderson Estate Apt. 066\nLyonsfurt, CO 18827',1),(1884,'Donna Bailey','1991-06-06','484 Emma Lakes Suite 330\nMichaelshire, NC 30354',1),(1885,'Melanie Blake','1999-05-28','5103 Kristy Trafficway Apt. 047\nBarnettton, OK 45909',1),(1886,'Andrew Lawrence','1969-11-09','5018 Jeffrey Prairie Suite 815\nWest Christopher, OR 93331',0),(1887,'Donna Vargas','1977-07-15','8728 Leslie Locks\nNew Emmaville, MN 62815',0),(1888,'Yesenia Vazquez','1975-03-22','34800 James Freeway\nSouth Jessica, NM 64643',0),(1889,'Stephen Bond','1961-11-24','071 Julian Lights Apt. 680\nFieldston, MP 81044',1),(1890,'Aaron Mason','2001-06-08','224 Thomas Ports Suite 121\nBenjaminshire, NY 98211',1),(1891,'Kevin Jones','1965-01-20','1157 Chelsea Divide\nLake Thomas, GU 26770',1),(1892,'Troy Bradley','1980-08-05','688 Carlos Centers Suite 284\nPort Joseph, ME 54682',1),(1893,'Priscilla Holmes','1964-02-13','PSC 6531, Box 3751\nAPO AA 58997',1),(1894,'Gina Jensen','1971-10-01','8237 Mcneil Falls Suite 187\nJosephview, NC 07870',1),(1895,'Erin Peterson','1994-06-26','11829 Summers Ranch\nSouth Nancy, OH 02506',0),(1896,'Karen Jordan','1971-01-14','1907 Matthew Via Apt. 513\nHernandezmouth, TN 32362',0),(1897,'Sean Hernandez','1994-03-07','Unit 9818 Box 2937\nDPO AA 72987',1),(1898,'Brittany Durham','1996-05-21','87486 Shannon Vista Suite 342\nPort Rebecca, ID 36506',0),(1899,'David Williamson','2001-02-18','269 Timothy Hills Apt. 212\nMooreberg, LA 31560',1),(1900,'Patrick Jackson','1962-10-23','2308 Moore Manors Suite 559\nWest Michaelstad, HI 71822',0),(1901,'Emma Callahan','1976-03-01','87459 Stephanie Squares Apt. 975\nCharlesshire, NE 82287',1),(1902,'Kristen Fuller','2003-08-23','52315 Stacey Burgs\nWest Carlfurt, NH 45130',1),(1903,'Martha Phelps','2002-01-04','4577 Bennett Mountains Suite 477\nJennifertown, MT 65291',0),(1904,'Sara Chambers','1996-10-04','0001 Wood Station Apt. 744\nPort Brendan, IL 33208',1),(1905,'Colleen Cruz','1968-09-23','52774 Nathan Route Apt. 256\nNorth Kimchester, UT 81224',1),(1906,'Jeremy Jones','1965-01-26','12456 Parsons Well Suite 117\nLoristad, MP 86964',1),(1907,'Carol Porter','1959-01-13','PSC 6179, Box 0063\nAPO AE 55952',0),(1908,'Michael Munoz','1984-02-02','4574 Adams Prairie\nLake Alan, IN 05934',0),(1909,'Rose Reyes','2005-11-11','33703 Charles Cove\nCollinsborough, HI 05207',0),(1910,'Kristen Smith','1962-05-26','2759 Ashley Isle Suite 623\nNew Ashleemouth, MN 38575',0),(1911,'Vanessa Morales','1955-01-06','7567 Larry Course\nVincentfort, UT 79696',0),(1912,'Brenda Hubbard','1990-11-18','52640 Sandra Well Suite 768\nTravisview, RI 88612',1),(1913,'Ryan Mccann','1955-04-05','4672 Shannon Ridge Apt. 232\nPort Charles, MN 06855',1),(1914,'Daniel Wilkinson','1995-11-27','107 Durham Place\nCoreychester, LA 39419',1),(1915,'Danielle Key','1975-10-16','7773 Wilson Light\nPort Scott, MP 05942',1),(1916,'Alexander Keith','1966-08-29','73406 Zamora Island\nLake Vanessa, WI 78957',1),(1917,'Mary Campbell MD','1979-11-26','301 Potter Haven\nSouth Jamesshire, HI 12610',0),(1918,'Mark Stephens','1994-08-05','6898 Martinez Cape\nSouth Gregory, HI 23276',1),(1919,'Aaron Wolfe','1962-06-26','50977 Pruitt Forks Apt. 810\nHillburgh, HI 21030',0),(1920,'Jacob Oconnor','1970-11-17','571 Morris Manors\nWest Troy, VT 14167',1),(1921,'Lauren Cox','1992-05-26','3162 Brandi Mount\nYoungland, GA 68125',0),(1922,'Marie Jones','2003-06-30','6438 Jessica Meadows\nNew Tanyatown, NV 56046',0),(1923,'Mary Strickland','1997-04-26','78398 Thomas Radial\nGonzalezton, AL 23092',1),(1924,'Angela Brown','1974-08-25','30464 Michelle Coves Apt. 917\nJenniferville, MS 78658',0),(1925,'Timothy Rodriguez','1981-02-14','USNS Barton\nFPO AA 63405',0),(1926,'Eric Wilson','2002-09-15','873 Ryan Keys\nGonzalesbury, MT 04573',1),(1927,'David Martinez','1998-11-25','555 Mitchell Prairie Apt. 111\nNew Felicia, GA 38606',0),(1928,'Melanie Whitaker','1994-09-14','86264 Brewer Island\nFordport, CT 47302',1),(1929,'Bradley Casey','1987-05-24','USS Rogers\nFPO AE 49869',0),(1930,'Jesus Price','1990-01-04','6017 Nancy Brooks Apt. 477\nCollintown, IN 76241',0),(1931,'Oscar Young','1970-08-17','168 Katelyn Gardens Apt. 513\nWest Pamela, OR 54952',1),(1932,'Michael Davila','1981-06-27','79035 John Divide Suite 888\nWest Juanhaven, WI 43710',1),(1933,'Caroline Hill','1969-05-28','4200 Acosta Curve\nPort Spencer, MN 54691',0),(1934,'Brian Gardner','1989-12-29','29195 Cooper Fork\nCruzmouth, GA 65560',0),(1935,'Mr. Matthew Villarreal MD','2004-08-20','2061 Jeremy Squares\nWest Eileen, NV 08350',1),(1936,'Teresa Washington','1955-04-01','660 Natalie Islands Apt. 084\nPort Teresa, CA 20317',0),(1937,'Connie Williams','1954-06-19','24617 Roy Crossroad Apt. 118\nLake James, NE 96606',0),(1938,'George Johnson','1977-06-16','34447 Foster Lodge\nVasquezport, GA 01356',0),(1939,'Stephanie Leonard','1971-11-26','8352 Nicholas Locks Suite 291\nNew Jeffery, AZ 02490',0),(1940,'Jennifer Brady','1973-07-26','8387 Donna Wells Apt. 747\nToddfort, NH 69410',0),(1941,'Paul Delgado','1984-03-16','7494 Brittany Garden Suite 067\nEast Mary, ME 74410',1),(1942,'Jeffrey Campbell','1996-06-29','36082 Jason Road\nSouth Molly, MP 13628',0),(1943,'Ronald Mathis','1962-10-08','49629 Marsh Heights Apt. 057\nSouth Tammy, KS 28832',0),(1944,'Eric Wright','1964-03-06','94212 Hayes Cliffs Apt. 992\nCarlosbury, WV 57478',1),(1945,'Diana Foster','1999-05-26','9244 Keller Cliffs\nMckayfort, PR 93226',1),(1946,'Whitney Brown','1958-07-23','78694 Rodriguez Stream Apt. 309\nNew Margaret, WA 80505',0),(1947,'Brooke Harris','1975-10-07','1124 Chelsey Squares Apt. 292\nEricashire, FM 03464',1),(1948,'Veronica Castro','1981-01-18','USCGC Bryant\nFPO AP 69799',0),(1949,'Nicole Melendez DDS','1978-04-19','52051 Black Street Apt. 021\nWest Robert, NJ 07010',0),(1950,'Jessica Hammond','2003-08-31','3988 Christina Station Suite 013\nSamanthafort, MT 34374',1),(1951,'John Schultz','1970-09-25','62973 Meyer Garden\nPort Chelseamouth, VT 12670',1),(1952,'Beth Ryan','1960-09-11','09847 Lee Mountain Suite 753\nSabrinaside, MN 33963',0),(1953,'Michael Martinez','1959-12-18','7540 Robert Vista Suite 954\nJohnton, NH 70536',1),(1954,'Rebecca Gonzalez','1998-03-29','1882 Silva Dam\nCindyton, AL 59123',0),(1955,'Robert Burton','1973-03-05','43621 Hoffman Harbors\nNew Melissa, IL 72591',0),(1956,'Sara Thornton','1975-10-06','9084 Jordan Knoll Apt. 168\nMartinezfurt, MI 37726',0),(1957,'Crystal Foster','1987-01-16','910 James Mills Apt. 817\nGonzalezland, TX 08669',0),(1958,'James Jackson','2000-10-05','USNV Hooper\nFPO AE 78455',0),(1959,'Barbara Price','1988-02-10','6786 Frazier Cliff Apt. 862\nLake Dennisport, KS 33370',0),(1960,'Rebecca James','1960-01-31','005 Kelli Mission Suite 650\nPort Nathanfurt, WI 09114',0),(1961,'Colleen Martinez','2006-01-17','1024 Calhoun Tunnel Suite 142\nWest Donaldfort, VI 13160',1),(1962,'Tammy Rivera','1962-01-10','460 Beverly Fields Suite 406\nKaylamouth, CO 08441',1),(1963,'Rachel Collins','1959-05-29','502 Pittman Lodge\nJeanetteland, AR 60990',1),(1964,'Amanda Grant','1994-09-26','PSC 7694, Box 9528\nAPO AE 49344',0),(1965,'Amanda Perry','1973-10-15','1869 Robin Station Suite 253\nWest Daniel, NV 17008',0),(1966,'Dillon Anderson','1987-04-21','43256 Clayton Stravenue Suite 237\nReillyside, NM 41156',0),(1967,'Kimberly Watson','1979-10-10','04504 Kelly Spur\nEast Andrew, CO 09210',1),(1968,'Clayton Morales','1954-09-05','51634 Lane Place\nLake Melissa, IN 09508',1),(1969,'Kara Harris','1983-07-17','75806 Murray Junctions\nNew Dannyberg, WI 20127',0),(1970,'Emily Simmons','1962-03-21','702 Dickson Ridges\nNorth Annaland, VI 07247',1),(1971,'Deborah Johnson','1977-12-06','029 Richard Prairie Suite 487\nTuckerborough, MS 13124',0),(1972,'Rachel Brandt','2000-06-21','9411 Brian Groves\nNew Gerald, FM 20484',0),(1973,'Jason Smith','1962-10-15','758 Summers Square\nMaysburgh, VA 17343',1),(1974,'Megan Miller','1976-04-04','59945 Claudia Summit\nKimberlymouth, GA 41158',1),(1975,'Lauren Stevens','1997-07-08','629 Long Ridges\nRobertmouth, VA 08292',1),(1976,'Carla Johnson','1993-09-16','88285 Mccall Fort Apt. 833\nEast Joelside, ME 68814',0),(1977,'Patrick Long','1975-04-22','875 Wiggins Trail Apt. 802\nMillerborough, LA 57775',1),(1978,'Sarah Patel','1972-07-20','7245 Hall Ridges\nAaronland, NE 19283',1),(1979,'Amanda Jefferson','1999-11-10','88882 Bennett Forks\nPort Jamie, CA 34012',1),(1980,'Steven Rice','1985-08-19','31951 Jennifer Parkways\nBrianport, GU 15134',1),(1981,'Keith Richards','1954-02-10','87967 Heath Course\nHesterburgh, AL 40695',0),(1982,'Allison Reyes','1982-12-13','604 Jones Park Suite 231\nChristianborough, NE 75285',1),(1983,'Robert Fields','1971-02-01','2299 Sean Canyon\nNorth Mariastad, OH 06428',0),(1984,'Lisa Scott','1973-04-08','133 Billy Stravenue Suite 669\nPort Gina, DC 39629',0),(1985,'Jordan Rojas','1955-05-03','5272 Smith Square\nTorresshire, AL 58556',0),(1986,'Ashley Lester','1976-09-28','PSC 9671, Box 4727\nAPO AE 27657',0),(1987,'Jessica Reyes','1988-11-24','1308 Lauren Villages Suite 168\nLauramouth, MI 15941',1),(1988,'Eric Sanchez','1966-06-14','1727 Daniel Shoals Apt. 220\nWest Kimberlyfurt, OR 12068',1),(1989,'Heather Wright','1994-03-27','PSC 4122, Box 4256\nAPO AE 55385',1),(1990,'Brian Green','1965-01-21','269 Diana Key\nGabrielport, MO 51757',1),(1991,'Mary Webster','2006-11-12','4513 Ronald Ramp Suite 761\nGeorgeburgh, IL 91186',0),(1992,'Stephanie Reed','1958-01-15','0902 Carter Ways Apt. 414\nNew Wayne, AS 25227',0),(1993,'Gregory Edwards','1966-04-10','91859 Garrett Hills\nPort Linda, NE 38879',1),(1994,'Richard Miranda','1994-04-03','238 Reyes Mission\nCartershire, MH 60780',1),(1995,'James Tran','1969-03-04','1152 Jon Ville Apt. 006\nWatsonbury, AZ 74559',1),(1996,'Barbara Dawson','1993-12-04','1243 Diaz Mount\nNew Kristinfurt, AS 41167',0),(1997,'Mitchell Miller','1958-06-17','7463 Loretta Heights\nPort Amanda, PA 08183',0),(1998,'Brandon Robinson','1987-08-01','101 Brenda Course Suite 028\nNorth Jessica, KS 37066',0),(1999,'Joseph Franco','1955-11-11','27327 Amber Grove Suite 459\nPricestad, NY 22417',0),(2000,'Paula Parks MD','1986-02-04','2454 Brian Mountain\nCherylchester, GU 85127',0);
/*!40000 ALTER TABLE `suspect` ENABLE KEYS */;
UNLOCK TABLES;

--
-- Table structure for table `suspect_incident`
--

DROP TABLE IF EXISTS `suspect_incident`;
/*!40101 SET @saved_cs_client     = @@character_set_client */;
/*!50503 SET character_set_client = utf8mb4 */;
CREATE TABLE `suspect_incident` (
  `incidentNumber` int NOT NULL,
  `suspectID` int NOT NULL,
  `involvementType` varchar(255) NOT NULL,
  PRIMARY KEY (`incidentNumber`,`suspectID`),
  KEY `suspectID` (`suspectID`),
  CONSTRAINT `suspect_incident_ibfk_1` FOREIGN KEY (`incidentNumber`) REFERENCES `incident` (`incidentNumber`) ON DELETE CASCADE ON UPDATE CASCADE,
  CONSTRAINT `suspect_incident_ibfk_2` FOREIGN KEY (`suspectID`) REFERENCES `suspect` (`suspectID`) ON DELETE CASCADE ON UPDATE CASCADE
) ENGINE=InnoDB DEFAULT CHARSET=utf8mb4 COLLATE=utf8mb4_0900_ai_ci;
/*!40101 SET character_set_client = @saved_cs_client */;

--
-- Dumping data for table `suspect_incident`
--

LOCK TABLES `suspect_incident` WRITE;
/*!40000 ALTER TABLE `suspect_incident` DISABLE KEYS */;
INSERT INTO `suspect_incident` VALUES (2,463,'Accused'),(2,507,'Accused'),(3,1076,'Accused'),(3,1359,'Victim'),(3,1383,'Accused'),(3,1445,'Accused'),(3,1990,'Victim'),(4,380,'Victim'),(4,1133,'Victim'),(5,1290,'Witness'),(5,1351,'Victim'),(5,1666,'Witness'),(6,61,'Victim'),(6,781,'Accused'),(6,1033,'Witness'),(7,953,'Witness'),(8,647,'Witness'),(8,1418,'Witness'),(9,492,'Victim'),(10,1565,'Witness'),(10,1743,'Witness'),(11,1154,'Accused'),(11,1178,'Witness'),(12,406,'Victim'),(12,1517,'Victim'),(12,1586,'Accused'),(12,1745,'Victim'),(13,1749,'Accused'),(14,1751,'Accused'),(15,294,'Witness'),(15,814,'Victim'),(15,1538,'Victim'),(16,626,'Witness'),(16,1179,'Victim'),(17,1120,'Victim'),(17,1942,'Witness'),(18,167,'Victim'),(18,1040,'Witness'),(18,1352,'Witness'),(19,1608,'Victim'),(20,501,'Witness'),(20,547,'Accused'),(20,625,'Witness'),(20,1112,'Witness'),(21,442,'Accused'),(21,1673,'Victim'),(21,1757,'Witness'),(22,359,'Victim'),(22,790,'Accused'),(23,1545,'Victim'),(23,1760,'Accused'),(25,1601,'Witness'),(26,137,'Victim'),(26,243,'Victim'),(26,1290,'Witness'),(27,1051,'Accused'),(28,261,'Victim'),(28,1147,'Accused'),(30,1846,'Witness'),(31,207,'Witness'),(31,353,'Accused'),(31,1496,'Victim'),(31,1644,'Accused'),(32,48,'Accused'),(32,1604,'Witness'),(33,301,'Witness'),(33,1124,'Victim'),(33,1260,'Victim'),(33,1451,'Accused'),(34,310,'Witness'),(34,325,'Accused'),(34,892,'Victim'),(34,1062,'Accused'),(34,1189,'Accused'),(35,125,'Witness'),(35,397,'Victim'),(35,804,'Victim'),(36,1911,'Victim'),(37,409,'Victim'),(37,1303,'Accused'),(37,1611,'Accused'),(38,292,'Accused'),(38,1533,'Accused'),(39,996,'Witness'),(40,121,'Accused'),(40,651,'Witness'),(41,164,'Victim'),(41,387,'Victim'),(41,490,'Victim'),(41,1935,'Victim'),(41,1945,'Accused'),(42,1212,'Witness'),(43,221,'Victim'),(43,237,'Witness'),(43,1069,'Witness'),(43,1132,'Victim'),(43,1506,'Witness'),(44,372,'Victim'),(44,493,'Accused'),(44,502,'Accused'),(44,1418,'Accused'),(44,1924,'Accused'),(45,845,'Witness'),(46,934,'Victim'),(46,1361,'Witness'),(47,1607,'Victim'),(48,102,'Witness'),(49,289,'Witness'),(52,224,'Victim'),(52,1274,'Witness'),(52,1302,'Accused'),(53,314,'Witness'),(53,465,'Witness'),(53,684,'Accused'),(53,801,'Accused'),(53,1047,'Victim'),(53,1138,'Victim'),(54,731,'Witness'),(54,1666,'Witness'),(55,1725,'Accused'),(56,321,'Witness'),(57,807,'Accused'),(57,955,'Accused'),(57,989,'Witness'),(57,1114,'Accused'),(57,1903,'Witness'),(58,660,'Witness'),(59,1738,'Victim'),(59,1756,'Accused'),(60,972,'Victim'),(60,1524,'Victim'),(61,857,'Victim'),(62,577,'Witness'),(63,1429,'Victim'),(64,1550,'Accused'),(65,715,'Accused'),(65,1590,'Witness'),(66,997,'Victim'),(67,575,'Witness'),(68,1566,'Victim'),(69,889,'Witness'),(69,1442,'Witness'),(70,567,'Victim'),(70,714,'Accused'),(71,71,'Victim'),(71,263,'Victim'),(71,304,'Victim'),(71,856,'Accused'),(71,1183,'Accused'),(71,1221,'Accused'),(71,1801,'Accused'),(71,1949,'Witness'),(73,392,'Victim'),(73,921,'Accused'),(73,1485,'Victim'),(73,1651,'Witness'),(74,39,'Witness'),(74,1034,'Accused'),(76,927,'Accused'),(76,1546,'Victim'),(76,1851,'Victim'),(77,322,'Accused'),(77,666,'Accused'),(77,674,'Witness'),(77,802,'Accused'),(77,1026,'Victim'),(77,1073,'Victim'),(78,53,'Accused'),(78,905,'Accused'),(78,1396,'Witness'),(79,1208,'Accused'),(79,1233,'Witness'),(80,1722,'Witness'),(81,388,'Victim'),(81,1964,'Victim'),(84,1766,'Witness'),(86,268,'Victim'),(86,1153,'Victim'),(87,947,'Accused'),(88,933,'Accused'),(89,1834,'Victim'),(91,473,'Accused'),(92,1337,'Accused'),(92,1480,'Accused'),(93,258,'Victim'),(94,77,'Accused'),(94,223,'Victim'),(94,403,'Witness'),(95,357,'Witness'),(95,1043,'Victim'),(96,127,'Accused'),(96,244,'Accused'),(96,853,'Accused'),(96,1096,'Victim'),(96,1222,'Accused'),(97,917,'Witness'),(97,1589,'Victim'),(99,388,'Accused'),(99,470,'Victim'),(99,846,'Witness'),(99,1226,'Accused'),(100,1897,'Accused'),(100,1903,'Victim'),(101,1318,'Accused'),(102,948,'Accused'),(102,1637,'Accused'),(103,1408,'Accused'),(103,1722,'Accused'),(104,486,'Witness'),(104,1019,'Witness'),(104,1409,'Victim'),(104,1457,'Accused'),(105,793,'Accused'),(106,1061,'Witness'),(107,197,'Accused'),(107,236,'Accused'),(108,180,'Witness'),(108,1117,'Victim'),(109,1286,'Victim'),(109,1446,'Victim'),(109,1530,'Witness'),(111,974,'Witness'),(111,1028,'Witness'),(111,1195,'Accused'),(111,1590,'Victim'),(113,112,'Accused'),(113,428,'Witness'),(114,98,'Victim'),(114,1110,'Victim'),(115,125,'Victim'),(115,1010,'Accused'),(118,99,'Victim'),(118,1910,'Accused'),(119,210,'Accused'),(119,529,'Accused'),(120,1904,'Accused'),(121,1384,'Witness'),(122,815,'Victim'),(122,1155,'Victim'),(122,1721,'Victim'),(122,1982,'Victim'),(123,463,'Witness'),(123,1244,'Accused'),(123,1972,'Accused'),(124,323,'Victim'),(124,370,'Witness'),(125,1842,'Accused'),(125,1932,'Accused'),(128,400,'Accused'),(128,1171,'Accused'),(130,951,'Victim'),(132,67,'Witness'),(132,106,'Witness'),(132,1925,'Accused'),(133,49,'Witness'),(134,1191,'Accused'),(135,489,'Witness'),(135,1526,'Witness'),(135,1604,'Witness'),(137,1707,'Accused'),(139,784,'Witness'),(140,244,'Victim'),(140,1759,'Witness'),(141,1075,'Accused'),(141,1986,'Witness'),(143,958,'Witness'),(144,506,'Witness'),(144,868,'Accused'),(144,1801,'Witness'),(145,554,'Witness'),(145,1488,'Accused'),(145,1804,'Accused'),(146,1183,'Accused'),(146,1311,'Accused'),(147,284,'Victim'),(147,474,'Accused'),(148,1173,'Accused'),(148,1749,'Accused'),(150,1695,'Victim'),(151,21,'Witness'),(151,780,'Accused'),(152,1244,'Accused'),(152,1296,'Victim'),(152,1389,'Witness'),(153,1457,'Witness'),(154,1972,'Accused'),(155,672,'Victim'),(156,63,'Witness'),(156,95,'Accused'),(156,212,'Victim'),(156,697,'Accused'),(156,1294,'Victim'),(157,1347,'Accused'),(157,1916,'Accused'),(157,1973,'Accused'),(158,256,'Victim'),(158,670,'Accused'),(158,1039,'Witness'),(159,146,'Victim'),(159,1981,'Witness'),(160,141,'Accused'),(160,1889,'Accused'),(161,628,'Accused'),(162,617,'Witness'),(162,1194,'Accused'),(162,1356,'Accused'),(162,1857,'Accused'),(163,586,'Witness'),(163,1611,'Victim'),(163,1895,'Witness'),(164,105,'Witness'),(165,10,'Victim'),(165,136,'Witness'),(166,418,'Victim'),(166,515,'Victim'),(166,1308,'Witness'),(166,1476,'Accused'),(166,1630,'Victim'),(166,1800,'Victim'),(167,566,'Witness'),(167,1493,'Victim'),(168,63,'Witness'),(168,1761,'Victim'),(168,1824,'Accused'),(169,1461,'Victim'),(170,346,'Witness'),(170,356,'Witness'),(171,630,'Victim'),(171,1104,'Victim'),(171,1631,'Victim'),(172,558,'Witness'),(172,672,'Victim'),(172,1779,'Victim'),(173,97,'Victim'),(173,1720,'Accused'),(174,641,'Accused'),(175,241,'Accused'),(175,1079,'Witness'),(175,1602,'Witness'),(175,1768,'Accused'),(176,1856,'Victim'),(177,615,'Victim'),(177,1806,'Accused'),(177,1906,'Witness'),(178,1002,'Victim'),(178,1287,'Witness'),(179,313,'Witness'),(179,541,'Victim'),(179,1008,'Witness'),(179,1053,'Witness'),(179,1257,'Victim'),(180,901,'Victim'),(180,1436,'Accused'),(181,441,'Accused'),(181,1253,'Accused'),(182,75,'Accused'),(182,138,'Victim'),(182,914,'Accused'),(182,1386,'Witness'),(183,1053,'Accused'),(183,1102,'Witness'),(184,899,'Witness'),(186,793,'Victim'),(186,1229,'Accused'),(187,14,'Witness'),(187,614,'Victim'),(187,672,'Witness'),(188,192,'Accused'),(188,263,'Accused'),(188,1289,'Accused'),(189,1398,'Accused'),(189,1717,'Accused'),(190,60,'Witness'),(190,487,'Victim'),(190,1213,'Victim'),(192,938,'Accused'),(192,1577,'Victim'),(193,71,'Victim'),(193,1885,'Witness'),(194,766,'Victim'),(194,957,'Witness'),(194,1572,'Accused'),(195,856,'Victim'),(195,1442,'Victim'),(195,1628,'Accused'),(195,1782,'Accused'),(195,1904,'Victim'),(197,1603,'Accused'),(197,1767,'Victim'),(197,1874,'Victim'),(199,1214,'Witness'),(200,169,'Victim'),(200,574,'Victim'),(201,804,'Accused'),(202,1437,'Witness'),(203,316,'Witness'),(203,1919,'Accused'),(204,635,'Accused'),(204,847,'Victim'),(205,1373,'Victim'),(205,1871,'Victim'),(206,983,'Accused'),(206,1030,'Victim'),(206,1186,'Victim'),(207,809,'Witness'),(208,2,'Witness'),(208,255,'Witness'),(208,1889,'Witness'),(209,740,'Victim'),(209,1069,'Witness'),(209,1767,'Witness'),(211,543,'Victim'),(211,1596,'Witness'),(211,1637,'Accused'),(212,323,'Victim'),(212,1617,'Witness'),(214,164,'Victim'),(214,559,'Accused'),(214,904,'Witness'),(214,1527,'Victim'),(214,1733,'Accused'),(215,116,'Accused'),(215,463,'Victim'),(215,505,'Victim'),(215,570,'Victim'),(215,577,'Accused'),(215,899,'Accused'),(216,676,'Victim'),(216,1876,'Victim'),(217,1793,'Witness'),(218,1353,'Victim'),(218,1906,'Witness'),(219,564,'Victim'),(219,849,'Witness'),(219,994,'Accused'),(219,1586,'Victim'),(219,1741,'Witness'),(220,188,'Witness'),(221,760,'Victim'),(221,1014,'Victim'),(222,183,'Accused'),(222,411,'Witness'),(222,1001,'Accused'),(223,1785,'Victim'),(223,1909,'Witness'),(224,443,'Victim'),(224,1693,'Witness'),(224,1742,'Witness'),(225,1878,'Victim'),(226,890,'Witness'),(226,1814,'Witness'),(227,1690,'Accused'),(228,107,'Witness'),(228,944,'Accused'),(228,1274,'Victim'),(229,169,'Victim'),(229,1400,'Accused'),(230,69,'Witness'),(230,142,'Witness'),(230,974,'Victim'),(230,1395,'Accused'),(232,1698,'Victim'),(234,110,'Victim'),(234,1139,'Witness'),(235,391,'Accused'),(235,644,'Accused'),(235,1415,'Accused'),(236,491,'Accused'),(236,1227,'Accused'),(237,749,'Witness'),(237,1886,'Witness'),(238,855,'Accused'),(238,1451,'Accused'),(238,1856,'Accused'),(239,1023,'Accused'),(239,1315,'Victim'),(239,1851,'Accused'),(240,688,'Witness'),(240,1763,'Victim'),(240,1961,'Accused'),(241,389,'Accused'),(242,502,'Victim'),(242,1068,'Witness'),(242,1774,'Victim'),(243,39,'Accused'),(243,932,'Accused'),(243,1758,'Victim'),(245,1355,'Witness'),(246,1751,'Accused'),(247,578,'Accused'),(247,995,'Victim'),(248,1104,'Accused'),(248,1574,'Witness'),(248,1862,'Accused'),(249,1617,'Witness'),(250,1660,'Accused'),(251,511,'Victim'),(252,309,'Accused'),(252,1835,'Accused'),(253,510,'Witness'),(253,1016,'Victim'),(253,1264,'Victim'),(253,1709,'Accused'),(254,1676,'Victim'),(256,1695,'Accused'),(257,158,'Witness'),(257,1061,'Witness'),(257,1506,'Witness'),(257,1547,'Witness'),(257,1608,'Accused'),(257,1799,'Accused'),(258,172,'Victim'),(258,905,'Victim'),(259,340,'Accused'),(259,1665,'Accused'),(259,1978,'Accused'),(261,1055,'Witness'),(261,1505,'Accused'),(262,97,'Victim'),(262,1081,'Accused'),(263,365,'Victim'),(263,402,'Victim'),(264,111,'Witness'),(264,155,'Witness'),(264,478,'Accused'),(264,584,'Witness'),(264,797,'Witness'),(264,1217,'Victim'),(265,716,'Victim'),(266,648,'Accused'),(266,1500,'Accused'),(266,1987,'Witness'),(267,991,'Accused'),(267,1779,'Witness'),(268,291,'Witness'),(268,798,'Accused'),(268,1117,'Witness'),(269,825,'Victim'),(269,1232,'Witness'),(271,1835,'Victim'),(272,320,'Victim'),(273,331,'Victim'),(274,305,'Accused'),(274,1374,'Accused'),(275,632,'Witness'),(275,1513,'Victim'),(276,340,'Witness'),(277,217,'Witness'),(277,1235,'Victim'),(277,1289,'Accused'),(277,1920,'Witness'),(278,576,'Victim'),(278,716,'Accused'),(278,1707,'Witness'),(280,159,'Victim'),(280,467,'Victim'),(281,461,'Accused'),(281,1975,'Witness'),(282,500,'Accused'),(282,567,'Victim'),(282,1390,'Witness'),(282,1453,'Witness'),(282,1482,'Witness'),(283,1704,'Accused'),(284,778,'Accused'),(285,575,'Victim'),(285,699,'Accused'),(285,808,'Accused'),(285,1417,'Accused'),(285,1874,'Victim'),(286,715,'Accused'),(286,1442,'Accused'),(287,1293,'Victim'),(288,748,'Accused'),(289,1910,'Accused'),(290,9,'Accused'),(290,796,'Victim'),(291,641,'Victim'),(291,1176,'Victim'),(292,614,'Accused'),(292,920,'Victim'),(292,1207,'Witness'),(293,154,'Accused'),(293,690,'Witness'),(293,1679,'Accused'),(294,34,'Victim'),(294,126,'Accused'),(294,1238,'Victim'),(294,1716,'Victim'),(296,455,'Victim'),(296,803,'Victim'),(297,53,'Victim'),(297,170,'Accused'),(297,323,'Victim'),(297,1701,'Accused'),(298,199,'Accused'),(298,703,'Victim'),(298,1579,'Accused'),(298,1635,'Victim'),(298,1732,'Accused'),(299,412,'Witness'),(299,1805,'Accused'),(299,1860,'Victim'),(301,270,'Victim'),(301,473,'Accused'),(301,570,'Accused'),(301,638,'Victim'),(301,1875,'Accused'),(302,138,'Accused'),(302,538,'Witness'),(302,1099,'Victim'),(303,1055,'Witness'),(303,1449,'Victim'),(305,928,'Witness'),(306,528,'Victim'),(306,1682,'Witness'),(306,1866,'Accused'),(307,44,'Victim'),(307,367,'Witness'),(308,357,'Witness'),(308,1240,'Accused'),(308,1530,'Accused'),(308,1536,'Accused'),(309,131,'Witness'),(309,684,'Victim'),(309,1289,'Accused'),(310,917,'Witness'),(312,451,'Victim'),(312,883,'Victim'),(313,133,'Victim'),(313,404,'Victim'),(313,1234,'Witness'),(314,349,'Victim'),(314,1898,'Witness'),(315,956,'Accused'),(315,1613,'Victim'),(316,77,'Witness'),(316,244,'Accused'),(316,533,'Witness'),(317,235,'Victim'),(317,262,'Victim'),(317,1848,'Accused'),(319,19,'Victim'),(319,1465,'Victim'),(319,1671,'Witness'),(319,1970,'Witness'),(320,1017,'Accused'),(320,1619,'Victim'),(320,1936,'Witness'),(322,82,'Victim'),(322,560,'Witness'),(322,803,'Victim'),(322,876,'Accused'),(323,1239,'Victim'),(323,1516,'Accused'),(323,1539,'Accused'),(323,1650,'Accused'),(324,197,'Accused'),(324,463,'Victim'),(324,938,'Victim'),(325,82,'Accused'),(326,819,'Witness'),(326,1157,'Accused'),(326,1475,'Accused'),(327,186,'Victim'),(327,1480,'Victim'),(329,303,'Accused'),(331,822,'Witness'),(331,1273,'Witness'),(332,446,'Victim'),(332,1764,'Witness'),(333,837,'Witness'),(333,1216,'Accused'),(333,1394,'Victim'),(334,168,'Victim'),(334,382,'Accused'),(335,332,'Witness'),(335,1387,'Witness'),(337,608,'Accused'),(337,1238,'Witness'),(338,800,'Victim'),(338,899,'Victim'),(339,836,'Accused'),(339,1446,'Witness'),(339,1533,'Witness'),(340,547,'Accused'),(340,1840,'Accused'),(341,1723,'Accused'),(343,308,'Victim'),(343,689,'Accused'),(344,836,'Accused'),(344,1094,'Victim'),(344,1909,'Accused'),(345,1752,'Victim'),(346,730,'Accused'),(346,874,'Accused'),(347,1093,'Accused'),(347,1737,'Witness'),(348,1053,'Victim'),(349,325,'Witness'),(349,1994,'Victim'),(350,1434,'Victim'),(350,1840,'Witness'),(351,487,'Accused'),(351,842,'Victim'),(352,209,'Witness'),(352,632,'Victim'),(352,1140,'Victim'),(352,1735,'Victim'),(353,1044,'Victim'),(354,4,'Witness'),(354,274,'Accused'),(354,590,'Victim'),(354,838,'Victim'),(354,1595,'Witness'),(355,563,'Witness'),(355,1209,'Victim'),(356,821,'Accused'),(358,218,'Witness'),(358,655,'Victim'),(358,1047,'Victim'),(358,1541,'Witness'),(360,111,'Victim'),(360,349,'Accused'),(360,1160,'Victim'),(360,1481,'Accused'),(361,1432,'Witness'),(363,983,'Witness'),(364,526,'Witness'),(364,778,'Victim'),(364,1311,'Accused'),(364,1832,'Victim'),(366,1129,'Victim'),(367,109,'Victim'),(367,683,'Victim'),(367,1351,'Witness'),(367,1901,'Accused'),(369,834,'Victim'),(369,1573,'Accused'),(370,169,'Victim'),(370,954,'Accused'),(370,1222,'Witness'),(371,895,'Accused'),(372,701,'Victim'),(372,1301,'Victim'),(373,1339,'Accused'),(373,1362,'Victim'),(374,357,'Victim'),(374,1013,'Accused'),(374,1118,'Victim'),(374,1377,'Victim'),(374,1529,'Witness'),(374,1863,'Witness'),(374,1953,'Witness'),(375,674,'Victim'),(376,292,'Accused'),(376,476,'Accused'),(376,1046,'Victim'),(376,1569,'Victim'),(377,1979,'Victim'),(378,429,'Accused'),(378,1235,'Witness'),(378,1252,'Accused'),(378,1325,'Victim'),(379,187,'Victim'),(379,507,'Witness'),(379,538,'Accused'),(379,856,'Victim'),(381,713,'Witness'),(382,1642,'Victim'),(383,1722,'Witness'),(384,171,'Accused'),(384,243,'Accused'),(384,1454,'Accused'),(385,134,'Accused'),(385,1762,'Witness'),(385,1854,'Accused'),(386,1020,'Witness'),(386,1330,'Witness'),(386,1552,'Accused'),(386,1711,'Accused'),(387,1444,'Accused'),(387,1458,'Accused'),(388,233,'Witness'),(388,857,'Victim'),(389,578,'Victim'),(389,990,'Accused'),(389,1811,'Accused'),(389,1857,'Witness'),(390,1586,'Witness'),(391,53,'Witness'),(392,1523,'Victim'),(392,1566,'Witness'),(394,55,'Witness'),(394,162,'Accused'),(395,947,'Witness'),(396,320,'Witness'),(396,1963,'Accused'),(397,384,'Victim'),(397,571,'Accused'),(397,709,'Witness'),(397,1946,'Victim'),(398,1447,'Accused'),(398,1552,'Witness'),(400,1737,'Witness'),(401,144,'Accused'),(403,633,'Accused'),(404,4,'Accused'),(404,695,'Witness'),(405,609,'Accused'),(405,1125,'Accused'),(405,1152,'Victim'),(405,1969,'Accused'),(407,865,'Witness'),(407,1469,'Victim'),(407,1839,'Victim'),(408,1145,'Witness'),(409,168,'Witness'),(409,1264,'Witness'),(410,713,'Accused'),(410,1243,'Victim'),(410,1495,'Accused'),(411,1397,'Victim'),(412,278,'Victim'),(412,1850,'Accused'),(412,1975,'Accused'),(413,351,'Accused'),(413,635,'Accused'),(413,685,'Witness'),(413,978,'Accused'),(414,273,'Victim'),(414,1567,'Accused'),(415,413,'Witness'),(416,599,'Victim'),(416,1123,'Witness'),(416,1364,'Witness'),(417,141,'Witness'),(417,228,'Accused'),(417,1228,'Victim'),(417,2000,'Victim'),(418,1195,'Victim'),(418,1209,'Accused'),(420,532,'Victim'),(420,1999,'Victim'),(421,675,'Witness'),(421,963,'Witness'),(421,1848,'Victim'),(422,876,'Accused'),(422,1081,'Witness'),(422,1568,'Witness'),(423,609,'Victim'),(423,827,'Witness'),(423,1312,'Witness'),(424,1027,'Victim'),(425,1042,'Accused'),(425,1784,'Accused'),(426,1599,'Accused'),(427,1126,'Accused'),(427,1837,'Accused'),(428,110,'Witness'),(429,1576,'Witness'),(429,1992,'Accused'),(430,260,'Victim'),(431,117,'Victim'),(431,443,'Victim'),(431,509,'Accused'),(431,1117,'Witness'),(431,1159,'Witness'),(431,1922,'Witness'),(432,714,'Accused'),(432,832,'Accused'),(432,1814,'Victim'),(433,1211,'Accused'),(433,1445,'Victim'),(434,671,'Victim'),(435,362,'Victim'),(437,1249,'Accused'),(438,1482,'Victim'),(439,452,'Victim'),(439,1704,'Victim'),(439,1899,'Accused'),(440,182,'Victim'),(440,768,'Accused'),(440,948,'Accused'),(440,1316,'Accused'),(440,1696,'Accused'),(441,777,'Victim'),(442,121,'Accused'),(442,1704,'Victim'),(443,853,'Witness'),(443,1442,'Witness'),(443,1835,'Victim'),(444,454,'Accused'),(444,926,'Victim'),(445,545,'Accused'),(445,1766,'Victim'),(446,71,'Accused'),(446,938,'Witness'),(446,1086,'Accused'),(447,1564,'Witness'),(448,713,'Witness'),(448,725,'Victim'),(451,360,'Victim'),(452,1694,'Victim'),(453,596,'Witness'),(453,1436,'Witness'),(453,1532,'Accused'),(454,424,'Accused'),(455,274,'Victim'),(456,1211,'Accused'),(457,1158,'Accused'),(457,1265,'Victim'),(457,1564,'Witness'),(458,1262,'Accused'),(458,1288,'Witness'),(459,115,'Witness'),(459,199,'Victim'),(459,312,'Witness'),(461,40,'Witness'),(461,50,'Witness'),(462,859,'Victim'),(463,841,'Accused'),(463,1482,'Victim'),(463,1687,'Accused'),(465,506,'Witness'),(465,588,'Victim'),(466,873,'Accused'),(468,1457,'Victim'),(469,968,'Accused'),(469,1352,'Witness'),(469,1364,'Accused'),(469,1443,'Witness'),(470,15,'Accused'),(470,264,'Accused'),(471,1797,'Witness'),(472,64,'Accused'),(473,280,'Witness'),(474,1575,'Witness'),(475,194,'Witness'),(475,930,'Witness'),(475,1534,'Accused'),(476,308,'Witness'),(476,996,'Accused'),(476,1047,'Witness'),(476,1131,'Victim'),(476,1597,'Victim'),(476,1784,'Accused'),(477,1413,'Witness'),(477,1838,'Accused'),(478,394,'Witness'),(478,745,'Accused'),(478,1322,'Accused'),(479,232,'Accused'),(479,612,'Witness'),(479,1219,'Witness'),(479,1768,'Accused'),(480,1579,'Witness'),(480,1754,'Victim'),(480,1868,'Accused'),(481,270,'Victim'),(481,1801,'Witness'),(481,1823,'Victim'),(483,30,'Witness'),(483,1031,'Witness'),(484,1240,'Witness'),(484,1655,'Accused'),(485,1729,'Witness'),(486,1862,'Victim'),(487,526,'Victim'),(487,1235,'Witness'),(487,1685,'Witness'),(488,653,'Witness'),(488,1486,'Witness'),(489,616,'Victim'),(489,808,'Victim'),(489,1864,'Victim'),(490,177,'Victim'),(490,1084,'Accused'),(491,1041,'Witness'),(492,779,'Accused'),(492,1922,'Accused'),(493,942,'Victim'),(493,1271,'Victim'),(494,637,'Victim'),(494,1623,'Victim'),(496,1462,'Accused'),(497,141,'Victim'),(498,1236,'Witness'),(498,1550,'Victim'),(499,1754,'Witness'),(501,157,'Victim'),(501,399,'Accused'),(502,56,'Accused'),(503,37,'Victim'),(503,649,'Accused'),(503,1407,'Witness'),(504,620,'Accused'),(505,499,'Witness'),(506,101,'Victim'),(506,155,'Victim'),(506,186,'Victim'),(506,366,'Accused'),(506,1399,'Victim'),(507,1394,'Victim'),(508,1500,'Witness'),(509,1372,'Victim'),(510,12,'Accused'),(510,805,'Accused'),(511,776,'Victim'),(511,1320,'Accused'),(512,509,'Victim'),(512,1162,'Victim'),(513,1159,'Victim'),(513,1828,'Accused'),(514,233,'Accused'),(514,880,'Victim'),(515,187,'Victim'),(515,991,'Witness'),(515,1385,'Victim'),(515,1703,'Victim'),(516,249,'Victim'),(516,1138,'Witness'),(516,1393,'Victim'),(516,1961,'Accused'),(517,1762,'Victim'),(518,1481,'Witness'),(519,928,'Victim'),(519,1706,'Accused'),(519,1919,'Accused'),(520,952,'Witness'),(520,1310,'Witness'),(520,1442,'Witness'),(520,1635,'Accused'),(520,1961,'Accused'),(521,1278,'Victim'),(521,1660,'Accused'),(522,302,'Witness'),(522,970,'Witness'),(523,476,'Accused'),(523,1206,'Accused'),(523,1958,'Victim'),(525,146,'Accused'),(525,558,'Victim'),(525,1425,'Accused'),(525,1455,'Accused'),(525,1657,'Witness'),(526,3,'Witness'),(526,402,'Victim'),(526,1943,'Accused'),(527,836,'Victim'),(527,1842,'Accused'),(527,1938,'Accused'),(528,65,'Accused'),(528,635,'Victim'),(528,1825,'Accused'),(529,899,'Victim'),(531,103,'Witness'),(531,933,'Witness'),(531,1009,'Accused'),(531,1222,'Victim'),(531,1518,'Accused'),(532,1126,'Victim'),(533,660,'Accused'),(533,1772,'Accused'),(534,155,'Victim'),(534,728,'Accused'),(534,865,'Accused'),(534,895,'Accused'),(535,1047,'Witness'),(535,1665,'Victim'),(536,1906,'Witness'),(537,1474,'Witness'),(537,1498,'Witness'),(537,1689,'Witness'),(538,1931,'Victim'),(539,53,'Victim'),(539,149,'Victim'),(539,904,'Accused'),(539,1107,'Witness'),(539,1267,'Accused'),(539,1349,'Witness'),(539,1728,'Victim'),(540,1350,'Accused'),(540,1477,'Witness'),(541,480,'Witness'),(541,1736,'Accused'),(542,214,'Accused'),(543,303,'Victim'),(543,372,'Victim'),(543,735,'Accused'),(543,1021,'Witness'),(545,428,'Witness'),(545,820,'Victim'),(545,977,'Victim'),(546,336,'Witness'),(546,822,'Witness'),(546,1494,'Victim'),(546,1871,'Witness'),(546,1975,'Witness'),(547,152,'Accused'),(547,871,'Accused'),(548,658,'Victim'),(548,1031,'Victim'),(548,1083,'Accused'),(548,1662,'Victim'),(549,544,'Witness'),(549,798,'Accused'),(549,1654,'Accused'),(550,854,'Accused'),(551,377,'Victim'),(551,991,'Victim'),(551,1396,'Victim'),(552,554,'Witness'),(552,1660,'Witness'),(552,1862,'Victim'),(552,1882,'Witness'),(553,110,'Witness'),(553,1606,'Accused'),(553,1682,'Victim'),(554,262,'Victim'),(554,316,'Witness'),(554,1296,'Victim'),(554,1645,'Witness'),(555,213,'Accused'),(555,773,'Victim'),(555,1301,'Witness'),(557,164,'Accused'),(558,221,'Victim'),(558,519,'Witness'),(558,1382,'Witness'),(558,1643,'Witness'),(558,1863,'Victim'),(559,1709,'Witness'),(560,1124,'Witness'),(560,1214,'Accused'),(560,1481,'Accused'),(560,1780,'Victim'),(561,1010,'Witness'),(561,1265,'Victim'),(561,1321,'Witness'),(562,871,'Witness'),(563,1271,'Victim'),(563,1717,'Victim'),(563,1865,'Witness'),(564,152,'Victim'),(564,973,'Accused'),(564,1188,'Witness'),(565,710,'Accused'),(565,1415,'Victim'),(566,496,'Victim'),(568,278,'Victim'),(568,326,'Victim'),(568,559,'Victim'),(568,748,'Accused'),(570,251,'Witness'),(570,970,'Accused'),(571,1559,'Witness'),(572,497,'Accused'),(572,1131,'Accused'),(572,1475,'Accused'),(573,164,'Accused'),(573,435,'Accused'),(573,656,'Victim'),(574,417,'Victim'),(574,922,'Accused'),(576,365,'Accused'),(577,906,'Accused'),(578,1900,'Witness'),(579,713,'Victim'),(579,1575,'Witness'),(579,1881,'Victim'),(580,608,'Accused'),(580,1796,'Accused'),(581,403,'Victim'),(581,563,'Victim'),(581,1656,'Witness'),(581,1717,'Witness'),(582,1476,'Accused'),(582,1756,'Victim'),(582,1776,'Accused'),(582,1870,'Witness'),(583,474,'Accused'),(583,855,'Accused'),(583,1941,'Witness'),(584,284,'Accused'),(584,528,'Victim'),(584,577,'Victim'),(584,803,'Victim'),(584,1545,'Witness'),(586,570,'Victim'),(586,972,'Accused'),(586,1365,'Victim'),(587,669,'Accused'),(587,1799,'Accused'),(588,186,'Victim'),(588,567,'Victim'),(588,1564,'Witness'),(589,1476,'Accused'),(590,490,'Accused'),(590,1215,'Witness'),(592,1402,'Victim'),(592,1744,'Witness'),(593,280,'Victim'),(593,424,'Accused'),(593,575,'Witness'),(593,650,'Accused'),(593,1445,'Victim'),(593,1762,'Witness'),(594,123,'Accused'),(594,530,'Witness'),(594,675,'Accused'),(594,1358,'Accused'),(595,85,'Witness'),(595,1316,'Witness'),(596,116,'Victim'),(596,1189,'Victim'),(596,1866,'Accused'),(597,1242,'Accused'),(598,1734,'Victim'),(599,1356,'Accused'),(600,362,'Accused'),(600,751,'Victim'),(601,307,'Witness'),(601,896,'Accused'),(601,1177,'Witness'),(602,1481,'Accused'),(604,1096,'Victim'),(605,598,'Witness'),(605,1534,'Witness'),(605,1546,'Victim'),(606,678,'Witness'),(606,1502,'Victim'),(607,73,'Victim'),(608,176,'Accused'),(608,507,'Accused'),(608,863,'Witness'),(609,634,'Accused'),(609,785,'Victim'),(609,1949,'Accused'),(610,1714,'Victim'),(610,1951,'Victim'),(611,409,'Witness'),(611,566,'Witness'),(613,531,'Witness'),(613,1700,'Victim'),(613,1776,'Victim'),(614,203,'Victim'),(614,371,'Witness'),(614,543,'Accused'),(614,1399,'Victim'),(615,128,'Victim'),(615,621,'Accused'),(615,854,'Witness'),(616,550,'Accused'),(617,104,'Victim'),(617,523,'Accused'),(617,741,'Accused'),(617,1273,'Victim'),(618,158,'Victim'),(618,898,'Witness'),(618,1891,'Victim'),(619,373,'Victim'),(619,376,'Accused'),(619,1243,'Witness'),(620,1527,'Victim'),(621,1281,'Accused'),(621,1482,'Accused'),(621,1784,'Witness'),(621,1995,'Victim'),(622,482,'Accused'),(622,1002,'Witness'),(622,1218,'Witness'),(623,320,'Victim'),(623,486,'Witness'),(623,702,'Accused'),(623,1396,'Accused'),(623,1815,'Accused'),(624,210,'Victim'),(624,395,'Accused'),(624,1972,'Witness'),(626,57,'Accused'),(626,289,'Victim'),(627,248,'Accused'),(627,1370,'Witness'),(628,340,'Witness'),(628,686,'Victim'),(628,1283,'Witness'),(629,35,'Victim'),(629,782,'Accused'),(630,170,'Witness'),(630,867,'Accused'),(631,1909,'Accused'),(632,479,'Witness'),(632,892,'Accused'),(633,1002,'Victim'),(633,1875,'Witness'),(634,125,'Witness'),(634,468,'Accused'),(636,199,'Accused'),(636,206,'Accused'),(636,213,'Witness'),(637,666,'Accused'),(638,159,'Accused'),(638,1708,'Victim'),(639,1125,'Victim'),(640,378,'Victim'),(640,379,'Witness'),(640,771,'Witness'),(641,1292,'Victim'),(641,1897,'Witness'),(642,1343,'Accused'),(642,1770,'Accused'),(643,603,'Witness'),(643,1066,'Victim'),(644,121,'Victim'),(644,1011,'Victim'),(644,1721,'Victim'),(645,844,'Accused'),(645,1117,'Accused'),(646,303,'Victim'),(646,591,'Victim'),(646,786,'Victim'),(646,1638,'Victim'),(646,1718,'Victim'),(647,519,'Victim'),(647,1769,'Victim'),(648,1121,'Accused'),(648,1435,'Witness'),(648,1467,'Accused'),(648,1672,'Victim'),(649,88,'Witness'),(651,130,'Accused'),(651,415,'Victim'),(651,902,'Accused'),(652,1106,'Accused'),(652,1899,'Victim'),(653,33,'Victim'),(653,898,'Victim'),(653,1141,'Witness'),(653,1905,'Witness'),(654,277,'Victim'),(654,365,'Victim'),(654,1684,'Witness'),(654,1724,'Accused'),(655,520,'Witness'),(655,817,'Witness'),(655,1791,'Witness'),(656,1860,'Accused'),(657,1698,'Accused'),(658,1585,'Witness'),(659,838,'Victim'),(659,1003,'Accused'),(659,1423,'Accused'),(660,210,'Accused'),(660,284,'Witness'),(660,1472,'Witness'),(661,813,'Victim'),(661,1678,'Victim'),(662,167,'Victim'),(662,343,'Victim'),(662,582,'Victim'),(662,1158,'Victim'),(663,1167,'Accused'),(663,1971,'Victim'),(664,424,'Witness'),(664,442,'Witness'),(664,610,'Victim'),(664,998,'Accused'),(664,1153,'Accused'),(664,1458,'Witness'),(664,1494,'Accused'),(664,1827,'Witness'),(664,1964,'Victim'),(665,240,'Victim'),(665,813,'Accused'),(665,1356,'Victim'),(665,1803,'Witness'),(666,205,'Accused'),(666,559,'Accused'),(666,1990,'Accused'),(667,138,'Victim'),(667,302,'Witness'),(667,1132,'Accused'),(667,1176,'Witness'),(668,25,'Accused'),(668,93,'Accused'),(668,433,'Accused'),(668,520,'Victim'),(668,822,'Victim'),(669,457,'Witness'),(670,674,'Accused'),(671,50,'Witness'),(671,402,'Accused'),(671,429,'Victim'),(671,561,'Accused'),(671,966,'Accused'),(672,178,'Victim'),(672,1382,'Witness'),(673,640,'Victim'),(673,1436,'Victim'),(673,1548,'Victim'),(673,1829,'Accused'),(673,1837,'Witness'),(675,281,'Victim'),(675,923,'Witness'),(675,1353,'Witness'),(675,1964,'Witness'),(676,1177,'Victim'),(676,1339,'Witness'),(676,1936,'Witness'),(677,361,'Accused'),(677,421,'Witness'),(677,516,'Accused'),(677,537,'Victim'),(679,1144,'Victim'),(679,1770,'Victim'),(680,1415,'Accused'),(682,1422,'Accused'),(683,94,'Victim'),(683,612,'Witness'),(683,1447,'Accused'),(683,1709,'Victim'),(685,405,'Victim'),(685,474,'Witness'),(686,448,'Accused'),(687,129,'Witness'),(687,706,'Witness'),(687,1588,'Accused'),(689,742,'Victim'),(689,1094,'Victim'),(691,651,'Victim'),(692,423,'Witness'),(692,724,'Victim'),(694,624,'Victim'),(694,1092,'Accused'),(694,1717,'Witness'),(695,1357,'Victim'),(696,560,'Witness'),(696,685,'Victim'),(696,795,'Victim'),(696,1663,'Accused'),(696,1678,'Witness'),(696,1999,'Witness'),(697,459,'Victim'),(697,1985,'Accused'),(698,1778,'Witness'),(701,103,'Witness'),(703,825,'Witness'),(703,944,'Witness'),(703,1638,'Accused'),(703,1707,'Victim'),(706,487,'Witness'),(706,1136,'Victim'),(706,1895,'Witness'),(706,1970,'Accused'),(707,501,'Witness'),(707,1627,'Accused'),(708,692,'Victim'),(709,391,'Accused'),(709,630,'Witness'),(710,279,'Witness'),(711,412,'Victim'),(711,894,'Victim'),(712,319,'Witness'),(712,478,'Victim'),(712,691,'Witness'),(712,738,'Witness'),(713,696,'Victim'),(714,203,'Witness'),(714,932,'Accused'),(716,1359,'Victim'),(717,8,'Witness'),(717,616,'Victim'),(719,161,'Accused'),(720,1361,'Accused'),(721,1481,'Accused'),(722,660,'Victim'),(722,735,'Accused'),(722,1168,'Witness'),(723,1091,'Witness'),(724,702,'Accused'),(724,889,'Victim'),(725,188,'Accused'),(725,971,'Victim'),(725,1612,'Witness'),(726,484,'Witness'),(727,650,'Victim'),(728,821,'Accused'),(728,983,'Witness'),(728,1889,'Accused'),(729,112,'Accused'),(729,219,'Accused'),(729,1017,'Accused'),(729,1161,'Witness'),(729,1913,'Accused'),(731,315,'Witness'),(731,1643,'Witness'),(733,764,'Victim'),(733,1063,'Accused'),(734,500,'Victim'),(734,1055,'Accused'),(734,1569,'Witness'),(735,326,'Accused'),(736,588,'Witness'),(737,385,'Accused'),(737,1627,'Witness'),(737,1674,'Victim'),(739,1583,'Witness'),(740,773,'Accused'),(740,1176,'Accused'),(740,1462,'Victim'),(741,853,'Victim'),(742,240,'Witness'),(742,525,'Witness'),(743,147,'Witness'),(743,810,'Victim'),(743,1287,'Witness'),(743,1399,'Witness'),(745,97,'Victim'),(745,274,'Victim'),(745,1376,'Witness'),(746,822,'Witness'),(746,1782,'Accused'),(747,1140,'Witness'),(747,1941,'Witness'),(748,682,'Witness'),(748,1880,'Accused'),(749,863,'Witness'),(749,1891,'Accused'),(750,709,'Accused'),(750,907,'Victim'),(750,1010,'Accused'),(751,1150,'Witness'),(751,1154,'Accused'),(751,1341,'Witness'),(752,875,'Accused'),(753,1179,'Witness'),(754,705,'Accused'),(754,1008,'Accused'),(754,1589,'Witness'),(755,190,'Witness'),(755,599,'Accused'),(755,1728,'Accused'),(756,1389,'Accused'),(757,947,'Accused'),(757,1619,'Victim'),(758,593,'Accused'),(759,1193,'Witness'),(759,1852,'Witness'),(760,1266,'Accused'),(760,1709,'Accused'),(760,1802,'Victim'),(761,122,'Victim'),(762,533,'Victim'),(762,1677,'Witness'),(763,1708,'Witness'),(764,1404,'Witness'),(766,695,'Accused'),(766,1380,'Witness'),(766,1954,'Witness'),(767,406,'Witness'),(768,542,'Victim'),(769,1688,'Accused'),(771,92,'Victim'),(771,1692,'Victim'),(771,1999,'Victim'),(772,125,'Witness'),(772,1128,'Accused'),(772,1937,'Victim'),(774,481,'Accused'),(774,857,'Witness'),(774,1014,'Accused'),(775,840,'Witness'),(775,1147,'Victim'),(775,1159,'Witness'),(775,1261,'Accused'),(777,597,'Accused'),(778,862,'Victim'),(778,1088,'Victim'),(779,268,'Witness'),(779,1286,'Victim'),(779,1318,'Witness'),(780,1237,'Accused'),(780,1488,'Victim'),(781,335,'Victim'),(782,592,'Accused'),(782,1879,'Victim'),(783,137,'Accused'),(784,854,'Witness'),(784,1646,'Witness'),(785,187,'Victim'),(785,432,'Accused'),(785,494,'Victim'),(785,682,'Victim'),(785,1027,'Victim'),(785,1210,'Accused'),(786,138,'Accused'),(786,343,'Accused'),(786,1535,'Witness'),(787,53,'Witness'),(787,1801,'Victim'),(788,1245,'Accused'),(789,79,'Victim'),(789,1040,'Witness'),(790,836,'Victim'),(790,1210,'Victim'),(790,1857,'Victim'),(792,1458,'Accused'),(792,1894,'Victim'),(794,923,'Accused'),(795,78,'Victim'),(795,224,'Witness'),(795,476,'Witness'),(796,45,'Accused'),(796,779,'Accused'),(796,1182,'Victim'),(797,463,'Accused'),(798,233,'Accused'),(798,291,'Witness'),(798,1310,'Accused'),(798,1344,'Victim'),(798,1432,'Witness'),(799,567,'Witness'),(800,2,'Victim'),(800,562,'Accused'),(801,1311,'Accused'),(801,1836,'Victim'),(803,93,'Witness'),(804,193,'Witness'),(805,619,'Victim'),(805,1452,'Accused'),(807,1645,'Victim'),(808,341,'Victim'),(808,394,'Accused'),(808,422,'Witness'),(810,68,'Accused'),(810,477,'Victim'),(810,580,'Victim'),(811,307,'Accused'),(811,730,'Victim'),(811,1154,'Witness'),(812,1190,'Accused'),(812,1695,'Witness'),(813,1018,'Witness'),(813,1226,'Accused'),(813,1526,'Witness'),(815,41,'Victim'),(815,534,'Witness'),(815,1150,'Accused'),(815,1212,'Accused'),(815,1237,'Victim'),(815,1750,'Witness'),(816,594,'Victim'),(816,1216,'Accused'),(818,256,'Accused'),(818,1496,'Witness'),(819,895,'Victim'),(820,1618,'Witness'),(821,1622,'Victim'),(822,122,'Witness'),(822,496,'Witness'),(822,625,'Witness'),(823,512,'Accused'),(823,976,'Accused'),(823,1713,'Victim'),(824,55,'Accused'),(824,293,'Witness'),(824,382,'Victim'),(824,1258,'Witness'),(825,242,'Victim'),(826,915,'Victim'),(826,1623,'Victim'),(826,1705,'Victim'),(827,1292,'Witness'),(827,1790,'Witness'),(827,1850,'Witness'),(829,540,'Accused'),(830,1975,'Victim'),(831,1781,'Victim'),(831,1995,'Accused'),(832,476,'Witness'),(832,1206,'Witness'),(833,1615,'Victim'),(834,336,'Victim'),(834,588,'Accused'),(834,1654,'Accused'),(835,58,'Witness'),(835,576,'Accused'),(835,787,'Accused'),(835,1191,'Witness'),(835,1919,'Accused'),(835,1934,'Witness'),(836,590,'Victim'),(836,1885,'Witness'),(838,55,'Witness'),(838,1250,'Victim'),(838,1436,'Accused'),(839,486,'Accused'),(839,982,'Accused'),(839,1271,'Witness'),(839,1303,'Victim'),(839,1357,'Witness'),(839,1555,'Accused'),(840,637,'Accused'),(841,1581,'Victim'),(842,499,'Witness'),(842,519,'Victim'),(842,701,'Witness'),(842,1324,'Victim'),(842,1400,'Accused'),(842,1668,'Victim'),(842,1964,'Accused'),(843,1341,'Witness'),(843,1596,'Accused'),(843,1722,'Witness'),(844,279,'Victim'),(844,612,'Victim'),(844,1129,'Accused'),(845,1315,'Accused'),(845,1948,'Victim'),(846,461,'Witness'),(847,735,'Victim'),(847,1341,'Victim'),(848,306,'Victim'),(848,1104,'Accused'),(850,12,'Victim'),(850,160,'Witness'),(850,1240,'Victim'),(851,1274,'Accused'),(852,1489,'Victim'),(852,1786,'Accused'),(852,1936,'Witness'),(853,1990,'Accused'),(854,502,'Accused'),(855,893,'Witness'),(855,1969,'Witness'),(857,429,'Accused'),(857,537,'Victim'),(858,1245,'Witness'),(858,1378,'Accused'),(859,800,'Accused'),(859,1085,'Witness'),(859,1800,'Victim'),(859,1998,'Victim'),(863,458,'Victim'),(863,591,'Accused'),(864,98,'Victim'),(865,1040,'Victim'),(865,1988,'Witness'),(866,275,'Witness'),(868,913,'Witness'),(868,939,'Victim'),(869,643,'Accused'),(870,1815,'Victim'),(871,466,'Victim'),(872,989,'Witness'),(872,1505,'Victim'),(872,1630,'Accused'),(872,1761,'Witness'),(873,1603,'Victim'),(874,818,'Witness'),(874,1135,'Victim'),(875,410,'Accused'),(875,1657,'Victim'),(876,39,'Victim'),(876,55,'Accused'),(876,352,'Accused'),(877,1438,'Victim'),(877,1784,'Accused'),(878,228,'Witness'),(879,1304,'Victim'),(879,1738,'Victim'),(879,1856,'Witness'),(880,736,'Accused'),(880,1635,'Accused'),(881,1368,'Victim'),(882,272,'Witness'),(882,995,'Accused'),(882,1479,'Accused'),(883,1771,'Accused'),(884,146,'Victim'),(885,268,'Victim'),(885,508,'Accused'),(885,708,'Witness'),(886,1607,'Accused'),(887,1207,'Witness'),(887,1260,'Accused'),(887,1264,'Accused'),(887,1907,'Witness'),(888,176,'Accused'),(888,1142,'Accused'),(888,1561,'Victim'),(889,896,'Victim'),(890,175,'Victim'),(891,103,'Victim'),(893,1022,'Accused'),(894,913,'Victim'),(894,1342,'Accused'),(894,1767,'Witness'),(894,1800,'Witness'),(894,1935,'Victim'),(895,726,'Victim'),(896,1553,'Victim'),(897,166,'Witness'),(897,1183,'Accused'),(897,1797,'Victim'),(897,1806,'Witness'),(898,122,'Victim'),(898,1092,'Accused'),(899,696,'Witness'),(900,79,'Accused'),(901,297,'Witness'),(901,568,'Victim'),(901,1181,'Witness'),(902,477,'Witness'),(902,1006,'Witness'),(902,1642,'Accused'),(903,613,'Witness'),(903,1435,'Witness'),(903,1924,'Accused'),(904,134,'Accused'),(904,1083,'Accused'),(904,1343,'Accused'),(905,912,'Accused'),(905,1125,'Witness'),(906,568,'Victim'),(906,1528,'Witness'),(908,356,'Accused'),(908,1533,'Accused'),(909,363,'Accused'),(909,1337,'Accused'),(909,1823,'Accused'),(910,485,'Accused'),(910,783,'Accused'),(910,1016,'Accused'),(911,1352,'Victim'),(911,1966,'Accused'),(912,211,'Accused'),(912,275,'Accused'),(912,1941,'Witness'),(913,375,'Witness'),(914,1483,'Victim'),(914,1713,'Witness'),(917,346,'Accused'),(917,1774,'Accused'),(918,949,'Victim'),(918,1324,'Witness'),(918,1705,'Victim'),(919,936,'Victim'),(920,1962,'Witness'),(921,258,'Accused'),(921,506,'Victim'),(921,754,'Accused'),(922,1041,'Victim'),(922,1776,'Witness'),(923,806,'Witness'),(923,942,'Accused'),(923,1737,'Victim'),(923,1915,'Accused'),(924,782,'Witness'),(924,866,'Witness'),(925,581,'Accused'),(926,1147,'Victim'),(926,1506,'Accused'),(926,1513,'Accused'),(926,1803,'Victim'),(928,991,'Victim'),(928,1582,'Victim'),(929,1023,'Accused'),(930,240,'Victim'),(930,410,'Witness'),(930,1124,'Witness'),(930,1510,'Accused'),(931,1665,'Victim'),(932,1098,'Victim'),(932,1235,'Accused'),(932,1370,'Accused'),(933,496,'Accused'),(934,1818,'Victim'),(935,931,'Accused'),(935,1383,'Victim'),(936,771,'Accused'),(936,1360,'Witness'),(936,1910,'Accused'),(937,596,'Victim'),(937,1551,'Witness'),(938,33,'Witness'),(938,786,'Accused'),(939,165,'Victim'),(939,894,'Victim'),(939,1323,'Accused'),(940,232,'Witness'),(940,834,'Victim'),(940,1443,'Accused'),(941,1923,'Victim'),(943,204,'Witness'),(943,1315,'Accused'),(944,19,'Victim'),(944,493,'Accused'),(944,978,'Witness'),(944,1425,'Accused'),(945,1365,'Accused'),(945,1405,'Victim'),(946,1415,'Witness'),(947,119,'Victim'),(947,1840,'Victim'),(947,1844,'Accused'),(948,58,'Victim'),(948,109,'Witness'),(948,374,'Accused'),(948,1303,'Accused'),(949,530,'Witness'),(949,1085,'Witness'),(952,1544,'Accused'),(952,1810,'Victim'),(953,380,'Accused'),(953,1644,'Accused'),(954,1453,'Witness'),(955,562,'Victim'),(955,710,'Witness'),(955,1561,'Accused'),(956,1615,'Accused'),(957,1218,'Witness'),(957,1382,'Witness'),(957,1948,'Accused'),(957,2000,'Accused'),(958,896,'Victim'),(958,1260,'Victim'),(958,1557,'Victim'),(960,1060,'Victim'),(960,1132,'Accused'),(960,1394,'Accused'),(961,955,'Witness'),(961,1188,'Witness'),(962,751,'Victim'),(963,178,'Victim'),(963,467,'Victim'),(963,1806,'Victim'),(963,1901,'Accused'),(964,642,'Witness'),(967,741,'Accused'),(968,351,'Victim'),(968,453,'Accused'),(968,1700,'Accused'),(969,1239,'Victim'),(970,978,'Victim'),(970,1134,'Witness'),(972,1154,'Witness'),(972,1673,'Witness'),(972,1907,'Witness'),(973,20,'Accused'),(973,23,'Accused'),(973,1838,'Victim'),(974,71,'Accused'),(974,195,'Victim'),(974,375,'Witness'),(974,562,'Victim'),(974,1214,'Witness'),(976,256,'Victim'),(976,688,'Witness'),(976,978,'Victim'),(976,1766,'Victim'),(977,1860,'Witness'),(978,818,'Witness'),(978,1171,'Accused'),(979,518,'Accused'),(979,1223,'Accused'),(979,1709,'Victim'),(980,246,'Victim'),(980,255,'Witness'),(980,893,'Victim'),(980,990,'Accused'),(982,499,'Victim'),(983,796,'Victim'),(983,1573,'Witness'),(984,1589,'Accused'),(985,297,'Accused'),(986,486,'Victim'),(987,928,'Victim'),(987,1565,'Victim'),(988,367,'Witness'),(988,969,'Witness'),(990,488,'Accused'),(990,1547,'Victim'),(990,1951,'Witness'),(991,106,'Victim'),(991,341,'Witness'),(993,282,'Victim'),(993,797,'Witness'),(993,1594,'Witness'),(997,93,'Victim'),(997,746,'Witness'),(997,1749,'Victim'),(998,879,'Witness'),(998,1438,'Victim'),(998,1657,'Accused'),(999,1646,'Accused'),(999,1913,'Accused'),(999,1995,'Witness'),(1000,803,'Accused');
/*!40000 ALTER TABLE `suspect_incident` ENABLE KEYS */;
UNLOCK TABLES;

--
-- Table structure for table `warrant`
--

DROP TABLE IF EXISTS `warrant`;
/*!40101 SET @saved_cs_client     = @@character_set_client */;
/*!50503 SET character_set_client = utf8mb4 */;
CREATE TABLE `warrant` (
  `warrantID` int NOT NULL AUTO_INCREMENT,
  `issuedDate` date NOT NULL,
  `expirationDATE` date NOT NULL,
  `warrantStatus` varchar(255) NOT NULL,
  `suspectName` varchar(255) NOT NULL,
  `suspectDOB` date NOT NULL,
  PRIMARY KEY (`warrantID`),
  KEY `suspectName` (`suspectName`,`suspectDOB`),
  CONSTRAINT `warrant_ibfk_1` FOREIGN KEY (`suspectName`, `suspectDOB`) REFERENCES `suspect` (`fullName`, `dateOfBirth`) ON DELETE CASCADE ON UPDATE CASCADE
) ENGINE=InnoDB AUTO_INCREMENT=501 DEFAULT CHARSET=utf8mb4 COLLATE=utf8mb4_0900_ai_ci;
/*!40101 SET character_set_client = @saved_cs_client */;

--
-- Dumping data for table `warrant`
--

LOCK TABLES `warrant` WRITE;
/*!40000 ALTER TABLE `warrant` DISABLE KEYS */;
INSERT INTO `warrant` VALUES (1,'2023-12-10','2021-03-28','Expired','Clarence Cohen','1992-01-29'),(2,'2023-04-06','2024-09-12','Expired','Brianna Boone','1972-05-07'),(3,'2023-12-04','2021-11-09','Active','David Edwards','1968-04-27'),(4,'2022-07-09','2020-07-01','Expired','Anthony Rogers','1998-10-24'),(5,'2023-11-02','2020-04-08','Expired','Jason Hensley','1995-04-18'),(6,'2022-07-16','2023-08-04','Expired','Lauren Reed','2004-01-30'),(7,'2022-04-13','2022-02-11','Expired','Matthew Phillips','1959-05-11'),(8,'2022-09-25','2021-10-09','Expired','Andrew Lawrence','1969-11-09'),(9,'2021-01-09','2021-02-11','Active','Kathleen Brown','1956-10-05'),(10,'2022-04-29','2021-06-06','Expired','Kimberly Williams','1972-05-21'),(11,'2023-05-07','2022-11-15','Active','Melissa Nelson','1984-03-22'),(12,'2020-09-27','2020-06-12','Active','Melissa Jenkins','2003-12-15'),(13,'2021-09-21','2024-07-25','Active','Mr. Joshua Jones','1975-08-17'),(14,'2023-09-02','2022-01-12','Expired','Martin Johnson','1993-02-21'),(15,'2023-04-21','2022-10-13','Active','Christopher Nelson','1968-06-23'),(16,'2022-08-04','2024-08-31','Expired','Heather Johnson','1985-04-19'),(17,'2023-09-05','2023-09-30','Expired','Anthony Maddox','1974-06-02'),(18,'2020-03-24','2022-11-19','Expired','Andrew Thompson','1962-08-17'),(19,'2024-08-21','2020-05-13','Expired','Ronald Newton','1995-02-10'),(20,'2022-04-18','2024-08-08','Expired','Lindsay Harmon','2000-07-15'),(21,'2020-12-29','2023-07-21','Expired','Oscar Young','1970-08-17'),(22,'2021-05-22','2021-03-26','Expired','Dustin Rojas','1989-12-31'),(23,'2024-05-16','2021-07-22','Active','Matthew Roberson','1962-06-09'),(24,'2021-08-21','2024-02-13','Active','Carol Moss','1987-09-09'),(25,'2021-04-23','2022-07-14','Active','Nicole Adams','1993-07-25'),(26,'2020-02-11','2020-09-13','Active','Terrance Carter','1954-02-25'),(27,'2021-02-04','2022-04-14','Expired','Angela Willis','1977-06-03'),(28,'2020-02-15','2020-11-10','Active','James Blake','1958-02-23'),(29,'2022-05-13','2020-11-30','Active','Ricky Carter','1979-07-03'),(30,'2021-06-20','2020-12-29','Expired','Katrina Gutierrez','1960-05-06'),(31,'2023-04-29','2024-09-14','Active','Aaron Smith','1953-11-27'),(32,'2023-01-04','2023-06-13','Active','Ethan Wells','1954-03-22'),(33,'2021-04-08','2024-06-24','Expired','Curtis Kim','1987-04-26'),(34,'2024-08-08','2021-01-08','Expired','Katie Anderson','1967-03-21'),(35,'2022-03-15','2021-01-18','Expired','James Dixon','2001-09-16'),(36,'2020-01-22','2022-11-04','Active','Alexander Scott','1993-04-19'),(37,'2023-01-11','2024-08-03','Expired','Henry Lucero','1990-12-14'),(38,'2020-12-15','2024-07-26','Expired','Shannon Pena','2000-01-12'),(39,'2021-09-16','2023-08-24','Active','John Schwartz','1980-07-21'),(40,'2021-10-08','2021-03-16','Active','Michaela Hodges','1990-09-19'),(41,'2022-07-17','2021-10-18','Expired','Andrew Wilson','1984-01-05'),(42,'2020-09-09','2024-11-09','Active','Brandon Hanna','1988-10-23'),(43,'2021-10-17','2023-04-14','Expired','Mary Woods','1980-03-01'),(44,'2020-03-17','2020-02-23','Active','Curtis Kim','1987-04-26'),(45,'2020-05-15','2023-09-03','Active','Danielle Mcdowell','1995-08-05'),(46,'2023-07-09','2024-07-01','Active','Michael Pittman','1992-11-19'),(47,'2022-05-22','2023-09-18','Expired','Justin Hubbard','2006-02-16'),(48,'2022-03-07','2021-05-20','Expired','Rhonda Cantu','1974-01-15'),(49,'2022-11-16','2020-07-09','Expired','Craig Wilkinson','1975-09-12'),(50,'2021-05-09','2021-06-03','Expired','Jake Marshall','1957-10-22'),(51,'2024-05-20','2023-01-05','Active','Daniel Dean','1989-12-08'),(52,'2024-11-20','2020-06-29','Expired','Vanessa Singh','1972-02-02'),(53,'2023-05-24','2020-01-04','Expired','Debra Vaughan','1977-05-20'),(54,'2021-05-09','2023-09-19','Expired','Kelly Thomas','1967-05-14'),(55,'2024-11-03','2024-08-21','Active','Jeremiah Cline','1978-08-22'),(56,'2023-08-12','2023-08-13','Active','Benjamin Mitchell','1957-08-24'),(57,'2021-02-08','2024-02-25','Active','Angela Peterson','1983-05-07'),(58,'2021-07-15','2020-12-12','Active','Adam Patrick','1962-12-16'),(59,'2020-05-02','2024-06-02','Active','Luis Thomas','1985-10-29'),(60,'2023-06-14','2022-12-19','Expired','Patrick Reed','1977-02-03'),(61,'2022-06-21','2021-06-28','Expired','Sheila King DDS','1968-08-16'),(62,'2022-07-16','2021-01-18','Expired','Michaela Hodges','1990-09-19'),(63,'2023-05-12','2024-07-06','Expired','Lauren Delgado','1975-10-02'),(64,'2022-08-05','2020-11-15','Expired','Andrew Adams','1967-04-30'),(65,'2024-10-09','2021-07-19','Active','Daniel Dean','1989-12-08'),(66,'2023-06-21','2023-01-09','Expired','Tim Kennedy','1968-08-26'),(67,'2021-06-29','2020-06-29','Active','Stacey Wiggins','1970-08-06'),(68,'2023-01-24','2020-07-24','Active','Michelle Daniels','1982-06-24'),(69,'2023-07-26','2024-01-08','Expired','Jeffery Bartlett','1957-10-06'),(70,'2021-09-16','2020-12-11','Expired','Francis Porter','1983-10-24'),(71,'2023-05-05','2023-07-26','Expired','Jeffrey Le','1981-09-23'),(72,'2021-07-16','2022-08-27','Expired','Vincent Phillips Jr.','1955-11-09'),(73,'2024-04-06','2020-03-11','Expired','Eric Larsen','1990-04-18'),(74,'2022-08-20','2022-04-28','Expired','Marie Ramos','1996-08-21'),(75,'2022-12-09','2022-05-29','Active','Anthony Oliver','1971-12-04'),(76,'2020-02-06','2023-05-03','Active','Katherine Kramer','1956-10-27'),(77,'2020-10-25','2021-04-27','Active','Emily Lyons','1975-10-16'),(78,'2023-10-23','2020-12-24','Active','James Santiago','1958-08-17'),(79,'2020-05-29','2022-06-04','Active','Priscilla Holmes','1964-02-13'),(80,'2023-02-18','2023-11-19','Expired','Daniel Jones','1955-12-30'),(81,'2022-05-12','2021-04-26','Active','Becky Brandt','1968-06-27'),(82,'2024-09-08','2023-01-11','Active','Ricky Yates','1954-03-17'),(83,'2021-10-21','2023-12-26','Expired','Danielle Rivas','1994-11-07'),(84,'2022-01-23','2020-12-01','Active','Susan Adams','1961-06-20'),(85,'2023-10-08','2022-08-22','Expired','Mr. Matthew Chaney','1964-07-31'),(86,'2023-02-17','2021-12-31','Active','Charles Peterson','1976-10-14'),(87,'2020-08-26','2022-01-16','Expired','Eric Young','2005-07-18'),(88,'2023-05-06','2024-07-04','Active','Richard Brooks','1989-07-07'),(89,'2021-06-22','2020-09-20','Active','Dawn Mercer','1964-03-24'),(90,'2020-10-25','2022-06-23','Expired','Sarah Miller','1955-04-02'),(91,'2020-06-19','2023-11-10','Active','Andrea Bates','2000-09-17'),(92,'2022-07-22','2024-02-18','Expired','David Martinez','1998-11-25'),(93,'2021-06-30','2021-08-30','Expired','Sarah Miller','1955-04-02'),(94,'2021-10-16','2021-03-24','Expired','Christopher Wright','1994-03-17'),(95,'2023-07-01','2021-03-18','Expired','Amber Sandoval','1976-02-17'),(96,'2020-12-07','2021-12-08','Active','Melissa Gonzalez','2001-12-14'),(97,'2020-11-13','2024-05-20','Active','John Hoffman','1996-11-03'),(98,'2020-05-13','2023-09-18','Active','Jimmy Martin','1997-09-05'),(99,'2024-05-27','2023-05-13','Active','Curtis Johnson','1974-11-24'),(100,'2022-10-27','2021-11-27','Expired','Heather Luna','1969-09-17'),(101,'2021-07-29','2021-03-31','Expired','Terri Guerra','1970-03-10'),(102,'2023-05-16','2023-07-22','Expired','Michael Meza DVM','1995-03-18'),(103,'2024-10-17','2020-07-07','Expired','Destiny Fitzgerald','1973-12-02'),(104,'2021-02-07','2023-04-30','Expired','Marc Lucas','1954-12-15'),(105,'2024-03-25','2021-04-04','Active','Amanda Franklin','1974-11-04'),(106,'2020-08-27','2023-07-02','Expired','Richard Miller','2003-02-19'),(107,'2020-08-23','2022-10-27','Expired','Brian Fuentes','1998-03-09'),(108,'2020-04-29','2023-11-02','Expired','Kimberly Williams','1972-05-21'),(109,'2020-07-20','2024-04-20','Active','Christopher Mills','1991-02-13'),(110,'2023-11-28','2023-12-27','Active','Anna Wilson','1998-08-30'),(111,'2024-03-08','2023-02-20','Expired','Kathleen Brown','1956-10-05'),(112,'2021-02-28','2023-09-15','Active','Alejandra Young','1989-04-01'),(113,'2021-03-04','2020-09-06','Expired','Robert Weaver','1966-10-08'),(114,'2023-12-10','2024-08-25','Expired','Lauren Reyes','1966-05-27'),(115,'2024-09-29','2020-02-24','Expired','Steven Anderson','1960-03-17'),(116,'2021-03-08','2023-07-18','Active','Mark Beck','1960-01-20'),(117,'2024-07-14','2024-10-06','Active','Richard Miller','2003-02-19'),(118,'2020-09-07','2023-03-26','Active','Sean Perez','1997-04-18'),(119,'2021-10-17','2021-05-20','Expired','Anna Harmon','2001-08-08'),(120,'2022-07-02','2021-03-01','Active','Christopher Smith','1979-03-29'),(121,'2021-06-12','2024-10-19','Active','Michael Miller','1955-03-13'),(122,'2021-10-09','2021-07-19','Expired','Corey Stewart','1955-05-04'),(123,'2021-07-24','2024-03-28','Expired','Scott Dodson','2000-03-25'),(124,'2020-10-21','2021-01-30','Active','Steven Montoya','1976-11-01'),(125,'2022-11-23','2020-11-26','Expired','Stephen Bond','1961-11-24'),(126,'2022-11-15','2021-09-04','Expired','Keith Richards','1954-02-10'),(127,'2020-09-08','2023-11-05','Active','Joshua Rice','1992-10-22'),(128,'2023-04-03','2020-04-12','Active','Billy Harris','1972-11-21'),(129,'2020-08-06','2023-03-09','Expired','Rebecca Coleman','1981-11-25'),(130,'2020-07-12','2020-07-19','Expired','Steven Rice','1985-08-19'),(131,'2023-12-28','2022-01-05','Active','Kimberly Moore','1955-01-14'),(132,'2022-10-29','2021-03-20','Expired','Martin Webster','1979-01-31'),(133,'2021-11-10','2024-02-05','Active','Linda Pollard','1970-01-23'),(134,'2022-07-30','2021-09-23','Active','Robert Hill','1976-07-11'),(135,'2024-08-30','2024-09-08','Active','Michael Thompson','1964-12-08'),(136,'2022-04-15','2020-12-30','Expired','Morgan Jenkins','1957-05-14'),(137,'2021-09-15','2022-01-01','Active','Mr. Matthew Villarreal MD','2004-08-20'),(138,'2020-12-02','2024-05-28','Active','Mrs. Mary Johns','1961-09-05'),(139,'2022-02-13','2023-11-17','Expired','Tiffany Hale','1981-08-30'),(140,'2021-01-03','2021-08-06','Active','Carmen Little','1998-03-30'),(141,'2021-06-26','2022-12-08','Expired','Kimberly Crawford','1966-01-24'),(142,'2022-07-31','2022-12-19','Active','Cameron Woods','1983-12-09'),(143,'2020-09-30','2021-08-21','Expired','Erin Oneill','1986-01-09'),(144,'2024-09-30','2020-07-18','Active','Justin Thomas','1977-06-25'),(145,'2022-02-04','2021-04-01','Expired','Ellen Padilla','1958-01-09'),(146,'2024-05-22','2021-05-21','Expired','Cheryl Robbins','2005-05-02'),(147,'2022-01-18','2022-01-31','Expired','Luke Bryant','1991-01-23'),(148,'2020-06-01','2023-04-07','Expired','Travis Snyder','1972-07-19'),(149,'2021-04-16','2023-06-30','Expired','Joshua Pratt','1959-08-29'),(150,'2024-11-18','2021-06-29','Active','Andrew Murray','2005-12-27'),(151,'2024-01-18','2021-05-23','Active','Veronica Pham','1985-03-02'),(152,'2023-02-20','2020-10-03','Expired','Mary Woods','1980-03-01'),(153,'2021-02-16','2021-05-13','Expired','Erika Davis','1981-09-04'),(154,'2022-05-22','2023-01-21','Expired','Kristin Anderson','1998-06-21'),(155,'2020-09-27','2020-07-02','Active','William Kline','1957-04-23'),(156,'2023-12-20','2024-10-20','Expired','Barry Doyle','1997-09-24'),(157,'2024-11-05','2021-11-16','Expired','Brandon Mills','1968-08-20'),(158,'2020-03-24','2024-02-25','Active','Valerie Bradley','1959-03-03'),(159,'2024-09-29','2022-12-13','Active','Bryan Lopez','2000-05-31'),(160,'2021-08-29','2022-06-15','Expired','Christopher Hawkins','1974-04-19'),(161,'2023-03-21','2020-04-11','Expired','Tyler Carson','1982-04-23'),(162,'2020-12-19','2022-04-28','Expired','Christopher Li','1992-08-11'),(163,'2022-08-15','2021-01-01','Expired','Tracy Jackson','1961-02-21'),(164,'2023-06-22','2021-07-16','Active','Brandy Odom','1999-01-06'),(165,'2020-11-11','2024-03-30','Expired','David Davis','1963-03-13'),(166,'2020-07-26','2021-10-17','Active','Brittany Harris','1969-05-07'),(167,'2022-09-28','2024-02-23','Active','Joshua Johnson','1971-02-11'),(168,'2021-10-30','2024-03-04','Expired','Shaun Rogers','1986-03-07'),(169,'2023-01-08','2023-04-04','Expired','Jennifer Chapman','1993-09-11'),(170,'2024-04-27','2023-03-05','Expired','Heather Austin','1954-05-11'),(171,'2023-11-28','2023-10-15','Active','April Douglas','2001-06-11'),(172,'2024-09-16','2021-03-13','Expired','Dr. Kevin Gardner MD','1970-08-29'),(173,'2023-01-09','2024-05-31','Active','Melissa Conner','1966-12-22'),(174,'2022-11-19','2022-01-16','Active','Evan Johnson','1962-10-13'),(175,'2022-05-17','2023-05-23','Active','Dr. Samuel Lindsey','1980-08-26'),(176,'2022-06-16','2020-04-16','Expired','Bruce Rodriguez','2000-06-24'),(177,'2021-11-04','2024-01-09','Expired','Olivia Wilcox','1991-11-12'),(178,'2020-11-06','2023-03-29','Expired','Amanda Jackson','1990-07-30'),(179,'2023-01-20','2023-02-22','Expired','Cameron Sutton','1965-06-17'),(180,'2022-08-26','2024-11-11','Expired','Alejandra Young','1989-04-01'),(181,'2022-10-09','2022-11-08','Active','Jeff Benjamin','1977-09-17'),(182,'2022-08-20','2024-03-23','Active','Monique Alvarez','1978-07-03'),(183,'2022-11-09','2020-02-12','Active','Michael Ryan','1964-11-02'),(184,'2024-08-28','2022-01-17','Expired','Jason Buck','1997-08-20'),(185,'2020-01-13','2024-10-19','Active','Michelle Schultz','1955-10-12'),(186,'2022-07-10','2022-12-16','Expired','Shawna Parker','1972-04-25'),(187,'2023-09-08','2020-12-13','Active','Scott Robbins','1994-05-02'),(188,'2021-06-27','2020-12-21','Active','Kelly Jones','1970-02-15'),(189,'2022-06-08','2024-03-21','Expired','Hannah Collins','1971-01-28'),(190,'2024-07-15','2020-09-26','Active','Jimmy Brooks','1971-09-27'),(191,'2021-09-04','2024-02-04','Active','Daniel Gonzalez','2001-05-19'),(192,'2020-12-02','2024-04-19','Active','Vicki Cervantes','1971-04-22'),(193,'2020-01-09','2020-11-12','Active','John Lee','1969-11-06'),(194,'2023-09-21','2022-03-14','Expired','Cassandra Morgan','2006-01-09'),(195,'2023-10-02','2022-11-02','Expired','Dennis Watkins','1978-03-09'),(196,'2023-07-04','2023-05-20','Active','Suzanne Patel','1966-08-01'),(197,'2020-01-25','2020-04-29','Active','Julie Smith','1996-09-26'),(198,'2020-03-20','2023-11-13','Active','Lisa Campbell','1989-02-24'),(199,'2024-01-16','2020-08-03','Active','Andrea Young','1957-01-24'),(200,'2020-11-15','2020-01-30','Expired','Dr. Elizabeth Ayers','1992-09-04'),(201,'2023-10-18','2020-01-04','Active','Kimberly Martin','1976-12-06'),(202,'2023-09-01','2020-11-19','Active','Michael Haley','1972-06-30'),(203,'2023-05-17','2021-08-28','Expired','Tiffany Hernandez','2000-09-21'),(204,'2023-02-04','2020-06-26','Expired','Robert Weaver','1966-10-08'),(205,'2024-04-12','2022-01-01','Active','Laura Arroyo','1984-11-11'),(206,'2024-06-28','2021-11-06','Active','Bruce Rodriguez','2000-06-24'),(207,'2020-02-11','2023-12-29','Expired','Tyrone Morales','1983-06-16'),(208,'2024-04-01','2020-12-24','Expired','Richard Randolph','1971-12-30'),(209,'2024-09-02','2021-09-17','Active','Michael Kim','1977-05-02'),(210,'2021-07-03','2021-11-13','Active','Donna Franklin','1991-01-12'),(211,'2023-08-05','2022-01-15','Expired','Kristin Stevens','1987-08-08'),(212,'2020-01-23','2020-06-14','Expired','Julian Johnson MD','1997-07-20'),(213,'2024-07-02','2020-05-29','Active','Michael Pittman','1992-11-19'),(214,'2020-01-31','2020-01-30','Active','Nicholas Finley','1964-07-20'),(215,'2024-10-07','2020-01-09','Expired','Cheryl Robbins','2005-05-02'),(216,'2020-11-17','2024-04-02','Active','Jason Palmer','2003-12-20'),(217,'2023-11-01','2023-11-28','Active','Brenda Douglas','1976-05-14'),(218,'2020-01-15','2021-04-24','Expired','Nicholas Johnson','2001-03-11'),(219,'2022-05-23','2020-04-07','Active','Jennifer Simpson','1999-06-16'),(220,'2022-08-19','2020-06-12','Active','Micheal Oliver','1990-11-20'),(221,'2021-02-10','2020-09-26','Active','Steven Wright','1996-05-18'),(222,'2023-01-30','2022-05-07','Expired','Jessica Green','1972-02-27'),(223,'2022-08-09','2024-09-20','Active','Charles Frye','1962-06-30'),(224,'2020-10-16','2024-02-08','Active','Jacob Williams','1997-04-30'),(225,'2021-12-19','2021-04-05','Expired','Kimberly Aguilar','1985-03-31'),(226,'2022-05-02','2020-07-24','Expired','Ryan Mccann','1955-04-05'),(227,'2024-02-01','2022-08-24','Expired','Maria Coleman','1998-11-20'),(228,'2022-02-28','2022-05-21','Expired','Madison Jones','2003-11-09'),(229,'2022-07-17','2021-06-06','Expired','Anthony Oliver','1971-12-04'),(230,'2020-11-01','2024-06-04','Expired','Steven Clark','1990-04-18'),(231,'2022-04-06','2024-06-27','Active','Kylie Rodriguez','2003-08-16'),(232,'2021-02-04','2024-01-20','Active','Scott Arnold','1997-09-28'),(233,'2023-04-12','2020-04-27','Expired','Christopher Hanson','1986-07-18'),(234,'2022-09-01','2023-06-08','Active','Megan Robbins','1984-03-10'),(235,'2023-03-14','2023-09-04','Expired','Sheila Baldwin','1968-06-24'),(236,'2021-10-23','2023-04-09','Active','Matthew Caldwell','1961-09-25'),(237,'2024-05-29','2021-06-04','Active','Ricky Yates','1954-03-17'),(238,'2024-08-10','2024-01-03','Active','David Davis','1963-03-13'),(239,'2021-11-10','2021-03-30','Active','Laura Gray','1999-07-08'),(240,'2021-07-18','2022-05-05','Active','Karen Santiago','1990-07-29'),(241,'2024-02-02','2020-04-26','Active','Melissa Jenkins','2003-12-15'),(242,'2024-10-25','2021-01-12','Active','Suzanne Gay','1988-06-08'),(243,'2024-03-09','2024-07-02','Active','Jacob Garcia','1989-02-23'),(244,'2022-10-14','2020-10-16','Active','David Johnson','1954-12-06'),(245,'2021-08-31','2024-05-28','Active','Amanda Kelley','1964-02-14'),(246,'2023-04-09','2021-06-05','Expired','Angela Moore','1998-08-27'),(247,'2020-07-26','2024-07-22','Active','Mark Jacobson','1974-02-03'),(248,'2021-07-23','2021-10-29','Active','Jonathan Weaver','1979-01-12'),(249,'2020-11-11','2020-09-05','Active','Brian Romero','1980-01-15'),(250,'2021-02-13','2023-09-01','Expired','Robert Watkins','2005-11-13'),(251,'2023-11-26','2020-06-27','Expired','Carol Jones','1992-03-15'),(252,'2020-06-17','2024-09-26','Active','Lauren Stevens','1997-07-08'),(253,'2020-04-14','2022-01-15','Active','Krystal Singh','1956-12-18'),(254,'2023-01-01','2023-07-21','Expired','Timothy Knapp','1962-06-07'),(255,'2024-01-12','2022-09-19','Active','Sean Hernandez','1994-03-07'),(256,'2023-05-02','2023-01-23','Active','Kirk Armstrong','1974-10-24'),(257,'2020-09-13','2023-04-03','Active','Bradley Leach','2002-04-27'),(258,'2022-12-11','2024-06-01','Expired','Billy Cox','1979-08-02'),(259,'2020-06-12','2020-12-26','Expired','Jennifer Torres','1964-04-16'),(260,'2021-01-12','2023-05-13','Expired','Rodney Williamson','1968-12-25'),(261,'2022-08-20','2023-05-01','Active','Troy Gilmore','1954-10-18'),(262,'2021-05-23','2023-02-10','Expired','Teresa Poole','1970-09-05'),(263,'2020-04-09','2024-04-15','Expired','Carolyn Cross','1995-05-14'),(264,'2020-04-27','2021-11-29','Active','James Jones','1993-06-12'),(265,'2020-04-04','2024-06-02','Expired','Cody Anderson','1994-09-02'),(266,'2024-01-30','2024-10-08','Active','William Hogan','1970-11-02'),(267,'2020-11-06','2024-11-08','Active','Gregory Edwards','1966-04-10'),(268,'2020-12-14','2020-08-14','Active','Brian Brown','1980-03-08'),(269,'2023-12-27','2024-01-02','Expired','Curtis Lewis','1961-04-27'),(270,'2022-12-08','2024-10-28','Active','Sherry Vazquez','1983-09-11'),(271,'2023-01-30','2022-11-22','Active','James Coleman','1988-11-20'),(272,'2021-03-11','2022-02-07','Active','Lindsay Johnson','1960-05-11'),(273,'2020-09-24','2021-11-24','Expired','Audrey Pitts','1995-02-21'),(274,'2024-07-08','2021-02-13','Active','Ryan Juarez','2002-09-28'),(275,'2023-05-26','2024-06-17','Active','Amy Sims','1987-01-21'),(276,'2021-02-19','2022-03-24','Expired','Michael Walsh','2001-04-30'),(277,'2022-03-24','2020-02-20','Active','Crystal Holden','1976-04-13'),(278,'2021-11-07','2021-10-07','Expired','Kathy Williams','2003-11-08'),(279,'2022-02-13','2020-03-08','Expired','Sarah Cook','1991-03-24'),(280,'2020-09-11','2023-03-30','Expired','Taylor Harris','1971-06-08'),(281,'2023-12-21','2021-07-23','Expired','Stephanie Reed','1958-01-15'),(282,'2021-03-03','2021-11-12','Expired','Catherine Neal','1980-06-30'),(283,'2023-02-07','2022-12-06','Expired','Matthew Roberson','1962-06-09'),(284,'2021-03-16','2024-07-16','Active','Wesley Robertson','1959-10-24'),(285,'2022-12-31','2022-08-04','Active','Christopher Sweeney','1956-12-18'),(286,'2020-07-12','2024-02-12','Expired','Lori Guzman','1959-06-10'),(287,'2023-06-20','2022-07-15','Active','John Schwartz','1980-07-21'),(288,'2020-07-17','2024-09-17','Expired','Mr. Robert Martinez','2003-06-17'),(289,'2024-02-07','2021-08-24','Expired','Juan Smith','1963-07-10'),(290,'2020-03-29','2020-09-20','Expired','Monica Ramirez','1978-11-13'),(291,'2022-08-10','2020-11-27','Active','Keith Smith','1969-05-03'),(292,'2022-07-07','2023-10-23','Active','Mark Montgomery','1958-01-07'),(293,'2021-07-12','2022-01-26','Active','Thomas Guzman','1988-11-10'),(294,'2020-06-17','2024-08-26','Active','Michael Mitchell','1984-12-23'),(295,'2021-11-12','2022-12-27','Active','Heather Austin','1954-05-11'),(296,'2021-03-08','2021-05-16','Active','Justin Baker','1959-06-22'),(297,'2023-10-18','2023-03-12','Expired','Jesus Jones','1984-02-17'),(298,'2020-03-23','2020-05-09','Expired','Christopher Andrews','1989-09-17'),(299,'2020-10-11','2021-04-05','Active','Ann Smith','1973-08-07'),(300,'2020-04-06','2023-03-18','Active','Francisco Johnson MD','1977-02-24'),(301,'2022-08-09','2023-07-26','Active','George Mitchell Jr.','1970-02-16'),(302,'2022-04-15','2023-04-24','Active','Whitney Brown','1958-07-23'),(303,'2021-08-24','2023-07-08','Expired','Benjamin James','2001-02-02'),(304,'2023-12-24','2022-05-02','Expired','Sheila Mitchell','1978-02-10'),(305,'2021-03-18','2023-08-23','Expired','Megan Lewis DDS','1980-12-12'),(306,'2022-01-26','2021-03-22','Expired','Gabriel Mckenzie','1980-06-28'),(307,'2020-08-08','2022-03-25','Expired','David Krause','1976-12-30'),(308,'2022-01-27','2022-04-15','Expired','Melinda Larsen','1956-12-01'),(309,'2023-07-31','2022-08-28','Active','David Williamson','2001-02-18'),(310,'2024-07-03','2021-01-26','Expired','Valerie Bradley','1959-03-03'),(311,'2023-09-29','2023-06-14','Expired','Christopher Jackson DDS','1966-09-14'),(312,'2021-11-18','2021-02-18','Active','William Hanson','1979-09-04'),(313,'2020-01-01','2023-06-27','Active','Dr. Caleb Baker DDS','1973-07-03'),(314,'2023-11-22','2020-08-11','Expired','Jeffery Bartlett','1957-10-06'),(315,'2020-12-12','2021-06-10','Active','Jennifer Wong','1958-05-31'),(316,'2023-09-04','2023-12-29','Active','Nicole Kennedy','1975-07-01'),(317,'2021-04-07','2022-06-30','Expired','Dr. Terry Price','1960-11-26'),(318,'2023-05-23','2024-09-26','Active','Danielle Calderon','2001-03-02'),(319,'2023-05-28','2024-07-14','Active','Brittany Hudson','1995-09-21'),(320,'2024-09-30','2021-04-12','Expired','David Sanchez','1953-12-09'),(321,'2022-11-13','2020-11-10','Expired','April Long','1956-07-28'),(322,'2021-12-08','2024-02-22','Expired','Kari Cherry','1960-08-24'),(323,'2022-02-21','2024-01-20','Active','Dawn Cole','1980-08-15'),(324,'2021-09-16','2020-02-05','Expired','Melissa Moran','1989-09-25'),(325,'2024-01-17','2023-02-12','Active','Virginia Moore','1978-01-04'),(326,'2023-01-20','2022-09-18','Active','Bryan Atkinson','1973-09-25'),(327,'2022-02-01','2023-11-30','Expired','Mariah Evans','1978-09-07'),(328,'2020-11-12','2021-05-31','Expired','Jeffery Moore','1972-01-17'),(329,'2020-01-08','2023-11-26','Expired','David Martinez','1998-11-25'),(330,'2023-05-09','2023-07-10','Active','Keith Williams','1989-03-25'),(331,'2021-11-30','2022-09-20','Expired','Melissa Conner','1966-12-22'),(332,'2020-10-07','2020-07-31','Expired','Justin Baker','1959-06-22'),(333,'2020-05-12','2022-03-06','Expired','Raymond Bautista','1965-06-28'),(334,'2022-07-14','2023-12-31','Active','Matthew Mosley','1990-02-19'),(335,'2024-06-02','2020-12-04','Active','Johnny Mooney','1968-04-04'),(336,'2022-10-24','2022-11-29','Active','Kelsey Young','1957-08-05'),(337,'2024-09-11','2021-12-21','Active','James Flores','1976-05-04'),(338,'2022-05-12','2020-11-07','Active','Sheena Johnson','1965-11-15'),(339,'2023-05-06','2024-07-02','Active','Donald Berry','1969-07-30'),(340,'2024-02-02','2021-09-05','Active','Shane Lopez','2005-03-20'),(341,'2024-10-24','2020-10-18','Active','Raymond Woodard','1967-03-12'),(342,'2021-02-25','2024-03-10','Active','Amy Davies','2004-03-19'),(343,'2024-03-12','2024-01-06','Active','Stephen Stevens','2006-07-28'),(344,'2021-02-26','2020-11-28','Expired','Shannon Pena','2000-01-12'),(345,'2022-11-11','2021-02-12','Active','Benjamin Wilcox','1983-01-25'),(346,'2022-11-03','2024-10-21','Expired','Francisco Johnson MD','1977-02-24'),(347,'2022-11-10','2021-02-09','Active','Leslie Lucas','1994-08-05'),(348,'2020-09-09','2022-08-03','Expired','Hector Avila','1958-03-12'),(349,'2020-07-15','2020-06-06','Active','Tracie Pollard','1993-05-14'),(350,'2024-04-21','2023-04-15','Expired','Patricia Hall','1976-03-17'),(351,'2021-01-22','2022-03-10','Expired','Brenda Hubbard','1990-11-18'),(352,'2023-10-15','2022-11-18','Expired','Jackie Cherry','1991-07-12'),(353,'2021-12-15','2021-02-17','Expired','Scott Dodson','2000-03-25'),(354,'2022-01-02','2024-05-13','Expired','Michelle Ross','1979-03-02'),(355,'2022-07-06','2024-03-01','Expired','Jordan Rojas','1955-05-03'),(356,'2020-03-24','2023-11-19','Active','James Brown','2002-08-10'),(357,'2021-01-03','2024-05-17','Expired','Stephanie Smith','1969-03-15'),(358,'2021-03-09','2023-12-30','Expired','Brittney Diaz','1994-01-07'),(359,'2024-10-21','2021-09-19','Active','Michael Thompson','1964-12-08'),(360,'2022-05-13','2024-02-04','Active','Mr. Joshua Jones','1975-08-17'),(361,'2022-06-25','2021-03-28','Active','Mrs. Barbara Huber','2000-08-25'),(362,'2021-03-30','2024-07-20','Expired','Erin Oneill','1986-01-09'),(363,'2023-03-20','2024-08-30','Active','Lee Crawford','1992-08-19'),(364,'2022-10-09','2023-07-17','Expired','Jake Marshall','1957-10-22'),(365,'2022-11-28','2022-01-23','Expired','Brenda Hubbard','1990-11-18'),(366,'2020-12-01','2022-05-10','Expired','Matthew Harris','1981-06-17'),(367,'2021-04-03','2023-09-17','Active','Tammy Wright','1971-07-15'),(368,'2020-07-11','2020-03-04','Active','Joseph Keller','1980-10-25'),(369,'2023-08-03','2022-12-27','Expired','Yesenia Kramer','1954-03-18'),(370,'2023-06-06','2021-06-29','Active','Annette Macias','1990-03-31'),(371,'2020-04-19','2024-03-28','Active','David Glenn','1964-04-14'),(372,'2021-01-14','2024-05-04','Expired','Megan Cunningham','1967-08-30'),(373,'2023-11-20','2021-11-09','Expired','Brandy Haney','1963-04-21'),(374,'2022-10-10','2022-01-29','Active','Zachary Bautista','1998-03-14'),(375,'2023-10-18','2021-12-21','Expired','Anne Ashley','2005-01-03'),(376,'2022-05-08','2024-05-27','Active','Susan Johnson','2003-05-28'),(377,'2023-05-14','2023-02-12','Active','Nathaniel Moreno','1976-08-05'),(378,'2024-04-25','2021-06-27','Expired','Dana Decker','2004-11-15'),(379,'2023-03-18','2020-01-25','Active','Randy Keller Jr.','1962-08-30'),(380,'2023-08-28','2022-12-09','Expired','Nicole Lewis','1996-09-05'),(381,'2021-02-15','2022-01-19','Active','Joseph Nunez','1972-09-26'),(382,'2020-04-22','2022-06-16','Active','Lorraine Green','1975-06-23'),(383,'2021-06-02','2023-06-04','Active','Melanie Mendez','1963-04-10'),(384,'2024-10-05','2021-12-08','Expired','Elizabeth Guerrero','1997-04-27'),(385,'2024-06-01','2020-03-24','Active','Brandon Alvarez','1992-10-05'),(386,'2022-10-01','2022-12-12','Expired','Jimmy Brooks','1971-09-27'),(387,'2022-01-12','2023-02-05','Expired','Madison Russell','1983-09-06'),(388,'2023-01-12','2020-09-09','Expired','Kimberly Kemp','1957-12-30'),(389,'2024-07-27','2020-11-08','Active','Nicole Lewis','1996-09-05'),(390,'2024-05-04','2023-12-06','Active','Robert Mason','1972-09-18'),(391,'2023-04-25','2023-02-09','Expired','Benjamin King','1985-08-20'),(392,'2022-06-14','2021-02-09','Active','Jeffrey Peterson','1978-01-18'),(393,'2024-04-14','2024-10-19','Expired','George Guzman','1983-02-27'),(394,'2020-09-14','2023-09-19','Expired','April Bennett','2001-09-02'),(395,'2021-07-18','2020-12-06','Active','Michael Johnson','1971-07-28'),(396,'2023-06-21','2024-02-10','Active','Dr. Whitney Rice','1984-01-21'),(397,'2021-03-29','2022-09-25','Active','Hector Avila','1958-03-12'),(398,'2021-03-11','2022-10-28','Expired','David Ramirez','1986-09-08'),(399,'2024-10-30','2022-07-22','Active','Mark Jacobson','1974-02-03'),(400,'2024-02-22','2022-11-13','Expired','Caroline Hill','1969-05-28'),(401,'2021-08-06','2023-02-04','Expired','Michele Gray','1977-08-04'),(402,'2020-09-18','2021-11-22','Active','Andrea Bates','2000-09-17'),(403,'2023-01-16','2022-01-11','Expired','Jessica Green','1972-02-27'),(404,'2020-05-31','2020-09-13','Active','Cheryl Powers','1962-04-15'),(405,'2023-05-20','2024-05-21','Active','Roy Davenport','1962-01-26'),(406,'2023-04-29','2022-03-02','Expired','David Edwards','1968-04-27'),(407,'2024-03-06','2021-01-31','Active','Ryan Miller','1960-12-16'),(408,'2021-08-27','2023-01-04','Expired','Eddie Parker MD','1985-02-05'),(409,'2020-08-30','2022-11-21','Expired','Laura Harris','1980-09-25'),(410,'2023-01-09','2020-08-31','Active','Misty Campos','1992-04-07'),(411,'2022-03-05','2020-10-27','Expired','Rebecca Gonzalez','1998-03-29'),(412,'2024-10-13','2023-09-03','Active','Joshua Gomez','1974-03-30'),(413,'2020-05-18','2020-12-05','Expired','Heather Johnson','1985-04-19'),(414,'2021-05-08','2024-03-31','Expired','Christopher Williams','1988-04-04'),(415,'2021-07-04','2020-08-02','Expired','Cory Chapman','2005-11-16'),(416,'2020-01-06','2021-09-22','Expired','Michelle Evans','2003-12-28'),(417,'2023-11-12','2023-07-22','Expired','Tracie Pollard','1993-05-14'),(418,'2021-02-03','2021-07-17','Active','Michael Lane','1955-06-08'),(419,'2021-12-27','2022-12-10','Active','Joshua Briggs','1958-12-06'),(420,'2024-02-02','2024-09-24','Active','Mallory Nichols MD','1958-08-13'),(421,'2024-10-22','2023-05-18','Expired','David Johnson','1954-12-06'),(422,'2023-03-13','2020-08-22','Active','Jennifer Curry','1968-07-22'),(423,'2023-05-02','2023-05-10','Active','Lorraine Green','1975-06-23'),(424,'2024-10-11','2020-06-28','Expired','Tyler Norton','2000-08-06'),(425,'2022-05-08','2020-03-05','Expired','John Rivera','1998-11-09'),(426,'2021-08-25','2020-07-01','Active','Stacey Wiggins','1970-08-06'),(427,'2023-10-27','2022-03-22','Active','Mark Berg','1982-09-16'),(428,'2020-12-05','2024-07-21','Expired','Tracy Stewart','2002-03-18'),(429,'2022-07-20','2020-09-03','Active','Lisa Hawkins','1972-08-17'),(430,'2024-03-22','2022-10-25','Expired','Mr. Ricky Neal','1964-07-21'),(431,'2023-07-07','2022-11-25','Expired','Eric Wilson','2002-09-15'),(432,'2020-12-02','2021-06-19','Expired','Wanda Green MD','1985-08-19'),(433,'2020-10-05','2020-02-18','Expired','Matthew Mosley','1990-02-19'),(434,'2021-11-30','2022-01-25','Expired','Carol Love','1972-02-10'),(435,'2020-12-20','2023-03-21','Active','Charles Moore','2000-10-24'),(436,'2022-03-06','2024-07-28','Active','Lauren Ruiz','1987-12-03'),(437,'2024-07-24','2020-06-26','Active','Benjamin Stone','2001-06-07'),(438,'2023-07-30','2024-06-15','Active','Melissa Simmons','1964-06-06'),(439,'2024-06-09','2023-12-02','Active','Vincent Hill','1987-01-16'),(440,'2021-02-22','2021-05-12','Active','Todd Griffin','2004-12-24'),(441,'2020-11-07','2023-08-07','Active','Chad Mcmillan','2004-12-16'),(442,'2023-01-06','2023-04-04','Expired','Gina Pearson','1999-12-16'),(443,'2022-02-11','2021-02-06','Active','Angela Arnold','2003-01-21'),(444,'2022-03-11','2023-08-30','Expired','Brittany Durham','1996-05-21'),(445,'2022-01-25','2021-03-03','Expired','Matthew Torres','1997-05-15'),(446,'2023-09-07','2022-10-19','Active','Emily Carter','1972-06-24'),(447,'2020-02-23','2022-10-02','Expired','Shawna Parker','1972-04-25'),(448,'2023-05-30','2021-03-29','Active','Holly Bernard','1961-09-28'),(449,'2022-02-06','2020-12-10','Expired','Debra Vaughan','1977-05-20'),(450,'2024-01-08','2020-01-24','Expired','George Suarez','1979-10-29'),(451,'2022-03-19','2020-02-11','Active','Sara Brown','1962-11-21'),(452,'2024-07-13','2024-08-25','Active','Carmen Little','1998-03-30'),(453,'2023-11-06','2022-07-15','Active','Nicholas Sanders','1966-05-19'),(454,'2022-05-28','2022-09-19','Active','Paul Allen','1980-08-27'),(455,'2023-03-24','2020-12-10','Expired','Laura Sanchez','1999-10-13'),(456,'2023-12-14','2022-09-21','Active','Benjamin Copeland','1998-02-15'),(457,'2023-01-31','2021-03-30','Active','Karen Jordan','1971-01-14'),(458,'2021-06-09','2023-07-27','Expired','Brianna Boone','1972-05-07'),(459,'2022-10-10','2020-11-24','Expired','Tamara Williams','1999-01-28'),(460,'2023-04-02','2021-04-22','Expired','Lauren Ruiz','1987-12-03'),(461,'2023-10-10','2021-04-04','Active','Taylor Lucero','1967-07-09'),(462,'2023-12-22','2023-03-14','Expired','Lisa Sloan','1955-09-14'),(463,'2020-05-12','2021-08-28','Expired','Nichole Klein','1956-02-14'),(464,'2024-04-20','2023-07-07','Active','Steven Johnson','1990-08-21'),(465,'2020-09-11','2021-04-09','Active','William Spencer','1992-02-06'),(466,'2021-01-21','2023-11-21','Active','Kevin Butler','1994-07-09'),(467,'2022-05-26','2020-07-18','Active','Lauren Reed','2004-01-30'),(468,'2023-12-02','2020-09-02','Active','Ronald Newton','1995-02-10'),(469,'2023-12-30','2021-07-17','Active','Connie Bailey','1954-12-16'),(470,'2021-01-01','2022-04-02','Active','Joseph Hamilton','1993-07-21'),(471,'2024-03-29','2021-01-16','Active','Kayla Nelson','1975-12-14'),(472,'2020-09-02','2024-11-09','Expired','Jennifer Blanchard','1997-01-23'),(473,'2023-05-25','2024-10-17','Active','Melanie Blake','1999-05-28'),(474,'2022-02-15','2021-11-14','Expired','Ashley Smith','1963-01-01'),(475,'2023-10-02','2021-09-24','Active','Christopher May','1960-11-27'),(476,'2021-03-25','2020-01-18','Expired','Eric Gutierrez','1981-10-20'),(477,'2022-07-16','2021-07-24','Expired','Amanda Myers','1969-07-19'),(478,'2022-08-10','2024-01-16','Active','James Blake','1958-02-23'),(479,'2022-11-20','2023-02-19','Active','James Flores','1976-05-04'),(480,'2022-05-30','2020-01-22','Expired','Dawn Gentry','1983-04-03'),(481,'2024-03-27','2021-07-20','Expired','Jacob White','1973-09-25'),(482,'2022-11-10','2022-05-24','Expired','Brooke Campbell','1987-04-29'),(483,'2022-02-19','2023-06-21','Expired','Taylor Le','1994-01-24'),(484,'2023-11-01','2022-01-25','Expired','James Jenkins','2002-04-09'),(485,'2022-10-13','2021-06-24','Expired','Jeffrey Miller','1980-08-07'),(486,'2024-09-08','2024-08-20','Expired','Stephanie Powell','1995-11-22'),(487,'2022-09-04','2022-03-29','Active','Jennifer Nguyen','1987-08-21'),(488,'2020-10-20','2021-08-29','Expired','Jeremy Chambers','1973-08-30'),(489,'2022-09-24','2020-11-07','Active','Cathy Best','1984-12-14'),(490,'2024-06-11','2020-05-01','Expired','Christopher Sweeney','1956-12-18'),(491,'2021-09-01','2020-08-04','Expired','Erin Oneill','1986-01-09'),(492,'2022-11-25','2023-04-23','Active','David Sanchez','1953-12-09'),(493,'2020-05-18','2024-08-20','Expired','Scott Jordan','1964-07-14'),(494,'2020-03-03','2020-10-20','Active','Cindy Miller','1980-04-15'),(495,'2022-10-26','2022-06-14','Expired','Johnny Mooney','1968-04-04'),(496,'2023-01-23','2023-10-02','Active','Jacob Williams','1997-04-30'),(497,'2023-04-17','2023-10-03','Active','Dennis Adams','1959-04-11'),(498,'2023-09-10','2020-03-10','Active','Jason Crawford','1976-09-30'),(499,'2023-02-12','2022-05-18','Expired','Melissa Simmons','1964-06-06'),(500,'2022-02-08','2023-06-22','Expired','Christopher Johnson','1978-04-04');
/*!40000 ALTER TABLE `warrant` ENABLE KEYS */;
UNLOCK TABLES;
/*!40103 SET TIME_ZONE=@OLD_TIME_ZONE */;

/*!40101 SET SQL_MODE=@OLD_SQL_MODE */;
/*!40014 SET FOREIGN_KEY_CHECKS=@OLD_FOREIGN_KEY_CHECKS */;
/*!40014 SET UNIQUE_CHECKS=@OLD_UNIQUE_CHECKS */;
/*!40101 SET CHARACTER_SET_CLIENT=@OLD_CHARACTER_SET_CLIENT */;
/*!40101 SET CHARACTER_SET_RESULTS=@OLD_CHARACTER_SET_RESULTS */;
/*!40101 SET COLLATION_CONNECTION=@OLD_COLLATION_CONNECTION */;
/*!40111 SET SQL_NOTES=@OLD_SQL_NOTES */;

-- Dump completed on 2024-11-22 11:48:32
